error,message,keyword,family_office_name,title,link,articleUrl,pubDate,sourceName,guid,description,position
True,no_items_or_http_error,"""Cat Trail Capital"" family office investment",Cat Trail Capital,,,,,,,,
True,no_items_or_http_error,"""Ralph Family Office"" family office investment",Ralph Family Office,,,,,,,,
,,"""Ohana Advisors"" family office investment",Ohana Advisors,$83M and up: The 30 RIAs with biggest average account size - financial-planning.com,https://news.google.com/rss/articles/CBMinAFBVV95cUxNcElzcHoxRUFfdDNsQTFSRXJUV0RvaEJrZlItUmktT3o2YV9lWXQ3MHo3TlBIWkJHejBiUWlEWjVBNWRtTjZTUlo5Zzk2NThwQlRQRUlKUGlRUlV4TU9idlRic242aHJKMElQQzMzUElXZFppMzlpUFUtU0UzTVRyQ0lpNl9OS3ZhMjFuZGVTVlgyMnhlRnlobmtubks?oc=5,https://news.google.com/rss/articles/CBMinAFBVV95cUxNcElzcHoxRUFfdDNsQTFSRXJUV0RvaEJrZlItUmktT3o2YV9lWXQ3MHo3TlBIWkJHejBiUWlEWjVBNWRtTjZTUlo5Zzk2NThwQlRQRUlKUGlRUlV4TU9idlRic242aHJKMElQQzMzUElXZFppMzlpUFUtU0UzTVRyQ0lpNl9OS3ZhMjFuZGVTVlgyMnhlRnlobmtubks?oc=5,"Thu, 02 Jan 2025 08:00:00 GMT",financial-planning.com,CBMinAFBVV95cUxNcElzcHoxRUFfdDNsQTFSRXJUV0RvaEJrZlItUmktT3o2YV9lWXQ3MHo3TlBIWkJHejBiUWlEWjVBNWRtTjZTUlo5Zzk2NThwQlRQRUlKUGlRUlV4TU9idlRic242aHJKMElQQzMzUElXZFppMzlpUFUtU0UzTVRyQ0lpNl9OS3ZhMjFuZGVTVlgyMnhlRnlobmtubks,$83M and up: The 30 RIAs with biggest average account size financial-planning.com,1.0
,,"""Ohana Advisors"" family office investment",Ohana Advisors,RIAs With the Highest Account Values – 2024 Study - SmartAsset.com,https://news.google.com/rss/articles/CBMifEFVX3lxTE5ZbE0xTWlpNzhDM04tNEczWFFvc1R5Sk85aTh4TjdFZ3d5dU1wU3lGeFROQkNHUlZ1Z2JXelBEYU51aGQyNjJjSjh4Sm91WGhxNEZiZGxydXBCN0hhS3ZGdnlqMlROcjV2Q1JuZElYZTJMNXFySTZZR2k1VEE?oc=5,https://news.google.com/rss/articles/CBMifEFVX3lxTE5ZbE0xTWlpNzhDM04tNEczWFFvc1R5Sk85aTh4TjdFZ3d5dU1wU3lGeFROQkNHUlZ1Z2JXelBEYU51aGQyNjJjSjh4Sm91WGhxNEZiZGxydXBCN0hhS3ZGdnlqMlROcjV2Q1JuZElYZTJMNXFySTZZR2k1VEE?oc=5,"Wed, 20 Nov 2024 08:00:00 GMT",SmartAsset.com,CBMifEFVX3lxTE5ZbE0xTWlpNzhDM04tNEczWFFvc1R5Sk85aTh4TjdFZ3d5dU1wU3lGeFROQkNHUlZ1Z2JXelBEYU51aGQyNjJjSjh4Sm91WGhxNEZiZGxydXBCN0hhS3ZGdnlqMlROcjV2Q1JuZElYZTJMNXFySTZZR2k1VEE,RIAs With the Highest Account Values – 2024 Study SmartAsset.com,2.0
,,"""Ohana Advisors"" family office investment",Ohana Advisors,Canoe Intelligence: Interview With Partner & Chief Strategy Officer Mike Muniz About The Wealth Management Automation Company - Pulse 2.0,https://news.google.com/rss/articles/CBMidkFVX3lxTE9iWERHdXFmcWcyWGdBYWtxZy1GQWkxcWpTTnFfWEFTNnF6OTA5cDREY1dFb2R6WWlqQ2ZNVGpxNVVLMTdJZHJFSG1QcW4yVmd3UF9DZnk5Z1FocV9pcDZxVUZnOEdKdXlraTN1TFRZZXdTYWxKU0HSAXtBVV95cUxNeVgtXzNhMGxnU3hCRThWc3FuVTRNRTBObGdnVlhYSlRDZ08yUzV6OXlvbkNmOXdUbVNqLVdzOE1hN213X0tOOWJqekxBeUdxR1lLVWNFcEZGQnl5Zm91Z0U4aVVKemJsSTNTZjc3WjZyWk0xbVBBU2tna0U?oc=5,https://news.google.com/rss/articles/CBMidkFVX3lxTE9iWERHdXFmcWcyWGdBYWtxZy1GQWkxcWpTTnFfWEFTNnF6OTA5cDREY1dFb2R6WWlqQ2ZNVGpxNVVLMTdJZHJFSG1QcW4yVmd3UF9DZnk5Z1FocV9pcDZxVUZnOEdKdXlraTN1TFRZZXdTYWxKU0HSAXtBVV95cUxNeVgtXzNhMGxnU3hCRThWc3FuVTRNRTBObGdnVlhYSlRDZ08yUzV6OXlvbkNmOXdUbVNqLVdzOE1hN213X0tOOWJqekxBeUdxR1lLVWNFcEZGQnl5Zm91Z0U4aVVKemJsSTNTZjc3WjZyWk0xbVBBU2tna0U?oc=5,"Tue, 24 Feb 2026 08:00:00 GMT",Pulse 2.0,CBMidkFVX3lxTE9iWERHdXFmcWcyWGdBYWtxZy1GQWkxcWpTTnFfWEFTNnF6OTA5cDREY1dFb2R6WWlqQ2ZNVGpxNVVLMTdJZHJFSG1QcW4yVmd3UF9DZnk5Z1FocV9pcDZxVUZnOEdKdXlraTN1TFRZZXdTYWxKU0HSAXtBVV95cUxNeVgtXzNhMGxnU3hCRThWc3FuVTRNRTBObGdnVlhYSlRDZ08yUzV6OXlvbkNmOXdUbVNqLVdzOE1hN213X0tOOWJqekxBeUdxR1lLVWNFcEZGQnl5Zm91Z0U4aVVKemJsSTNTZjc3WjZyWk0xbVBBU2tna0U,Canoe Intelligence: Interview With Partner & Chief Strategy Officer Mike Muniz About The Wealth Management Automation Company Pulse 2.0,3.0
,,"""Ohana Advisors"" family office investment",Ohana Advisors,Canoe Intelligence Launches Data Offering - Wealth Briefing,https://news.google.com/rss/articles/CBMikwFBVV95cUxOcGJuRnVQQlRUaVJjOEY4S3BTcm96NHlXR3BSODdpd0dNR0ZobTNwLURuYXJYaXBJeWd4NmJlMzJTb1VuZFJ3Vjk4MXpPaVNzcWtrcHZKdHpmRlBoRzNiV3RFMkZGeU9USGNhWHNoQ1NCOXBZV1NCOC1kYlJ5b2lPN2FNM2swR3otUDUzTmNVRDlOWGM?oc=5,https://news.google.com/rss/articles/CBMikwFBVV95cUxOcGJuRnVQQlRUaVJjOEY4S3BTcm96NHlXR3BSODdpd0dNR0ZobTNwLURuYXJYaXBJeWd4NmJlMzJTb1VuZFJ3Vjk4MXpPaVNzcWtrcHZKdHpmRlBoRzNiV3RFMkZGeU9USGNhWHNoQ1NCOXBZV1NCOC1kYlJ5b2lPN2FNM2swR3otUDUzTmNVRDlOWGM?oc=5,"Wed, 13 Mar 2024 07:00:00 GMT",Wealth Briefing,CBMikwFBVV95cUxOcGJuRnVQQlRUaVJjOEY4S3BTcm96NHlXR3BSODdpd0dNR0ZobTNwLURuYXJYaXBJeWd4NmJlMzJTb1VuZFJ3Vjk4MXpPaVNzcWtrcHZKdHpmRlBoRzNiV3RFMkZGeU9USGNhWHNoQ1NCOXBZV1NCOC1kYlJ5b2lPN2FNM2swR3otUDUzTmNVRDlOWGM,Canoe Intelligence Launches Data Offering Wealth Briefing,4.0
True,no_items_or_http_error,"""Longwall Family Office"" family office investment",Longwall Family Office,,,,,,,,
,,"""SJS Investment Services"" family office investment",SJS Investment Services,89. Evergreen Capital Management - CNBC,https://news.google.com/rss/articles/CBMikAFBVV95cUxQSmh6SkZ2TFpUalNwMGFpVEllVGRlRERsWVg0ZHVqaVBNdHNEOHdEWFctcExIQk0wNWg1b0dEQUg3QndsMG04QXhRMmdvWTBmM3dydXR5NTI3UGFPWTJUVTJWT3NaT0NHYjEzQWF1bThhZ18xQnlJM0I1VUlNc0dVczYyM0pXaHJFbXpFMWcybTjSAZYBQVVfeXFMT2U5OENsMjM2MGZDa09lM3dKXzhzamVMZlMtSDNIWlRpODRXUHZZU2tiOGJOUUc2YXY5THRiM0E5WGZ0bWJDSHNUQWVqbVlWd1FaWkhqYUZ1ZUpmRUJaUFdTc2cyWUNLVXEyczNuSTdVUkhZV1BLN0hzN0dZdXZuV01lUVpYOHdhX1JHcFlGVFJWYTVtckxn?oc=5,https://news.google.com/rss/articles/CBMikAFBVV95cUxQSmh6SkZ2TFpUalNwMGFpVEllVGRlRERsWVg0ZHVqaVBNdHNEOHdEWFctcExIQk0wNWg1b0dEQUg3QndsMG04QXhRMmdvWTBmM3dydXR5NTI3UGFPWTJUVTJWT3NaT0NHYjEzQWF1bThhZ18xQnlJM0I1VUlNc0dVczYyM0pXaHJFbXpFMWcybTjSAZYBQVVfeXFMT2U5OENsMjM2MGZDa09lM3dKXzhzamVMZlMtSDNIWlRpODRXUHZZU2tiOGJOUUc2YXY5THRiM0E5WGZ0bWJDSHNUQWVqbVlWd1FaWkhqYUZ1ZUpmRUJaUFdTc2cyWUNLVXEyczNuSTdVUkhZV1BLN0hzN0dZdXZuV01lUVpYOHdhX1JHcFlGVFJWYTVtckxn?oc=5,"Wed, 01 Oct 2025 07:00:00 GMT",CNBC,CBMikAFBVV95cUxQSmh6SkZ2TFpUalNwMGFpVEllVGRlRERsWVg0ZHVqaVBNdHNEOHdEWFctcExIQk0wNWg1b0dEQUg3QndsMG04QXhRMmdvWTBmM3dydXR5NTI3UGFPWTJUVTJWT3NaT0NHYjEzQWF1bThhZ18xQnlJM0I1VUlNc0dVczYyM0pXaHJFbXpFMWcybTjSAZYBQVVfeXFMT2U5OENsMjM2MGZDa09lM3dKXzhzamVMZlMtSDNIWlRpODRXUHZZU2tiOGJOUUc2YXY5THRiM0E5WGZ0bWJDSHNUQWVqbVlWd1FaWkhqYUZ1ZUpmRUJaUFdTc2cyWUNLVXEyczNuSTdVUkhZV1BLN0hzN0dZdXZuV01lUVpYOHdhX1JHcFlGVFJWYTVtckxn,89. Evergreen Capital Management CNBC,1.0
,,"""SJS Investment Services"" family office investment",SJS Investment Services,"CNBC's Financial Advisor 100: Best financial advisors, top firms for 2025 ranked - CNBC",https://news.google.com/rss/articles/CBMibEFVX3lxTFByMUxCQ1VtMjl2cWg3RU9MU1ZTdGM3TFV2RWhvZWVxekxaTURxNnVfbVYtMk53ZlFpWjJQN040b3RTTFlNRjlMQko4RGUtWFRZZVJiVzFoM2RQelZlSEFGeWttSjhEcThNZzlOQdIBckFVX3lxTFBzYjg2TjZDNFhPbTJZaEpqSkdlRG5VTkY0cVhXVUFqaDhBc2hOdE1CTnZlUUhaejZQU0lUYUx5TGdHbFFpN3dHTnVyM2FhVFczTUhpTmpHOUZsVWZkRFVfaUpRS2stUmVaTlBNU01jekFJQQ?oc=5,https://news.google.com/rss/articles/CBMibEFVX3lxTFByMUxCQ1VtMjl2cWg3RU9MU1ZTdGM3TFV2RWhvZWVxekxaTURxNnVfbVYtMk53ZlFpWjJQN040b3RTTFlNRjlMQko4RGUtWFRZZVJiVzFoM2RQelZlSEFGeWttSjhEcThNZzlOQdIBckFVX3lxTFBzYjg2TjZDNFhPbTJZaEpqSkdlRG5VTkY0cVhXVUFqaDhBc2hOdE1CTnZlUUhaejZQU0lUYUx5TGdHbFFpN3dHTnVyM2FhVFczTUhpTmpHOUZsVWZkRFVfaUpRS2stUmVaTlBNU01jekFJQQ?oc=5,"Wed, 01 Oct 2025 07:00:00 GMT",CNBC,CBMibEFVX3lxTFByMUxCQ1VtMjl2cWg3RU9MU1ZTdGM3TFV2RWhvZWVxekxaTURxNnVfbVYtMk53ZlFpWjJQN040b3RTTFlNRjlMQko4RGUtWFRZZVJiVzFoM2RQelZlSEFGeWttSjhEcThNZzlOQdIBckFVX3lxTFBzYjg2TjZDNFhPbTJZaEpqSkdlRG5VTkY0cVhXVUFqaDhBc2hOdE1CTnZlUUhaejZQU0lUYUx5TGdHbFFpN3dHTnVyM2FhVFczTUhpTmpHOUZsVWZkRFVfaUpRS2stUmVaTlBNU01jekFJQQ,"CNBC's Financial Advisor 100: Best financial advisors, top firms for 2025 ranked CNBC",2.0
,,"""SJS Investment Services"" family office investment",SJS Investment Services,"62. Frank, Rimerman & Co. - CNBC",https://news.google.com/rss/articles/CBMibkFVX3lxTFBrbXpGVVFseHJ1MzhIakxTWlEzNmR6ZTg0NC0xWk01MlF6T2JOTnNlTHAwZGxCdVc2NnpOZWJnd05mOGtqTWtYUU5aaVRPSkhDZVQwRFI4QmNYVUtDSG04X2R0cl9rXy1sQ0ZhS0N30gFzQVVfeXFMUDRKQy00OHJsWFJ1djVRZUN0OHhSOWhFSGd0bS02bEtwaU4wamtkR2ZnZ0I4THI0SGUwOU42RzRnVEppM3ZBcWc4aDkwOGI1bElhT3VaUTVOdGl6UGZmT0pUODl3ZXFVamJoVVVOT3d3YWlBdw?oc=5,https://news.google.com/rss/articles/CBMibkFVX3lxTFBrbXpGVVFseHJ1MzhIakxTWlEzNmR6ZTg0NC0xWk01MlF6T2JOTnNlTHAwZGxCdVc2NnpOZWJnd05mOGtqTWtYUU5aaVRPSkhDZVQwRFI4QmNYVUtDSG04X2R0cl9rXy1sQ0ZhS0N30gFzQVVfeXFMUDRKQy00OHJsWFJ1djVRZUN0OHhSOWhFSGd0bS02bEtwaU4wamtkR2ZnZ0I4THI0SGUwOU42RzRnVEppM3ZBcWc4aDkwOGI1bElhT3VaUTVOdGl6UGZmT0pUODl3ZXFVamJoVVVOT3d3YWlBdw?oc=5,"Tue, 12 Sep 2023 07:00:00 GMT",CNBC,CBMibkFVX3lxTFBrbXpGVVFseHJ1MzhIakxTWlEzNmR6ZTg0NC0xWk01MlF6T2JOTnNlTHAwZGxCdVc2NnpOZWJnd05mOGtqTWtYUU5aaVRPSkhDZVQwRFI4QmNYVUtDSG04X2R0cl9rXy1sQ0ZhS0N30gFzQVVfeXFMUDRKQy00OHJsWFJ1djVRZUN0OHhSOWhFSGd0bS02bEtwaU4wamtkR2ZnZ0I4THI0SGUwOU42RzRnVEppM3ZBcWc4aDkwOGI1bElhT3VaUTVOdGl6UGZmT0pUODl3ZXFVamJoVVVOT3d3YWlBdw,"62. Frank, Rimerman & Co. CNBC",3.0
,,"""CM Wealth"" family office investment",CM Wealth,Firm veteran promoted to CEO at CM Wealth Advisors - Crain's Cleveland Business,https://news.google.com/rss/articles/CBMigAFBVV95cUxQM3AxUmVtSkJZYVV0MnVnTXVKY2QzN3laVzZpWTVoR0VQNHN2eUVvZGtMZmRxaHA5Q2pKbERKQTBoWmRTdFZSNFJ3NGREMTViNzdEb0p0Y2MwTzFsRlF3ZFp0dTZMdTlYUVVNLVpWLXdPUUZkRUxRLXV1M00tN1VfUQ?oc=5,https://news.google.com/rss/articles/CBMigAFBVV95cUxQM3AxUmVtSkJZYVV0MnVnTXVKY2QzN3laVzZpWTVoR0VQNHN2eUVvZGtMZmRxaHA5Q2pKbERKQTBoWmRTdFZSNFJ3NGREMTViNzdEb0p0Y2MwTzFsRlF3ZFp0dTZMdTlYUVVNLVpWLXdPUUZkRUxRLXV1M00tN1VfUQ?oc=5,"Wed, 08 Apr 2026 07:00:00 GMT",Crain's Cleveland Business,CBMigAFBVV95cUxQM3AxUmVtSkJZYVV0MnVnTXVKY2QzN3laVzZpWTVoR0VQNHN2eUVvZGtMZmRxaHA5Q2pKbERKQTBoWmRTdFZSNFJ3NGREMTViNzdEb0p0Y2MwTzFsRlF3ZFp0dTZMdTlYUVVNLVpWLXdPUUZkRUxRLXV1M00tN1VfUQ,Firm veteran promoted to CEO at CM Wealth Advisors Crain's Cleveland Business,1.0
,,"""CM Wealth"" family office investment",CM Wealth,CM Wealth Announces Paul Bodnar as CEO and Managing Member - Business Wire,https://news.google.com/rss/articles/CBMitgFBVV95cUxQN2tvaVpRYVZFbm5nRlBXRHI0V2hXbVFaSnFtQVFpLWdWVG9PRFNvRTJkWmJFZ1JkZmVMaHNVejJXcHZSVjFxVVl6Z0lZZGkxSG5RZ21hdFV0NjgyVUtEQXRlRFhxaGlCY2JRYXFXSk5KS3NydU1hUmlQbU5VdW9aSkF0VWVNQlppTVp2N0FIeG92V0JrdjNWbDdVbnRWZjJfeVlXOE9jVDFwelA0b1JQbVhkU28yUQ?oc=5,https://news.google.com/rss/articles/CBMitgFBVV95cUxQN2tvaVpRYVZFbm5nRlBXRHI0V2hXbVFaSnFtQVFpLWdWVG9PRFNvRTJkWmJFZ1JkZmVMaHNVejJXcHZSVjFxVVl6Z0lZZGkxSG5RZ21hdFV0NjgyVUtEQXRlRFhxaGlCY2JRYXFXSk5KS3NydU1hUmlQbU5VdW9aSkF0VWVNQlppTVp2N0FIeG92V0JrdjNWbDdVbnRWZjJfeVlXOE9jVDFwelA0b1JQbVhkU28yUQ?oc=5,"Wed, 08 Apr 2026 07:00:00 GMT",Business Wire,CBMitgFBVV95cUxQN2tvaVpRYVZFbm5nRlBXRHI0V2hXbVFaSnFtQVFpLWdWVG9PRFNvRTJkWmJFZ1JkZmVMaHNVejJXcHZSVjFxVVl6Z0lZZGkxSG5RZ21hdFV0NjgyVUtEQXRlRFhxaGlCY2JRYXFXSk5KS3NydU1hUmlQbU5VdW9aSkF0VWVNQlppTVp2N0FIeG92V0JrdjNWbDdVbnRWZjJfeVlXOE9jVDFwelA0b1JQbVhkU28yUQ,CM Wealth Announces Paul Bodnar as CEO and Managing Member Business Wire,2.0
,,"""CM Wealth"" family office investment",CM Wealth,CM Wealth names Paul Bodnar CEO - Markets Group,https://news.google.com/rss/articles/CBMic0FVX3lxTE04VmlUZWFXTGlpUHM0VVNJYTFOZWVKSklFVlZpRUptU183NjVSQWVRS3RzYmlYdnZtcXJlYzJnT3BLNXV2VFZ1V1l3cHBKM3Z5bVpONm13RHdVSC1sVFJIdWZjUVBSVFA5dWhqZmhDR2JEQ28?oc=5,https://news.google.com/rss/articles/CBMic0FVX3lxTE04VmlUZWFXTGlpUHM0VVNJYTFOZWVKSklFVlZpRUptU183NjVSQWVRS3RzYmlYdnZtcXJlYzJnT3BLNXV2VFZ1V1l3cHBKM3Z5bVpONm13RHdVSC1sVFJIdWZjUVBSVFA5dWhqZmhDR2JEQ28?oc=5,"Mon, 06 Apr 2026 07:00:00 GMT",Markets Group,CBMic0FVX3lxTE04VmlUZWFXTGlpUHM0VVNJYTFOZWVKSklFVlZpRUptU183NjVSQWVRS3RzYmlYdnZtcXJlYzJnT3BLNXV2VFZ1V1l3cHBKM3Z5bVpONm13RHdVSC1sVFJIdWZjUVBSVFA5dWhqZmhDR2JEQ28,CM Wealth names Paul Bodnar CEO Markets Group,3.0
,,"""CM Wealth"" family office investment",CM Wealth,"CM Wealth, Perigon announce C-suite additions - InvestmentNews",https://news.google.com/rss/articles/CBMilgFBVV95cUxPMDcxSmtEODNURFk5ajExemQ2Q0hpLV9CNE1tZWtsNmxfYl9uUHBWRnRIRk9VUEdVclRmcW1aV09CSzlJSE52QWpiM3M1SEdwWlZjY29DX2lkYlZZTVd1VGZEdDM5dWUwcXhqN3Z6aERGemtZX0JjSWdHdzIxM05sM3V2SU4wajhlTTkwa24zUHdOOUFDcnc?oc=5,https://news.google.com/rss/articles/CBMilgFBVV95cUxPMDcxSmtEODNURFk5ajExemQ2Q0hpLV9CNE1tZWtsNmxfYl9uUHBWRnRIRk9VUEdVclRmcW1aV09CSzlJSE52QWpiM3M1SEdwWlZjY29DX2lkYlZZTVd1VGZEdDM5dWUwcXhqN3Z6aERGemtZX0JjSWdHdzIxM05sM3V2SU4wajhlTTkwa24zUHdOOUFDcnc?oc=5,"Wed, 08 Apr 2026 07:00:00 GMT",InvestmentNews,CBMilgFBVV95cUxPMDcxSmtEODNURFk5ajExemQ2Q0hpLV9CNE1tZWtsNmxfYl9uUHBWRnRIRk9VUEdVclRmcW1aV09CSzlJSE52QWpiM3M1SEdwWlZjY29DX2lkYlZZTVd1VGZEdDM5dWUwcXhqN3Z6aERGemtZX0JjSWdHdzIxM05sM3V2SU4wajhlTTkwa24zUHdOOUFDcnc,"CM Wealth, Perigon announce C-suite additions InvestmentNews",4.0
,,"""CM Wealth"" family office investment",CM Wealth,CM Wealth Appoints Paul Bodnar As CEO And Managing Member To Lead Next Phase Of Growth - Pulse 2.0,https://news.google.com/rss/articles/CBMiqgFBVV95cUxPQVRCR0d1dVRXNmVUVlVJUk44aHpyc3ppV0NnVURhb25FMGVHa0hmRFZfcEsxaTNodlVhSkx1c3R4UUdXTlB0akR2eWxwRHg0N2NYYlo1dmVLaEtaTkRPbGNKdFpiNE1GTG9EOUs1a2xpYU1mUTBMckxMUkNzWm40aTMwMm9wVEpRVndGYWJMX0tGSlVPUDc0bjJ2Nng2eGl2eWVlQV9TOUxJUdIBrwFBVV95cUxQX29tWHNLLUJrbmlKel9JUnhYejd4M2l4eUR1ZDNRTGlDdmtVVF9tMThnVVFNUW81NXBtaGxWMDl3OFh0M2h3LWZyUloyQTZFcGR2a0dHdEtuc1lKVm1aZjVYajVFSVNITFlWeVhFNmZrRE1wZE8yS0RBODU1SXVsb1hMNzZhV3ZRcldiZFJrZmJRSDgxNUZ4cDZvb0VvQkVxMXpsclVIZTJKTmlBWnNZ?oc=5,https://news.google.com/rss/articles/CBMiqgFBVV95cUxPQVRCR0d1dVRXNmVUVlVJUk44aHpyc3ppV0NnVURhb25FMGVHa0hmRFZfcEsxaTNodlVhSkx1c3R4UUdXTlB0akR2eWxwRHg0N2NYYlo1dmVLaEtaTkRPbGNKdFpiNE1GTG9EOUs1a2xpYU1mUTBMckxMUkNzWm40aTMwMm9wVEpRVndGYWJMX0tGSlVPUDc0bjJ2Nng2eGl2eWVlQV9TOUxJUdIBrwFBVV95cUxQX29tWHNLLUJrbmlKel9JUnhYejd4M2l4eUR1ZDNRTGlDdmtVVF9tMThnVVFNUW81NXBtaGxWMDl3OFh0M2h3LWZyUloyQTZFcGR2a0dHdEtuc1lKVm1aZjVYajVFSVNITFlWeVhFNmZrRE1wZE8yS0RBODU1SXVsb1hMNzZhV3ZRcldiZFJrZmJRSDgxNUZ4cDZvb0VvQkVxMXpsclVIZTJKTmlBWnNZ?oc=5,"Sun, 12 Apr 2026 07:00:00 GMT",Pulse 2.0,CBMiqgFBVV95cUxPQVRCR0d1dVRXNmVUVlVJUk44aHpyc3ppV0NnVURhb25FMGVHa0hmRFZfcEsxaTNodlVhSkx1c3R4UUdXTlB0akR2eWxwRHg0N2NYYlo1dmVLaEtaTkRPbGNKdFpiNE1GTG9EOUs1a2xpYU1mUTBMckxMUkNzWm40aTMwMm9wVEpRVndGYWJMX0tGSlVPUDc0bjJ2Nng2eGl2eWVlQV9TOUxJUdIBrwFBVV95cUxQX29tWHNLLUJrbmlKel9JUnhYejd4M2l4eUR1ZDNRTGlDdmtVVF9tMThnVVFNUW81NXBtaGxWMDl3OFh0M2h3LWZyUloyQTZFcGR2a0dHdEtuc1lKVm1aZjVYajVFSVNITFlWeVhFNmZrRE1wZE8yS0RBODU1SXVsb1hMNzZhV3ZRcldiZFJrZmJRSDgxNUZ4cDZvb0VvQkVxMXpsclVIZTJKTmlBWnNZ,CM Wealth Appoints Paul Bodnar As CEO And Managing Member To Lead Next Phase Of Growth Pulse 2.0,5.0
,,"""JFG Family Office"" family office investment",JFG Family Office,Denver’s JFG Family Office brings holistic wealth and philanthropy services to Dallas - The Business Journals,https://news.google.com/rss/articles/CBMiogFBVV95cUxORW02WHh2Q3NSd0RoUjhTSW5VMXExZGJVeG1IdTdxWldLUjhyQmZETEhpUExObmN3V0lLMXpmSkE5YmVJNVZRZ0RSems0MkJGYnRyTURQd3RCMnpRNmlrNHNod1cwclVPM1NlNHl1Z2ZSLUlJQTB2bGppMGplbEhVZTlGemdEcjRUc2F1ZzBJUmhpOTdzT0ZSWFVjOGxZS1JJcHc?oc=5,https://news.google.com/rss/articles/CBMiogFBVV95cUxORW02WHh2Q3NSd0RoUjhTSW5VMXExZGJVeG1IdTdxWldLUjhyQmZETEhpUExObmN3V0lLMXpmSkE5YmVJNVZRZ0RSems0MkJGYnRyTURQd3RCMnpRNmlrNHNod1cwclVPM1NlNHl1Z2ZSLUlJQTB2bGppMGplbEhVZTlGemdEcjRUc2F1ZzBJUmhpOTdzT0ZSWFVjOGxZS1JJcHc?oc=5,"Wed, 17 Dec 2025 08:00:00 GMT",The Business Journals,CBMiogFBVV95cUxORW02WHh2Q3NSd0RoUjhTSW5VMXExZGJVeG1IdTdxWldLUjhyQmZETEhpUExObmN3V0lLMXpmSkE5YmVJNVZRZ0RSems0MkJGYnRyTURQd3RCMnpRNmlrNHNod1cwclVPM1NlNHl1Z2ZSLUlJQTB2bGppMGplbEhVZTlGemdEcjRUc2F1ZzBJUmhpOTdzT0ZSWFVjOGxZS1JJcHc,Denver’s JFG Family Office brings holistic wealth and philanthropy services to Dallas The Business Journals,1.0
,,"""JFG Family Office"" family office investment",JFG Family Office,Top 10 Financial Advisors in Colorado - SmartAsset.com,https://news.google.com/rss/articles/CBMifEFVX3lxTFB4M19oOHk5WWNaNlVpN19mMXk5YlFYUWJSRXppSWhIU1M4ek92dmR5QVpCVXJsWWNHMEdqSzl0aE1DZVFFNS0yUEpFSzFGZjZoeXd2TmQwU0YzazlWOWZEV3N2ZnFCeVdHRnNOdkZCRWQ2U1VLRjg2eUFIbzQ?oc=5,https://news.google.com/rss/articles/CBMifEFVX3lxTFB4M19oOHk5WWNaNlVpN19mMXk5YlFYUWJSRXppSWhIU1M4ek92dmR5QVpCVXJsWWNHMEdqSzl0aE1DZVFFNS0yUEpFSzFGZjZoeXd2TmQwU0YzazlWOWZEV3N2ZnFCeVdHRnNOdkZCRWQ2U1VLRjg2eUFIbzQ?oc=5,"Fri, 08 Aug 2025 07:00:00 GMT",SmartAsset.com,CBMifEFVX3lxTFB4M19oOHk5WWNaNlVpN19mMXk5YlFYUWJSRXppSWhIU1M4ek92dmR5QVpCVXJsWWNHMEdqSzl0aE1DZVFFNS0yUEpFSzFGZjZoeXd2TmQwU0YzazlWOWZEV3N2ZnFCeVdHRnNOdkZCRWQ2U1VLRjg2eUFIbzQ,Top 10 Financial Advisors in Colorado SmartAsset.com,2.0
,,"""Lennertz & Co."" family office investment",Lennertz & Co.,Exclusive: Family office Lennertz raising $165 million for blockchain-focused fund of funds - Fortune,https://news.google.com/rss/articles/CBMipAFBVV95cUxOWmdyWXItM2FFZ2hzUGZyZUlBWm0zbjRmaExJQzNTWk9KZlQtTWZ4TENCWUNtSzNYTVNlNGdEOExXa0Q0N1lnZkF2WC1rdVRPaG5kNU85OWVtMnBTdk50QjZrVXJHWG56R2RtejhCOEYycnRkVGtQal9pWFdzOW1FbVlmS2JtUy1uQlVBdjNwLUVhX1pFeTFUdmpkS3cxRktkUGR6Tg?oc=5,https://news.google.com/rss/articles/CBMipAFBVV95cUxOWmdyWXItM2FFZ2hzUGZyZUlBWm0zbjRmaExJQzNTWk9KZlQtTWZ4TENCWUNtSzNYTVNlNGdEOExXa0Q0N1lnZkF2WC1rdVRPaG5kNU85OWVtMnBTdk50QjZrVXJHWG56R2RtejhCOEYycnRkVGtQal9pWFdzOW1FbVlmS2JtUy1uQlVBdjNwLUVhX1pFeTFUdmpkS3cxRktkUGR6Tg?oc=5,"Thu, 10 Oct 2024 07:00:00 GMT",Fortune,CBMipAFBVV95cUxOWmdyWXItM2FFZ2hzUGZyZUlBWm0zbjRmaExJQzNTWk9KZlQtTWZ4TENCWUNtSzNYTVNlNGdEOExXa0Q0N1lnZkF2WC1rdVRPaG5kNU85OWVtMnBTdk50QjZrVXJHWG56R2RtejhCOEYycnRkVGtQal9pWFdzOW1FbVlmS2JtUy1uQlVBdjNwLUVhX1pFeTFUdmpkS3cxRktkUGR6Tg,Exclusive: Family office Lennertz raising $165 million for blockchain-focused fund of funds Fortune,1.0
,,"""Lennertz & Co."" family office investment",Lennertz & Co.,Lennertz & Co unveils its third blockchain fund of funds - Private Banker International,https://news.google.com/rss/articles/CBMipgFBVV95cUxONF9wWTJoTTFKTGFtcDliRXhVZnFsZlFqUUc3NHgySDI4YU91YXBfTWRMUGxvNWlaNVpnRldCMktyOHlWTUl5NFBVY0x0NmZ5dUp5WkluZnBWVEE5cHB1ZER1OUVITUo2VDVEeUtIYklEcFlsbW1iZEVocC1oOW5fNk5faVZwdkFRLUtJNVJkcG0xNlZYMzRvQkJWSFJhR01RVHh4amFB?oc=5,https://news.google.com/rss/articles/CBMipgFBVV95cUxONF9wWTJoTTFKTGFtcDliRXhVZnFsZlFqUUc3NHgySDI4YU91YXBfTWRMUGxvNWlaNVpnRldCMktyOHlWTUl5NFBVY0x0NmZ5dUp5WkluZnBWVEE5cHB1ZER1OUVITUo2VDVEeUtIYklEcFlsbW1iZEVocC1oOW5fNk5faVZwdkFRLUtJNVJkcG0xNlZYMzRvQkJWSFJhR01RVHh4amFB?oc=5,"Thu, 10 Oct 2024 07:00:00 GMT",Private Banker International,CBMipgFBVV95cUxONF9wWTJoTTFKTGFtcDliRXhVZnFsZlFqUUc3NHgySDI4YU91YXBfTWRMUGxvNWlaNVpnRldCMktyOHlWTUl5NFBVY0x0NmZ5dUp5WkluZnBWVEE5cHB1ZER1OUVITUo2VDVEeUtIYklEcFlsbW1iZEVocC1oOW5fNk5faVZwdkFRLUtJNVJkcG0xNlZYMzRvQkJWSFJhR01RVHh4amFB,Lennertz & Co unveils its third blockchain fund of funds Private Banker International,2.0
,,"""Lennertz & Co."" family office investment",Lennertz & Co.,German Family Office Lennertz Raises Third European Private-Equity Fund-of-Funds - WSJ,https://news.google.com/rss/articles/CBMivgFBVV95cUxPUkE5Y0VURldBRVpQalJRWTVSQkt0Snk4eWZSMG0wZE82NVRsYXJzcFhxdGxpQ2pDSDNrWTJOOFFPVHBHWkJ2NU5jaVpPbHF2WXVMTzlEcDFjR09kRkFwM19FOTB2THhvaDdtTktYTmswbGhtTUhNS1d4RFYxM3NqUEVYSk04ZlNUcDFmVjRreG9BOEFOWXZsMUp2Z3UtUW5TT2pJd2ppZ1Foa296WWY3NURXYWpqVVdLYmVYaTN3?oc=5,https://news.google.com/rss/articles/CBMivgFBVV95cUxPUkE5Y0VURldBRVpQalJRWTVSQkt0Snk4eWZSMG0wZE82NVRsYXJzcFhxdGxpQ2pDSDNrWTJOOFFPVHBHWkJ2NU5jaVpPbHF2WXVMTzlEcDFjR09kRkFwM19FOTB2THhvaDdtTktYTmswbGhtTUhNS1d4RFYxM3NqUEVYSk04ZlNUcDFmVjRreG9BOEFOWXZsMUp2Z3UtUW5TT2pJd2ppZ1Foa296WWY3NURXYWpqVVdLYmVYaTN3?oc=5,"Fri, 11 Nov 2022 08:00:00 GMT",WSJ,CBMivgFBVV95cUxPUkE5Y0VURldBRVpQalJRWTVSQkt0Snk4eWZSMG0wZE82NVRsYXJzcFhxdGxpQ2pDSDNrWTJOOFFPVHBHWkJ2NU5jaVpPbHF2WXVMTzlEcDFjR09kRkFwM19FOTB2THhvaDdtTktYTmswbGhtTUhNS1d4RFYxM3NqUEVYSk04ZlNUcDFmVjRreG9BOEFOWXZsMUp2Z3UtUW5TT2pJd2ppZ1Foa296WWY3NURXYWpqVVdLYmVYaTN3,German Family Office Lennertz Raises Third European Private-Equity Fund-of-Funds WSJ,3.0
,,"""Lennertz & Co."" family office investment",Lennertz & Co.,"What’s New In Investments, Funds? – Sumitomo Mitsui DS Asset Management, Lennertz & Co - Wealth Briefing",https://news.google.com/rss/articles/CBMi0wFBVV95cUxNWnh2WnJkSHlGYlAwLWt0T2hybmZFY3dGd0o4U1l3NUR1VmRPZjBvTkV4UWpIUjRpMG9uUHVHdmxyVTg1ZHdvQUF0YTE3ZjQ5V1ZINlZWd3VPeFUxUU9Dd2ZsYmNxN0VsLXh2b0oyenNGQWRXaWtJb2lJSkR5eHBzcWo4RUg5OUlKMWF5a2RpT1lfaFlXZHFpTWlNRkhSZGZxVXN3YWxVbG9vOGZ1NURwMEsyZnR5cHJNQTVmZUpUelhJQ2tTOTNKNHRidHk3bUZWZ0hZ?oc=5,https://news.google.com/rss/articles/CBMi0wFBVV95cUxNWnh2WnJkSHlGYlAwLWt0T2hybmZFY3dGd0o4U1l3NUR1VmRPZjBvTkV4UWpIUjRpMG9uUHVHdmxyVTg1ZHdvQUF0YTE3ZjQ5V1ZINlZWd3VPeFUxUU9Dd2ZsYmNxN0VsLXh2b0oyenNGQWRXaWtJb2lJSkR5eHBzcWo4RUg5OUlKMWF5a2RpT1lfaFlXZHFpTWlNRkhSZGZxVXN3YWxVbG9vOGZ1NURwMEsyZnR5cHJNQTVmZUpUelhJQ2tTOTNKNHRidHk3bUZWZ0hZ?oc=5,"Fri, 11 Oct 2024 07:00:00 GMT",Wealth Briefing,CBMi0wFBVV95cUxNWnh2WnJkSHlGYlAwLWt0T2hybmZFY3dGd0o4U1l3NUR1VmRPZjBvTkV4UWpIUjRpMG9uUHVHdmxyVTg1ZHdvQUF0YTE3ZjQ5V1ZINlZWd3VPeFUxUU9Dd2ZsYmNxN0VsLXh2b0oyenNGQWRXaWtJb2lJSkR5eHBzcWo4RUg5OUlKMWF5a2RpT1lfaFlXZHFpTWlNRkhSZGZxVXN3YWxVbG9vOGZ1NURwMEsyZnR5cHJNQTVmZUpUelhJQ2tTOTNKNHRidHk3bUZWZ0hZ,"What’s New In Investments, Funds? – Sumitomo Mitsui DS Asset Management, Lennertz & Co Wealth Briefing",4.0
,,"""Lennertz & Co."" family office investment",Lennertz & Co.,An Expert Sparring Partner For Wealthy Investors In Alternatives - Wealth Briefing Asia,https://news.google.com/rss/articles/CBMiYkFVX3lxTFBEYWtRa1d4emVfcEhPYmVnRndNVk9vQWkzS29aRlczc1pBc2xsVDFXdEx3ZlUxVkJMRXhleVp4aElxMnlyRTRMT3QxSndNSTViVE9UN0tWU1V0dDdGTFV6NXNR?oc=5,https://news.google.com/rss/articles/CBMiYkFVX3lxTFBEYWtRa1d4emVfcEhPYmVnRndNVk9vQWkzS29aRlczc1pBc2xsVDFXdEx3ZlUxVkJMRXhleVp4aElxMnlyRTRMT3QxSndNSTViVE9UN0tWU1V0dDdGTFV6NXNR?oc=5,"Tue, 04 Jun 2024 07:00:00 GMT",Wealth Briefing Asia,CBMiYkFVX3lxTFBEYWtRa1d4emVfcEhPYmVnRndNVk9vQWkzS29aRlczc1pBc2xsVDFXdEx3ZlUxVkJMRXhleVp4aElxMnlyRTRMT3QxSndNSTViVE9UN0tWU1V0dDdGTFV6NXNR,An Expert Sparring Partner For Wealthy Investors In Alternatives Wealth Briefing Asia,5.0
True,no_items_or_http_error,"""Venitage"" family office investment",Venitage,,,,,,,,
,,"""Boston Multi Family Office"" family office investment",Boston Multi Family Office,Boston Multi Family Office appoints new Managing Director in Jersey - channeleye.media,https://news.google.com/rss/articles/CBMimAFBVV95cUxPY3dzTEtFMUdQQVNMNHFobzJHV254emJ6Ukt0YkY3aXpQa254TGttNWFhZ3dNMFlKVHZ1U3RPRW1GLUUweUYzS2M0R0NwTGVQMzhBWGhrNV8zUXJwUXMwcmprLTdNR1VBZ0VZeHNrbW1mSkVzZlVlUENyVkEzc1Etcy10WWctZjNtdHZtenluUnhweUdqaTZtMw?oc=5,https://news.google.com/rss/articles/CBMimAFBVV95cUxPY3dzTEtFMUdQQVNMNHFobzJHV254emJ6Ukt0YkY3aXpQa254TGttNWFhZ3dNMFlKVHZ1U3RPRW1GLUUweUYzS2M0R0NwTGVQMzhBWGhrNV8zUXJwUXMwcmprLTdNR1VBZ0VZeHNrbW1mSkVzZlVlUENyVkEzc1Etcy10WWctZjNtdHZtenluUnhweUdqaTZtMw?oc=5,"Tue, 06 Jan 2026 08:00:00 GMT",channeleye.media,CBMimAFBVV95cUxPY3dzTEtFMUdQQVNMNHFobzJHV254emJ6Ukt0YkY3aXpQa254TGttNWFhZ3dNMFlKVHZ1U3RPRW1GLUUweUYzS2M0R0NwTGVQMzhBWGhrNV8zUXJwUXMwcmprLTdNR1VBZ0VZeHNrbW1mSkVzZlVlUENyVkEzc1Etcy10WWctZjNtdHZtenluUnhweUdqaTZtMw,Boston Multi Family Office appoints new Managing Director in Jersey channeleye.media,1.0
,,"""Boston Multi Family Office"" family office investment",Boston Multi Family Office,New Financing Partner At Boston Multi Family Office - Wealth Briefing,https://news.google.com/rss/articles/CBMioAFBVV95cUxQLVFKX3Vac1VzNEhmb0Z6Q0QyODlzR3lPVmRiR0Fkb2l6clFzMGpOekJrZlBqSW40VkNWYzJ0WVFJRXhTYnBUTlBZZEpqY2xPRWp2U1dtM1ZmY1ptMUp6d0NXMWxSRmVWTlBiV3c2TkY5dGRrZEgxZThPTnFxZ3JsZ3NXU3FVSmR0T003RGstRnlsNW9DMnRSSk5ZWUZWYm15?oc=5,https://news.google.com/rss/articles/CBMioAFBVV95cUxQLVFKX3Vac1VzNEhmb0Z6Q0QyODlzR3lPVmRiR0Fkb2l6clFzMGpOekJrZlBqSW40VkNWYzJ0WVFJRXhTYnBUTlBZZEpqY2xPRWp2U1dtM1ZmY1ptMUp6d0NXMWxSRmVWTlBiV3c2TkY5dGRrZEgxZThPTnFxZ3JsZ3NXU3FVSmR0T003RGstRnlsNW9DMnRSSk5ZWUZWYm15?oc=5,"Thu, 01 Sep 2022 07:00:00 GMT",Wealth Briefing,CBMioAFBVV95cUxQLVFKX3Vac1VzNEhmb0Z6Q0QyODlzR3lPVmRiR0Fkb2l6clFzMGpOekJrZlBqSW40VkNWYzJ0WVFJRXhTYnBUTlBZZEpqY2xPRWp2U1dtM1ZmY1ptMUp6d0NXMWxSRmVWTlBiV3c2TkY5dGRrZEgxZThPTnFxZ3JsZ3NXU3FVSmR0T003RGstRnlsNW9DMnRSSk5ZWUZWYm15,New Financing Partner At Boston Multi Family Office Wealth Briefing,2.0
,,"""Boston Multi Family Office"" family office investment",Boston Multi Family Office,"Boston Multi Family Office appoints Head of Compliance, Jersey - channeleye.media",https://news.google.com/rss/articles/CBMikAFBVV95cUxOcEtST2JFMTU4N256bUcxUFlEWDNQNFdoLWxZY0pjRXI0T19LS1JIRUZCcFp3V2ZLMGhnTnNjUFBwNUprTkg2aWtabDJ2UVlUZWpNNEgyaldEcS1fRVJvSUFaZW5SckE2TnR6ZldZT3Z2UFFuNVpVSzZRMVFjLUhYU0ZRUXhwMnNybTlhaFBsUFo?oc=5,https://news.google.com/rss/articles/CBMikAFBVV95cUxOcEtST2JFMTU4N256bUcxUFlEWDNQNFdoLWxZY0pjRXI0T19LS1JIRUZCcFp3V2ZLMGhnTnNjUFBwNUprTkg2aWtabDJ2UVlUZWpNNEgyaldEcS1fRVJvSUFaZW5SckE2TnR6ZldZT3Z2UFFuNVpVSzZRMVFjLUhYU0ZRUXhwMnNybTlhaFBsUFo?oc=5,"Mon, 23 Feb 2026 08:00:00 GMT",channeleye.media,CBMikAFBVV95cUxOcEtST2JFMTU4N256bUcxUFlEWDNQNFdoLWxZY0pjRXI0T19LS1JIRUZCcFp3V2ZLMGhnTnNjUFBwNUprTkg2aWtabDJ2UVlUZWpNNEgyaldEcS1fRVJvSUFaZW5SckE2TnR6ZldZT3Z2UFFuNVpVSzZRMVFjLUhYU0ZRUXhwMnNybTlhaFBsUFo,"Boston Multi Family Office appoints Head of Compliance, Jersey channeleye.media",3.0
,,"""Boston Multi Family Office"" family office investment",Boston Multi Family Office,Summary Of Executive Moves In Global Wealth Management – November 2021 - Family Wealth Report,https://news.google.com/rss/articles/CBMi0AFBVV95cUxNenp0RHdncURLT3VZek1OREhObkQwUWE4R2dxdmtSUFotbERQeU5GNGV6WU5QX2JhMFo3Y2E2ZW44UTJuTEdIZVhuRTlMZ3ZYYnF5YUhQUVVSZlNqUWZqQzNBendETWZFRU15Rk9maFhUUTRZRW1pSUtVZWZjdnJLUThRclh0bHlWcDRMNjE0OFNUZnM2ZUZSNXJHRmhMaGxUclE2QmFhMnFJMWV1bmltb2gxSktIeHRjNm1UYlVJQTBDU2RWMXNBYThLWUJUVXJO?oc=5,https://news.google.com/rss/articles/CBMi0AFBVV95cUxNenp0RHdncURLT3VZek1OREhObkQwUWE4R2dxdmtSUFotbERQeU5GNGV6WU5QX2JhMFo3Y2E2ZW44UTJuTEdIZVhuRTlMZ3ZYYnF5YUhQUVVSZlNqUWZqQzNBendETWZFRU15Rk9maFhUUTRZRW1pSUtVZWZjdnJLUThRclh0bHlWcDRMNjE0OFNUZnM2ZUZSNXJHRmhMaGxUclE2QmFhMnFJMWV1bmltb2gxSktIeHRjNm1UYlVJQTBDU2RWMXNBYThLWUJUVXJO?oc=5,"Tue, 04 Jan 2022 08:00:00 GMT",Family Wealth Report,CBMi0AFBVV95cUxNenp0RHdncURLT3VZek1OREhObkQwUWE4R2dxdmtSUFotbERQeU5GNGV6WU5QX2JhMFo3Y2E2ZW44UTJuTEdIZVhuRTlMZ3ZYYnF5YUhQUVVSZlNqUWZqQzNBendETWZFRU15Rk9maFhUUTRZRW1pSUtVZWZjdnJLUThRclh0bHlWcDRMNjE0OFNUZnM2ZUZSNXJHRmhMaGxUclE2QmFhMnFJMWV1bmltb2gxSktIeHRjNm1UYlVJQTBDU2RWMXNBYThLWUJUVXJO,Summary Of Executive Moves In Global Wealth Management – November 2021 Family Wealth Report,4.0
,,"""Boston Multi Family Office"" family office investment",Boston Multi Family Office,Boston Multi Family Office appoints new managing director - Bailiwick Express,https://news.google.com/rss/articles/CBMiogFBVV95cUxPbFNNdFZUbjl3eHNrVHNOUzJSM0paZ0Z3eU5EZDBmYjBzY1pyRjYtaDhZX1YzMnkxalhpbC1XUmJ2NUgwcDI5djF0Y3dyWW9VejNyWkNzclF6aXUyamxxTDlWb0dWSU1kRUwzamc2V1ZPWHdkR2RzalBSQWJvT2l6T2FWR2drX0pGdUtRZlR5YXNVWW1ZVy15MG4tRjdVLTRweWc?oc=5,https://news.google.com/rss/articles/CBMiogFBVV95cUxPbFNNdFZUbjl3eHNrVHNOUzJSM0paZ0Z3eU5EZDBmYjBzY1pyRjYtaDhZX1YzMnkxalhpbC1XUmJ2NUgwcDI5djF0Y3dyWW9VejNyWkNzclF6aXUyamxxTDlWb0dWSU1kRUwzamc2V1ZPWHdkR2RzalBSQWJvT2l6T2FWR2drX0pGdUtRZlR5YXNVWW1ZVy15MG4tRjdVLTRweWc?oc=5,"Tue, 03 Feb 2026 08:00:00 GMT",Bailiwick Express,CBMiogFBVV95cUxPbFNNdFZUbjl3eHNrVHNOUzJSM0paZ0Z3eU5EZDBmYjBzY1pyRjYtaDhZX1YzMnkxalhpbC1XUmJ2NUgwcDI5djF0Y3dyWW9VejNyWkNzclF6aXUyamxxTDlWb0dWSU1kRUwzamc2V1ZPWHdkR2RzalBSQWJvT2l6T2FWR2drX0pGdUtRZlR5YXNVWW1ZVy15MG4tRjdVLTRweWc,Boston Multi Family Office appoints new managing director Bailiwick Express,5.0
,,"""The O'Donnell Group"" family office investment",The O'Donnell Group,Sale of 4310 Stout Field N Drive - Colliers,https://news.google.com/rss/articles/CBMihAFBVV95cUxOT01za1VIT1hxUEFLa2dtQ3JrcWoySWtUcVgwdEFidGFtdUVTNVY3V0pjTlU3S2tGSVJqTmpucFc1Y21KTzB6N2tDbHNoZkpUdkZiS1NGQWMwallNRXI3SEZzUTFFQXYtbkRhc2d0bDAyMzQ5ZS1sLWhSUTFmT3lCQy00c0w?oc=5,https://news.google.com/rss/articles/CBMihAFBVV95cUxOT01za1VIT1hxUEFLa2dtQ3JrcWoySWtUcVgwdEFidGFtdUVTNVY3V0pjTlU3S2tGSVJqTmpucFc1Y21KTzB6N2tDbHNoZkpUdkZiS1NGQWMwallNRXI3SEZzUTFFQXYtbkRhc2d0bDAyMzQ5ZS1sLWhSUTFmT3lCQy00c0w?oc=5,"Tue, 21 Jan 2025 08:00:00 GMT",Colliers,CBMihAFBVV95cUxOT01za1VIT1hxUEFLa2dtQ3JrcWoySWtUcVgwdEFidGFtdUVTNVY3V0pjTlU3S2tGSVJqTmpucFc1Y21KTzB6N2tDbHNoZkpUdkZiS1NGQWMwallNRXI3SEZzUTFFQXYtbkRhc2d0bDAyMzQ5ZS1sLWhSUTFmT3lCQy00c0w,Sale of 4310 Stout Field N Drive Colliers,1.0
True,no_items_or_http_error,"""SSA Swiss Advisors AG"" family office investment",SSA Swiss Advisors AG,,,,,,,,
,,"""Scott Capital Partners"" family office investment",Scott Capital Partners,Verdane and Scott Capital Partners invest in Bluewater Bio and Aquavest to grow their leading water reuse solutions - Verdane,https://news.google.com/rss/articles/CBMi0gFBVV95cUxQZXA1N2xUQS05Q1NWcHJjNkc1a2dTZE8tazBXOTREaXhlTjFsakU5RTd2NFZtaXo3QjVpdTE2V3FrRTEyMFVBUndLRWEtZFBSNnB0Qk1ybGpOcmFab1c0Z0czOWZKbjR0SXZqc2Via0l1YXhrNThIWi05Tk5OYVNXU2RGeHlTMTlCOU9hMjJxdm1OdVBaM0tScGRaSnNHMXdpczBGalhUY3pEWkFkQWptNXc2OVNEaWYxd2hXaTV5TUlGMFlDWTY4QjZJYzN5ZEU0UXc?oc=5,https://news.google.com/rss/articles/CBMi0gFBVV95cUxQZXA1N2xUQS05Q1NWcHJjNkc1a2dTZE8tazBXOTREaXhlTjFsakU5RTd2NFZtaXo3QjVpdTE2V3FrRTEyMFVBUndLRWEtZFBSNnB0Qk1ybGpOcmFab1c0Z0czOWZKbjR0SXZqc2Via0l1YXhrNThIWi05Tk5OYVNXU2RGeHlTMTlCOU9hMjJxdm1OdVBaM0tScGRaSnNHMXdpczBGalhUY3pEWkFkQWptNXc2OVNEaWYxd2hXaTV5TUlGMFlDWTY4QjZJYzN5ZEU0UXc?oc=5,"Mon, 02 Feb 2026 08:00:00 GMT",Verdane,CBMi0gFBVV95cUxQZXA1N2xUQS05Q1NWcHJjNkc1a2dTZE8tazBXOTREaXhlTjFsakU5RTd2NFZtaXo3QjVpdTE2V3FrRTEyMFVBUndLRWEtZFBSNnB0Qk1ybGpOcmFab1c0Z0czOWZKbjR0SXZqc2Via0l1YXhrNThIWi05Tk5OYVNXU2RGeHlTMTlCOU9hMjJxdm1OdVBaM0tScGRaSnNHMXdpczBGalhUY3pEWkFkQWptNXc2OVNEaWYxd2hXaTV5TUlGMFlDWTY4QjZJYzN5ZEU0UXc,Verdane and Scott Capital Partners invest in Bluewater Bio and Aquavest to grow their leading water reuse solutions Verdane,1.0
,,"""Scott Capital Partners"" family office investment",Scott Capital Partners,"Verdane’s Erik Osmundsen: Tighter environmental standards, AI water needs among theses for Bluewater Bio investment; Exponent agrees Optimas carve-out - pehub.com",https://news.google.com/rss/articles/CBMi_gFBVV95cUxQVDRraFNjZGNJQ0JSbW5lQk1zejh4MTZ2QTdNb1U2Q3Q2NHRIRzM1OVNfWUZsX0REeWZhVXgzRFpYWlRubXVaYlpSeFY3ekhxMlRHdk0tNjRSWkNyc1MzVDNDWDJ2RldJT005WmZ2OGt5VHprdmhhcFg2MXZFdktjZ1pyWFd4WXdtRUliQ19ERnRLTkZqMzl3R2ZkZndYbzRiZkZ5b2gyYmdfOXYzanprMS1VcFY4WXVGQUhCbzlPZ1NZRzZRbmdrbktyWmlZcnRTVFJYRjFEdDZ0STQtRFQxdmxXcWxnRFFJalBrdC1ESC1sZFpkNzhXYVFmWFJtUQ?oc=5,https://news.google.com/rss/articles/CBMi_gFBVV95cUxQVDRraFNjZGNJQ0JSbW5lQk1zejh4MTZ2QTdNb1U2Q3Q2NHRIRzM1OVNfWUZsX0REeWZhVXgzRFpYWlRubXVaYlpSeFY3ekhxMlRHdk0tNjRSWkNyc1MzVDNDWDJ2RldJT005WmZ2OGt5VHprdmhhcFg2MXZFdktjZ1pyWFd4WXdtRUliQ19ERnRLTkZqMzl3R2ZkZndYbzRiZkZ5b2gyYmdfOXYzanprMS1VcFY4WXVGQUhCbzlPZ1NZRzZRbmdrbktyWmlZcnRTVFJYRjFEdDZ0STQtRFQxdmxXcWxnRFFJalBrdC1ESC1sZFpkNzhXYVFmWFJtUQ?oc=5,"Tue, 03 Feb 2026 08:00:00 GMT",pehub.com,CBMi_gFBVV95cUxQVDRraFNjZGNJQ0JSbW5lQk1zejh4MTZ2QTdNb1U2Q3Q2NHRIRzM1OVNfWUZsX0REeWZhVXgzRFpYWlRubXVaYlpSeFY3ekhxMlRHdk0tNjRSWkNyc1MzVDNDWDJ2RldJT005WmZ2OGt5VHprdmhhcFg2MXZFdktjZ1pyWFd4WXdtRUliQ19ERnRLTkZqMzl3R2ZkZndYbzRiZkZ5b2gyYmdfOXYzanprMS1VcFY4WXVGQUhCbzlPZ1NZRzZRbmdrbktyWmlZcnRTVFJYRjFEdDZ0STQtRFQxdmxXcWxnRFFJalBrdC1ESC1sZFpkNzhXYVFmWFJtUQ,"Verdane’s Erik Osmundsen: Tighter environmental standards, AI water needs among theses for Bluewater Bio investment; Exponent agrees Optimas carve-out pehub.com",2.0
,,"""Scott Capital Partners"" family office investment",Scott Capital Partners,Florida’s First Lady invests quietly in investment firm that mirrors governor’s old company - Florida Bulldog,https://news.google.com/rss/articles/CBMiyAFBVV95cUxNNmoyakZOVmZGTE8zX25LT3l0OU9HMlY4NTBTWURhV1JmRHo1QlE5MEtVR0pwc2lxQWFxb0xFcVlWZ3Z4dFNjNlNaaWZJSEprV1BNZnhYT2l0dHk2MTZUeFBkdWlxSnZXN2dnbFAtZXZXMnVINGtqam4zQ2ZrdnlPSDdEQng0eGFWX3pTT0hhWGhmT2Uxa19BM0U3REszMTFrdEFqWHpuZmUyWmxwcUxQRENCU1haSW5nMHNCYjN6Q2NXNlhqMkY2SA?oc=5,https://news.google.com/rss/articles/CBMiyAFBVV95cUxNNmoyakZOVmZGTE8zX25LT3l0OU9HMlY4NTBTWURhV1JmRHo1QlE5MEtVR0pwc2lxQWFxb0xFcVlWZ3Z4dFNjNlNaaWZJSEprV1BNZnhYT2l0dHk2MTZUeFBkdWlxSnZXN2dnbFAtZXZXMnVINGtqam4zQ2ZrdnlPSDdEQng0eGFWX3pTT0hhWGhmT2Uxa19BM0U3REszMTFrdEFqWHpuZmUyWmxwcUxQRENCU1haSW5nMHNCYjN6Q2NXNlhqMkY2SA?oc=5,"Wed, 14 May 2014 07:00:00 GMT",Florida Bulldog,CBMiyAFBVV95cUxNNmoyakZOVmZGTE8zX25LT3l0OU9HMlY4NTBTWURhV1JmRHo1QlE5MEtVR0pwc2lxQWFxb0xFcVlWZ3Z4dFNjNlNaaWZJSEprV1BNZnhYT2l0dHk2MTZUeFBkdWlxSnZXN2dnbFAtZXZXMnVINGtqam4zQ2ZrdnlPSDdEQng0eGFWX3pTT0hhWGhmT2Uxa19BM0U3REszMTFrdEFqWHpuZmUyWmxwcUxQRENCU1haSW5nMHNCYjN6Q2NXNlhqMkY2SA,Florida’s First Lady invests quietly in investment firm that mirrors governor’s old company Florida Bulldog,3.0
,,"""Scott Capital Partners"" family office investment",Scott Capital Partners,Choosing the right private client wealth management for you - Spear's Magazine,https://news.google.com/rss/articles/CBMimwFBVV95cUxQcXROVks0SkotNUphM0JSNGlzbHhPaEdad2NzN1dOVUp5THFnTFF4X2R6bVVjV1NkbGpVX3VrcXdaVWJrMmdzam9QMDB6Q2psMEYxOWFOQ2h5Ny1KUE52aVdtdzI4aUdEMXRXOF9lM0ZhellILUhkeEM0N2VnY0xTZ19uWmlVcHJIUUR5T2xPc0YyeWllVU1Rc2ZoWQ?oc=5,https://news.google.com/rss/articles/CBMimwFBVV95cUxQcXROVks0SkotNUphM0JSNGlzbHhPaEdad2NzN1dOVUp5THFnTFF4X2R6bVVjV1NkbGpVX3VrcXdaVWJrMmdzam9QMDB6Q2psMEYxOWFOQ2h5Ny1KUE52aVdtdzI4aUdEMXRXOF9lM0ZhellILUhkeEM0N2VnY0xTZ19uWmlVcHJIUUR5T2xPc0YyeWllVU1Rc2ZoWQ?oc=5,"Thu, 15 Aug 2024 07:00:00 GMT",Spear's Magazine,CBMimwFBVV95cUxQcXROVks0SkotNUphM0JSNGlzbHhPaEdad2NzN1dOVUp5THFnTFF4X2R6bVVjV1NkbGpVX3VrcXdaVWJrMmdzam9QMDB6Q2psMEYxOWFOQ2h5Ny1KUE52aVdtdzI4aUdEMXRXOF9lM0ZhellILUhkeEM0N2VnY0xTZ19uWmlVcHJIUUR5T2xPc0YyeWllVU1Rc2ZoWQ,Choosing the right private client wealth management for you Spear's Magazine,4.0
,,"""Scott Capital Partners"" family office investment",Scott Capital Partners,Gov. Rick Scott’s blind trust: Here’s what we know and what we don’t - Tampa Bay Times,https://news.google.com/rss/articles/CBMivwFBVV95cUxPbU9KenNJZ2pPZk45VFNEN2IyVlRCeXVwc3ZIbTFzUGpBRndTenlvdkpsSHZDZklacHd5cTZ3cmdBaXhYcHJPcnY3RFNybUVtX2NXM084bGtkMFVUblF0VElDZTlVUUwwS0hnSHdLOXNwRXBNREh4LU1KSXAwNVNxUUkyRG9YSTEzd3ZUS1hGeWxZeWFkTjE5NmdIZF81N1ZQOENnX1haNjg1VllVYThlR1JfMEdYTnF0STZkNG02Yw?oc=5,https://news.google.com/rss/articles/CBMivwFBVV95cUxPbU9KenNJZ2pPZk45VFNEN2IyVlRCeXVwc3ZIbTFzUGpBRndTenlvdkpsSHZDZklacHd5cTZ3cmdBaXhYcHJPcnY3RFNybUVtX2NXM084bGtkMFVUblF0VElDZTlVUUwwS0hnSHdLOXNwRXBNREh4LU1KSXAwNVNxUUkyRG9YSTEzd3ZUS1hGeWxZeWFkTjE5NmdIZF81N1ZQOENnX1haNjg1VllVYThlR1JfMEdYTnF0STZkNG02Yw?oc=5,"Wed, 11 Jul 2018 07:00:00 GMT",Tampa Bay Times,CBMivwFBVV95cUxPbU9KenNJZ2pPZk45VFNEN2IyVlRCeXVwc3ZIbTFzUGpBRndTenlvdkpsSHZDZklacHd5cTZ3cmdBaXhYcHJPcnY3RFNybUVtX2NXM084bGtkMFVUblF0VElDZTlVUUwwS0hnSHdLOXNwRXBNREh4LU1KSXAwNVNxUUkyRG9YSTEzd3ZUS1hGeWxZeWFkTjE5NmdIZF81N1ZQOENnX1haNjg1VllVYThlR1JfMEdYTnF0STZkNG02Yw,Gov. Rick Scott’s blind trust: Here’s what we know and what we don’t Tampa Bay Times,5.0
,,"""Third View Private Wealth"" family office investment",Third View Private Wealth,"For Wealthy Clients, Managing Investments Is Just Table Stakes. What They Really Need. - Barron's",https://news.google.com/rss/articles/CBMipwFBVV95cUxOUTk3VFhMNHZ3SGZERWstbTVyclk5UjA3TjVrblMtNWVQbVlBQ18wUHZpWnliTThqVmU3Mktob0lYYjd1SEZvQnFLZ0lhWTdPelBxYXVFTlFwREVsT2tvcWhjemVYWnBELWw1dGlNQXlJWVNsZUY2SHNMekdpTTlOaEFCdEp5NHZueEI5R2oxRVdhd3FYbE1ORGNtTmdmbzNaZUxuYXpsVQ?oc=5,https://news.google.com/rss/articles/CBMipwFBVV95cUxOUTk3VFhMNHZ3SGZERWstbTVyclk5UjA3TjVrblMtNWVQbVlBQ18wUHZpWnliTThqVmU3Mktob0lYYjd1SEZvQnFLZ0lhWTdPelBxYXVFTlFwREVsT2tvcWhjemVYWnBELWw1dGlNQXlJWVNsZUY2SHNMekdpTTlOaEFCdEp5NHZueEI5R2oxRVdhd3FYbE1ORGNtTmdmbzNaZUxuYXpsVQ?oc=5,"Thu, 05 Feb 2026 08:00:00 GMT",Barron's,CBMipwFBVV95cUxOUTk3VFhMNHZ3SGZERWstbTVyclk5UjA3TjVrblMtNWVQbVlBQ18wUHZpWnliTThqVmU3Mktob0lYYjd1SEZvQnFLZ0lhWTdPelBxYXVFTlFwREVsT2tvcWhjemVYWnBELWw1dGlNQXlJWVNsZUY2SHNMekdpTTlOaEFCdEp5NHZueEI5R2oxRVdhd3FYbE1ORGNtTmdmbzNaZUxuYXpsVQ,"For Wealthy Clients, Managing Investments Is Just Table Stakes. What They Really Need. Barron's",1.0
,,"""Third View Private Wealth"" family office investment",Third View Private Wealth,Here's what it takes to successfully run the modern family office - InvestmentNews,https://news.google.com/rss/articles/CBMiwAFBVV95cUxOUmVTdHB4NTA2cW5OTmFJWE1lZjh2a2JBUDhLa291OGRsVkV2Rk42cXNPXzdIX2VzNmJfTEFkYWlUNkhZcExtTDd0TDFzVi14RzJRTDJKYUZILXZ4c2lRd3I2dE1MTVBTLUdhLTdVWER4Rk1zRTlhanBuR3hGd29hMklicW42VzdIdVpNR2V5MlE4eUsybzFYZDJHVnFyekRuakVOX2hJZW12cjN6VWJmWXZpX1FoRVo1b2EzNGV4UUc?oc=5,https://news.google.com/rss/articles/CBMiwAFBVV95cUxOUmVTdHB4NTA2cW5OTmFJWE1lZjh2a2JBUDhLa291OGRsVkV2Rk42cXNPXzdIX2VzNmJfTEFkYWlUNkhZcExtTDd0TDFzVi14RzJRTDJKYUZILXZ4c2lRd3I2dE1MTVBTLUdhLTdVWER4Rk1zRTlhanBuR3hGd29hMklicW42VzdIdVpNR2V5MlE4eUsybzFYZDJHVnFyekRuakVOX2hJZW12cjN6VWJmWXZpX1FoRVo1b2EzNGV4UUc?oc=5,"Wed, 02 Jul 2025 07:00:00 GMT",InvestmentNews,CBMiwAFBVV95cUxOUmVTdHB4NTA2cW5OTmFJWE1lZjh2a2JBUDhLa291OGRsVkV2Rk42cXNPXzdIX2VzNmJfTEFkYWlUNkhZcExtTDd0TDFzVi14RzJRTDJKYUZILXZ4c2lRd3I2dE1MTVBTLUdhLTdVWER4Rk1zRTlhanBuR3hGd29hMklicW42VzdIdVpNR2V5MlE4eUsybzFYZDJHVnFyekRuakVOX2hJZW12cjN6VWJmWXZpX1FoRVo1b2EzNGV4UUc,Here's what it takes to successfully run the modern family office InvestmentNews,2.0
,,"""Third View Private Wealth"" family office investment",Third View Private Wealth,Third View Private Wealth Officially Launches with Advisors Previously Managing Approximately $1 Billion in Client Assets - Business Wire,https://news.google.com/rss/articles/CBMijAJBVV95cUxQcVVPTGtaNUxuTzh2VDJ3VnMwTFM0bnU2YnhBWVNVdEljb2lBVDhuUHEyWHg4R3BaRDhEQUFPMWlWTFZoZjVqNl9ianRrUFlaY1F5X2hFdVNubjltQ1hnTWYzeldtdzhvWUdpS0h1ODBINEEtenJjQndqa0xwemJ4d3dVX0tBRlBkWDJqZHcxb05Ldi1Hem55MmF4US13bU9PdjQzeE8tWnptT0h4d0RWQkdISUVYRTVVUzRLNTdWLUFvU2N0em4xSDZFZ2ZwUlRmQUhBOHE4VWtKeXcwNEl1N0VnUWc1U190Z3JXWHNGeW90WDFRTDR2bkc5aGxwOGdVNmlhRWQtS3hKc3V1?oc=5,https://news.google.com/rss/articles/CBMijAJBVV95cUxQcVVPTGtaNUxuTzh2VDJ3VnMwTFM0bnU2YnhBWVNVdEljb2lBVDhuUHEyWHg4R3BaRDhEQUFPMWlWTFZoZjVqNl9ianRrUFlaY1F5X2hFdVNubjltQ1hnTWYzeldtdzhvWUdpS0h1ODBINEEtenJjQndqa0xwemJ4d3dVX0tBRlBkWDJqZHcxb05Ldi1Hem55MmF4US13bU9PdjQzeE8tWnptT0h4d0RWQkdISUVYRTVVUzRLNTdWLUFvU2N0em4xSDZFZ2ZwUlRmQUhBOHE4VWtKeXcwNEl1N0VnUWc1U190Z3JXWHNGeW90WDFRTDR2bkc5aGxwOGdVNmlhRWQtS3hKc3V1?oc=5,"Wed, 28 May 2025 07:00:00 GMT",Business Wire,CBMijAJBVV95cUxQcVVPTGtaNUxuTzh2VDJ3VnMwTFM0bnU2YnhBWVNVdEljb2lBVDhuUHEyWHg4R3BaRDhEQUFPMWlWTFZoZjVqNl9ianRrUFlaY1F5X2hFdVNubjltQ1hnTWYzeldtdzhvWUdpS0h1ODBINEEtenJjQndqa0xwemJ4d3dVX0tBRlBkWDJqZHcxb05Ldi1Hem55MmF4US13bU9PdjQzeE8tWnptT0h4d0RWQkdISUVYRTVVUzRLNTdWLUFvU2N0em4xSDZFZ2ZwUlRmQUhBOHE4VWtKeXcwNEl1N0VnUWc1U190Z3JXWHNGeW90WDFRTDR2bkc5aGxwOGdVNmlhRWQtS3hKc3V1,Third View Private Wealth Officially Launches with Advisors Previously Managing Approximately $1 Billion in Client Assets Business Wire,3.0
,,"""Third View Private Wealth"" family office investment",Third View Private Wealth,Advisor Trio Departs Procyon to Launch Own RIA - Wealth Management,https://news.google.com/rss/articles/CBMikgFBVV95cUxNaWpxOWwzYm1CcDRHZkNtY1U3eml4dWdLV0tiMVZXM1ZsbTlGdF9fQVpXZWVPOTlhWDhMQlQwSUF2NTBRZW5MRHNROG9JUjB2UENpcGw3RE5tMHUxNE5DY3hHeUthNm0ycHZ3ano3S0FfcGtuYkJELUQ0SGxZMEJzYVlLVEtwT3JOcnZON2k5SUMzQQ?oc=5,https://news.google.com/rss/articles/CBMikgFBVV95cUxNaWpxOWwzYm1CcDRHZkNtY1U3eml4dWdLV0tiMVZXM1ZsbTlGdF9fQVpXZWVPOTlhWDhMQlQwSUF2NTBRZW5MRHNROG9JUjB2UENpcGw3RE5tMHUxNE5DY3hHeUthNm0ycHZ3ano3S0FfcGtuYkJELUQ0SGxZMEJzYVlLVEtwT3JOcnZON2k5SUMzQQ?oc=5,"Mon, 19 May 2025 23:34:17 GMT",Wealth Management,CBMikgFBVV95cUxNaWpxOWwzYm1CcDRHZkNtY1U3eml4dWdLV0tiMVZXM1ZsbTlGdF9fQVpXZWVPOTlhWDhMQlQwSUF2NTBRZW5MRHNROG9JUjB2UENpcGw3RE5tMHUxNE5DY3hHeUthNm0ycHZ3ano3S0FfcGtuYkJELUQ0SGxZMEJzYVlLVEtwT3JOcnZON2k5SUMzQQ,Advisor Trio Departs Procyon to Launch Own RIA Wealth Management,4.0
,,"""Third View Private Wealth"" family office investment",Third View Private Wealth,"RIA wrap: Former Procyon advisors launch Third View, ex-Rochdale CEO resurfaces in New York - InvestmentNews",https://news.google.com/rss/articles/CBMisAFBVV95cUxQS0RGX2h6dHFQdy1WMzRLa3FFdHFJeGVtME9zYmI1MElFcXFyV0FyQlpzMjFjQ1FNMU1ZZS1SV0p5bHdyTGJvZ0RscjhGcXRCUEhDaW1RVGlaMUZzVHU0bEtfR0VFZGR2cGpVNkUtMHJfbV8zWUk3MnFQbjJxQkExYm5xZkhWNzg2anVsOFN2TFRpVWRFN0pTOE54QVN1WXUzbXFHTXpzTWZiZmZ5RDBmcw?oc=5,https://news.google.com/rss/articles/CBMisAFBVV95cUxQS0RGX2h6dHFQdy1WMzRLa3FFdHFJeGVtME9zYmI1MElFcXFyV0FyQlpzMjFjQ1FNMU1ZZS1SV0p5bHdyTGJvZ0RscjhGcXRCUEhDaW1RVGlaMUZzVHU0bEtfR0VFZGR2cGpVNkUtMHJfbV8zWUk3MnFQbjJxQkExYm5xZkhWNzg2anVsOFN2TFRpVWRFN0pTOE54QVN1WXUzbXFHTXpzTWZiZmZ5RDBmcw?oc=5,"Fri, 30 May 2025 07:00:00 GMT",InvestmentNews,CBMisAFBVV95cUxQS0RGX2h6dHFQdy1WMzRLa3FFdHFJeGVtME9zYmI1MElFcXFyV0FyQlpzMjFjQ1FNMU1ZZS1SV0p5bHdyTGJvZ0RscjhGcXRCUEhDaW1RVGlaMUZzVHU0bEtfR0VFZGR2cGpVNkUtMHJfbV8zWUk3MnFQbjJxQkExYm5xZkhWNzg2anVsOFN2TFRpVWRFN0pTOE54QVN1WXUzbXFHTXpzTWZiZmZ5RDBmcw,"RIA wrap: Former Procyon advisors launch Third View, ex-Rochdale CEO resurfaces in New York InvestmentNews",5.0
,,"""Haven Private"" family office investment",Haven Private,The $265 billion private credit meltdown: How Wall Street's hottest investment craze turned into a panic - Fortune,https://news.google.com/rss/articles/CBMiywFBVV95cUxOaVBTeEFUU3VNWmx1LVZ6TnRNeExCSVZBSmNaOF94LW9oUzEyV3JaSzFPSHZQYnBOdXM5T2kzaGlYYzVGSUlXcDdOR1M3RG9wa3BkMVNldmZXUmFEbjllQ2VhWC11T1FIeXZETGZWSlRfUmt0ejZJZHhqNWJ2bGtYeDFfQnB1eHVDZWpZMEo0Y2hRSllrb21IV0k1UzVLZmtJaXNaamNLTmxCNE5hdDRCaUxKUGdmaXQwSnFEMXlid1dfbVVPVmJPaUtNQQ?oc=5,https://news.google.com/rss/articles/CBMiywFBVV95cUxOaVBTeEFUU3VNWmx1LVZ6TnRNeExCSVZBSmNaOF94LW9oUzEyV3JaSzFPSHZQYnBOdXM5T2kzaGlYYzVGSUlXcDdOR1M3RG9wa3BkMVNldmZXUmFEbjllQ2VhWC11T1FIeXZETGZWSlRfUmt0ejZJZHhqNWJ2bGtYeDFfQnB1eHVDZWpZMEo0Y2hRSllrb21IV0k1UzVLZmtJaXNaamNLTmxCNE5hdDRCaUxKUGdmaXQwSnFEMXlid1dfbVVPVmJPaUtNQQ?oc=5,"Sat, 14 Mar 2026 07:00:00 GMT",Fortune,CBMiywFBVV95cUxOaVBTeEFUU3VNWmx1LVZ6TnRNeExCSVZBSmNaOF94LW9oUzEyV3JaSzFPSHZQYnBOdXM5T2kzaGlYYzVGSUlXcDdOR1M3RG9wa3BkMVNldmZXUmFEbjllQ2VhWC11T1FIeXZETGZWSlRfUmt0ejZJZHhqNWJ2bGtYeDFfQnB1eHVDZWpZMEo0Y2hRSllrb21IV0k1UzVLZmtJaXNaamNLTmxCNE5hdDRCaUxKUGdmaXQwSnFEMXlid1dfbVVPVmJPaUtNQQ,The $265 billion private credit meltdown: How Wall Street's hottest investment craze turned into a panic Fortune,1.0
,,"""Haven Private"" family office investment",Haven Private,Forbes 2026 Best-In-State Wealth Management Teams List - Forbes,https://news.google.com/rss/articles/CBMidkFVX3lxTE1QUzRUU1RDQXB1YXBuMC1PckwxVkZSRkUzaWlhZGJkdHZSLTBuMS1aNDhaeVJlRXpsNU9jQ1hiWmhfdTdiX1lXZTRBTGRfRjVxbmU0azNKTFp0UmRkaEpuSmthSWxUR2hGbURmb0FjLVpJTzFPUlE?oc=5,https://news.google.com/rss/articles/CBMidkFVX3lxTE1QUzRUU1RDQXB1YXBuMC1PckwxVkZSRkUzaWlhZGJkdHZSLTBuMS1aNDhaeVJlRXpsNU9jQ1hiWmhfdTdiX1lXZTRBTGRfRjVxbmU0azNKTFp0UmRkaEpuSmthSWxUR2hGbURmb0FjLVpJTzFPUlE?oc=5,"Wed, 07 Jan 2026 08:00:00 GMT",Forbes,CBMidkFVX3lxTE1QUzRUU1RDQXB1YXBuMC1PckwxVkZSRkUzaWlhZGJkdHZSLTBuMS1aNDhaeVJlRXpsNU9jQ1hiWmhfdTdiX1lXZTRBTGRfRjVxbmU0azNKTFp0UmRkaEpuSmthSWxUR2hGbURmb0FjLVpJTzFPUlE,Forbes 2026 Best-In-State Wealth Management Teams List Forbes,2.0
,,"""Haven Private"" family office investment",Haven Private,Gridline Launches AltComply to Bring Defensible AI to Private Markets Diligence - Business Wire,https://news.google.com/rss/articles/CBMi0gFBVV95cUxNUXl0WHgwaFFrZWVFdXNSRVZBUTU5MmxJbG9OaWFFNlAwYTZoR0ZORTB2ZE9acnhTbHZKc3RrZWs1elpQN0dsd2wwdk1FN3hwQVBSdlRrM21oLXZKNTF1aUppMjdXOU9WQTZ6eFpFd1VNNTk0amFmcVRCRmxzWVliNVhjdUlSc0tSQm9TcmljbC1wRXdDSmJDQUFmaWpGZHFUUnZTblJ0ZFVRWTBIRV9FamdpSXFyTE5PVGxMdkFCYTA4UzJnT0FqZ3FpakNKVmUxb3c?oc=5,https://news.google.com/rss/articles/CBMi0gFBVV95cUxNUXl0WHgwaFFrZWVFdXNSRVZBUTU5MmxJbG9OaWFFNlAwYTZoR0ZORTB2ZE9acnhTbHZKc3RrZWs1elpQN0dsd2wwdk1FN3hwQVBSdlRrM21oLXZKNTF1aUppMjdXOU9WQTZ6eFpFd1VNNTk0amFmcVRCRmxzWVliNVhjdUlSc0tSQm9TcmljbC1wRXdDSmJDQUFmaWpGZHFUUnZTblJ0ZFVRWTBIRV9FamdpSXFyTE5PVGxMdkFCYTA4UzJnT0FqZ3FpakNKVmUxb3c?oc=5,"Wed, 11 Mar 2026 07:00:00 GMT",Business Wire,CBMi0gFBVV95cUxNUXl0WHgwaFFrZWVFdXNSRVZBUTU5MmxJbG9OaWFFNlAwYTZoR0ZORTB2ZE9acnhTbHZKc3RrZWs1elpQN0dsd2wwdk1FN3hwQVBSdlRrM21oLXZKNTF1aUppMjdXOU9WQTZ6eFpFd1VNNTk0amFmcVRCRmxzWVliNVhjdUlSc0tSQm9TcmljbC1wRXdDSmJDQUFmaWpGZHFUUnZTblJ0ZFVRWTBIRV9FamdpSXFyTE5PVGxMdkFCYTA4UzJnT0FqZ3FpakNKVmUxb3c,Gridline Launches AltComply to Bring Defensible AI to Private Markets Diligence Business Wire,3.0
,,"""Haven Private"" family office investment",Haven Private,"Private credit jitters trigger caps on redemptions, tighter lending - Reuters",https://news.google.com/rss/articles/CBMivwFBVV95cUxOZmhSY2dqcDZ5RG1TcFhGbFVFU3lXcEIxLV93MjdVdjBTaFNxeU1UT1NlUjJFcmkwTjdyWGRvekUxU09DMlYwVVExZGdoMWc2NFV6UTNYcVdFaThKYjZEVTJZeGN3QXF0Q0RXelg3UF82WXAxOEFkMDAyQmlnMlFmZVpWZ1ZJQVF6YkRDZXVhZGFaR3BNZ0lEV2hXS2VGUENkQ3VLM203YjZJNUZmODViUmFUc0Q3R3l1c3dwSU9lZw?oc=5,https://news.google.com/rss/articles/CBMivwFBVV95cUxOZmhSY2dqcDZ5RG1TcFhGbFVFU3lXcEIxLV93MjdVdjBTaFNxeU1UT1NlUjJFcmkwTjdyWGRvekUxU09DMlYwVVExZGdoMWc2NFV6UTNYcVdFaThKYjZEVTJZeGN3QXF0Q0RXelg3UF82WXAxOEFkMDAyQmlnMlFmZVpWZ1ZJQVF6YkRDZXVhZGFaR3BNZ0lEV2hXS2VGUENkQ3VLM203YjZJNUZmODViUmFUc0Q3R3l1c3dwSU9lZw?oc=5,"Thu, 02 Apr 2026 07:00:00 GMT",Reuters,CBMivwFBVV95cUxOZmhSY2dqcDZ5RG1TcFhGbFVFU3lXcEIxLV93MjdVdjBTaFNxeU1UT1NlUjJFcmkwTjdyWGRvekUxU09DMlYwVVExZGdoMWc2NFV6UTNYcVdFaThKYjZEVTJZeGN3QXF0Q0RXelg3UF82WXAxOEFkMDAyQmlnMlFmZVpWZ1ZJQVF6YkRDZXVhZGFaR3BNZ0lEV2hXS2VGUENkQ3VLM203YjZJNUZmODViUmFUc0Q3R3l1c3dwSU9lZw,"Private credit jitters trigger caps on redemptions, tighter lending Reuters",4.0
,,"""Haven Private"" family office investment",Haven Private,Private credit: “Defaults could double” - We Wealth,https://news.google.com/rss/articles/CBMiekFVX3lxTE55UUxLY1Atd2lqdDBSNFQyYlR5M0tSV3N5NU1MQWxUTElHYVctTmgtZFExeTZZRjlTNVBTdkc1N19ha3RoX1J5UkxnZ2JzMFlFbTlXTHJxZHRFaXpXZm04M0M3dGEyY2VnNHlJV21QempwR0VJRW9JcEJR?oc=5,https://news.google.com/rss/articles/CBMiekFVX3lxTE55UUxLY1Atd2lqdDBSNFQyYlR5M0tSV3N5NU1MQWxUTElHYVctTmgtZFExeTZZRjlTNVBTdkc1N19ha3RoX1J5UkxnZ2JzMFlFbTlXTHJxZHRFaXpXZm04M0M3dGEyY2VnNHlJV21QempwR0VJRW9JcEJR?oc=5,"Fri, 13 Mar 2026 07:00:00 GMT",We Wealth,CBMiekFVX3lxTE55UUxLY1Atd2lqdDBSNFQyYlR5M0tSV3N5NU1MQWxUTElHYVctTmgtZFExeTZZRjlTNVBTdkc1N19ha3RoX1J5UkxnZ2JzMFlFbTlXTHJxZHRFaXpXZm04M0M3dGEyY2VnNHlJV21QempwR0VJRW9JcEJR,Private credit: “Defaults could double” We Wealth,5.0
,,"""PremjiInvest"" family office investment",PremjiInvest,PremjiInvest bets nearly $33 mn on Bharat Forge subsidiary - VCCircle,https://news.google.com/rss/articles/CBMiiAFBVV95cUxOZGdYamN0LTgzVkx3dnYyVk1hM0ZKeUwxbEJmQlVaSDU3Q2d5b2dKNjk2Q1BWQktpa19YY1c1WVh2RWp1UHRDNWRhZF9sNVg1RTc4akFVdXlZUnRQZkl3SWVhZ2lvR2RySkdmZDl3S0M3NExCbWJic1FpVmhBdEltTUJYazZYWDNx?oc=5,https://news.google.com/rss/articles/CBMiiAFBVV95cUxOZGdYamN0LTgzVkx3dnYyVk1hM0ZKeUwxbEJmQlVaSDU3Q2d5b2dKNjk2Q1BWQktpa19YY1c1WVh2RWp1UHRDNWRhZF9sNVg1RTc4akFVdXlZUnRQZkl3SWVhZ2lvR2RySkdmZDl3S0M3NExCbWJic1FpVmhBdEltTUJYazZYWDNx?oc=5,"Mon, 02 Feb 2026 08:00:00 GMT",VCCircle,CBMiiAFBVV95cUxOZGdYamN0LTgzVkx3dnYyVk1hM0ZKeUwxbEJmQlVaSDU3Q2d5b2dKNjk2Q1BWQktpa19YY1c1WVh2RWp1UHRDNWRhZF9sNVg1RTc4akFVdXlZUnRQZkl3SWVhZ2lvR2RySkdmZDl3S0M3NExCbWJic1FpVmhBdEltTUJYazZYWDNx,PremjiInvest bets nearly $33 mn on Bharat Forge subsidiary VCCircle,1.0
,,"""PremjiInvest"" family office investment",PremjiInvest,Tech Tycoon’s Family Office Bets on AI to Prop $10 Billion Fund - Bloomberg.com,https://news.google.com/rss/articles/CBMiswFBVV95cUxNZUNCSDlURDViNkh1SXVXQVh2RkNDY3dFV21RQXRTSFFKbVhtS0xraGZ5QUFuT0dEWXZwRkhDWk1xazZNQTFkR3J0blNmaU1MR3Z2TE9vRHhJbFB4eW9GbGdZd0RTOVJIODFCZVJvRUJ2ZzZKbGNCb2RsTWtSaWFzYmxoLUxoQm1hUjR5OGliZDZYMjcyLVdmQ1M4VVVleUg1Ynk5dUwxX011a2tJYVRBSDJxRQ?oc=5,https://news.google.com/rss/articles/CBMiswFBVV95cUxNZUNCSDlURDViNkh1SXVXQVh2RkNDY3dFV21RQXRTSFFKbVhtS0xraGZ5QUFuT0dEWXZwRkhDWk1xazZNQTFkR3J0blNmaU1MR3Z2TE9vRHhJbFB4eW9GbGdZd0RTOVJIODFCZVJvRUJ2ZzZKbGNCb2RsTWtSaWFzYmxoLUxoQm1hUjR5OGliZDZYMjcyLVdmQ1M4VVVleUg1Ynk5dUwxX011a2tJYVRBSDJxRQ?oc=5,"Sun, 28 Apr 2024 07:00:00 GMT",Bloomberg.com,CBMiswFBVV95cUxNZUNCSDlURDViNkh1SXVXQVh2RkNDY3dFV21RQXRTSFFKbVhtS0xraGZ5QUFuT0dEWXZwRkhDWk1xazZNQTFkR3J0blNmaU1MR3Z2TE9vRHhJbFB4eW9GbGdZd0RTOVJIODFCZVJvRUJ2ZzZKbGNCb2RsTWtSaWFzYmxoLUxoQm1hUjR5OGliZDZYMjcyLVdmQ1M4VVVleUg1Ynk5dUwxX011a2tJYVRBSDJxRQ,Tech Tycoon’s Family Office Bets on AI to Prop $10 Billion Fund Bloomberg.com,2.0
,,"""PremjiInvest"" family office investment",PremjiInvest,Prominent Indian Family Office Increases AI Exposure - Wealth Briefing Asia,https://news.google.com/rss/articles/CBMioAFBVV95cUxPQk9HRVhRYXg4bmY4RkQwbzdhYzdocUdQNGRYZUkzOGd1cUFMNTl0MmFZdHBaUnBadFhDNUNXVTlYeEh2Z3BJaFFaanNENVpPVVdFNWs4SXJEZzJPdnA0Yy1EUjlzTXFpMEtIVnpsXzJFMDVNalFQNkh1Y0lmdjJyRWtCWTB4bmc0OVNrTEtNbGZUUUFjdU1xTk1Zblg1ZGZN?oc=5,https://news.google.com/rss/articles/CBMioAFBVV95cUxPQk9HRVhRYXg4bmY4RkQwbzdhYzdocUdQNGRYZUkzOGd1cUFMNTl0MmFZdHBaUnBadFhDNUNXVTlYeEh2Z3BJaFFaanNENVpPVVdFNWs4SXJEZzJPdnA0Yy1EUjlzTXFpMEtIVnpsXzJFMDVNalFQNkh1Y0lmdjJyRWtCWTB4bmc0OVNrTEtNbGZUUUFjdU1xTk1Zblg1ZGZN?oc=5,"Tue, 30 Apr 2024 07:00:00 GMT",Wealth Briefing Asia,CBMioAFBVV95cUxPQk9HRVhRYXg4bmY4RkQwbzdhYzdocUdQNGRYZUkzOGd1cUFMNTl0MmFZdHBaUnBadFhDNUNXVTlYeEh2Z3BJaFFaanNENVpPVVdFNWs4SXJEZzJPdnA0Yy1EUjlzTXFpMEtIVnpsXzJFMDVNalFQNkh1Y0lmdjJyRWtCWTB4bmc0OVNrTEtNbGZUUUFjdU1xTk1Zblg1ZGZN,Prominent Indian Family Office Increases AI Exposure Wealth Briefing Asia,3.0
,,"""PremjiInvest"" family office investment",PremjiInvest,"PremjiInvest, Accel double down on wealth management firm Dezerv - VCCircle",https://news.google.com/rss/articles/CBMikAFBVV95cUxPQjBQcDRWRXJqaEdPeFVtSld0NzVDMWE5M3F4S2VseXZ6VFZwZ2lwTWdqU2V6eS1MV295WE55anhGejJjNWJiSlpRam85WVNOZERfQ1NVLUYtVlFLU09HMDN2dENkamZzdVRtSUlidzlXZVBIbjBWcGd4UDBGM24zMmNSSW9yU1RTNHJDNnJJSlI?oc=5,https://news.google.com/rss/articles/CBMikAFBVV95cUxPQjBQcDRWRXJqaEdPeFVtSld0NzVDMWE5M3F4S2VseXZ6VFZwZ2lwTWdqU2V6eS1MV295WE55anhGejJjNWJiSlpRam85WVNOZERfQ1NVLUYtVlFLU09HMDN2dENkamZzdVRtSUlidzlXZVBIbjBWcGd4UDBGM24zMmNSSW9yU1RTNHJDNnJJSlI?oc=5,"Tue, 14 Oct 2025 07:00:00 GMT",VCCircle,CBMikAFBVV95cUxPQjBQcDRWRXJqaEdPeFVtSld0NzVDMWE5M3F4S2VseXZ6VFZwZ2lwTWdqU2V6eS1MV295WE55anhGejJjNWJiSlpRam85WVNOZERfQ1NVLUYtVlFLU09HMDN2dENkamZzdVRtSUlidzlXZVBIbjBWcGd4UDBGM24zMmNSSW9yU1RTNHJDNnJJSlI,"PremjiInvest, Accel double down on wealth management firm Dezerv VCCircle",4.0
,,"""PremjiInvest"" family office investment",PremjiInvest,How PremjiInvest became the top investment co from a quiet family office - The Economic Times,https://news.google.com/rss/articles/CBMi5AFBVV95cUxORTlkNy1XVkVWbHowUTRZOE0wN21VdWZSekVpZ3g5NUlkVE1oUEFFS2xQdkdsTWRub0g4TTVQZG9FZWNFcy1HNHhyd283M0RRNjU1NFk5TEhkTmtyaGRqX2ZIS205eUJUZmFKbk9DM3FiUHlvQkhPX2RQSnhCb3VGVWVGbUpJc3liM0FmX1pyengtVkhENkluODRnNm5FOHZNcm1zLXZfQVltMGtiN2ppM0ZwMzJZSWE5eTlGUUpwSUNOVXpFaGpOUTBwMjl3UlZJblBqWmltNHUweUlpNzdnaThaWFnSAeoBQVVfeXFMT0E0ZDBDQVlGUjdkQUVBaHp2LXBrT3FOUkxpN0NZWlVJNzFfUXRfNHBrV0dvQl80VXZHTUxhMExqa191MVNtR21XRjVLaC12eEpXYmt3NXN0SEN1b2RCZjYtaVJ3UElCby16UkJRUE8wQnFTLUphUFhjR3ZmR2N6ZEtJekFVZmxOWDlSY2xUSFdzY2QtQ19pcHNTN1ExVEZUTzVGY0JERkhmSGlPb0RvNkZMSDZkdXhsSnVPcy1kcTJ4NmxFeTl6dDhlNWxEX2lGQzlIUXM3cDlPSHMyeUJNT0o2d1hsM2dLVXZ3?oc=5,https://news.google.com/rss/articles/CBMi5AFBVV95cUxORTlkNy1XVkVWbHowUTRZOE0wN21VdWZSekVpZ3g5NUlkVE1oUEFFS2xQdkdsTWRub0g4TTVQZG9FZWNFcy1HNHhyd283M0RRNjU1NFk5TEhkTmtyaGRqX2ZIS205eUJUZmFKbk9DM3FiUHlvQkhPX2RQSnhCb3VGVWVGbUpJc3liM0FmX1pyengtVkhENkluODRnNm5FOHZNcm1zLXZfQVltMGtiN2ppM0ZwMzJZSWE5eTlGUUpwSUNOVXpFaGpOUTBwMjl3UlZJblBqWmltNHUweUlpNzdnaThaWFnSAeoBQVVfeXFMT0E0ZDBDQVlGUjdkQUVBaHp2LXBrT3FOUkxpN0NZWlVJNzFfUXRfNHBrV0dvQl80VXZHTUxhMExqa191MVNtR21XRjVLaC12eEpXYmt3NXN0SEN1b2RCZjYtaVJ3UElCby16UkJRUE8wQnFTLUphUFhjR3ZmR2N6ZEtJekFVZmxOWDlSY2xUSFdzY2QtQ19pcHNTN1ExVEZUTzVGY0JERkhmSGlPb0RvNkZMSDZkdXhsSnVPcy1kcTJ4NmxFeTl6dDhlNWxEX2lGQzlIUXM3cDlPSHMyeUJNT0o2d1hsM2dLVXZ3?oc=5,"Mon, 15 Jan 2018 08:00:00 GMT",The Economic Times,CBMi5AFBVV95cUxORTlkNy1XVkVWbHowUTRZOE0wN21VdWZSekVpZ3g5NUlkVE1oUEFFS2xQdkdsTWRub0g4TTVQZG9FZWNFcy1HNHhyd283M0RRNjU1NFk5TEhkTmtyaGRqX2ZIS205eUJUZmFKbk9DM3FiUHlvQkhPX2RQSnhCb3VGVWVGbUpJc3liM0FmX1pyengtVkhENkluODRnNm5FOHZNcm1zLXZfQVltMGtiN2ppM0ZwMzJZSWE5eTlGUUpwSUNOVXpFaGpOUTBwMjl3UlZJblBqWmltNHUweUlpNzdnaThaWFnSAeoBQVVfeXFMT0E0ZDBDQVlGUjdkQUVBaHp2LXBrT3FOUkxpN0NZWlVJNzFfUXRfNHBrV0dvQl80VXZHTUxhMExqa191MVNtR21XRjVLaC12eEpXYmt3NXN0SEN1b2RCZjYtaVJ3UElCby16UkJRUE8wQnFTLUphUFhjR3ZmR2N6ZEtJekFVZmxOWDlSY2xUSFdzY2QtQ19pcHNTN1ExVEZUTzVGY0JERkhmSGlPb0RvNkZMSDZkdXhsSnVPcy1kcTJ4NmxFeTl6dDhlNWxEX2lGQzlIUXM3cDlPSHMyeUJNT0o2d1hsM2dLVXZ3,How PremjiInvest became the top investment co from a quiet family office The Economic Times,5.0
,,"""Wildcat Capital Management"" family office investment",Wildcat Capital Management,What a Billionaire Family Office's $16.6 Million Exit From TIC Solutions Signals for Long-Term Investors - The Motley Fool,https://news.google.com/rss/articles/CBMi7AFBVV95cUxOZzFLU2JUbkEzcU95RE54NHBmQ1JLMS1KNG1vd2tUR1AtOTc1ajZFRkpDcUVFU2x1akNyZGMwT2syUVNqU1g4NS05U255bG5SNnhsWVg0bFFQWmk3OUpkbUlZenJCSDdIeG9UdEMtRjJPZ3FaQXhUYUt4d2hueUZTb2tXQnZsYnA0NXNTNGkyTlpuUVBiQW82UWtXYm1paWlqXzIwVDlyLWdyeEpvbjRXS2JjbDRzRDlnUEV0LU5sX3oybUJDZjdOVTI0TzVRYXpDeC0zVm5FOVdhWlo4Ty14Q2kyNDhYeE1YM0JyUA?oc=5,https://news.google.com/rss/articles/CBMi7AFBVV95cUxOZzFLU2JUbkEzcU95RE54NHBmQ1JLMS1KNG1vd2tUR1AtOTc1ajZFRkpDcUVFU2x1akNyZGMwT2syUVNqU1g4NS05U255bG5SNnhsWVg0bFFQWmk3OUpkbUlZenJCSDdIeG9UdEMtRjJPZ3FaQXhUYUt4d2hueUZTb2tXQnZsYnA0NXNTNGkyTlpuUVBiQW82UWtXYm1paWlqXzIwVDlyLWdyeEpvbjRXS2JjbDRzRDlnUEV0LU5sX3oybUJDZjdOVTI0TzVRYXpDeC0zVm5FOVdhWlo4Ty14Q2kyNDhYeE1YM0JyUA?oc=5,"Fri, 26 Dec 2025 08:00:00 GMT",The Motley Fool,CBMi7AFBVV95cUxOZzFLU2JUbkEzcU95RE54NHBmQ1JLMS1KNG1vd2tUR1AtOTc1ajZFRkpDcUVFU2x1akNyZGMwT2syUVNqU1g4NS05U255bG5SNnhsWVg0bFFQWmk3OUpkbUlZenJCSDdIeG9UdEMtRjJPZ3FaQXhUYUt4d2hueUZTb2tXQnZsYnA0NXNTNGkyTlpuUVBiQW82UWtXYm1paWlqXzIwVDlyLWdyeEpvbjRXS2JjbDRzRDlnUEV0LU5sX3oybUJDZjdOVTI0TzVRYXpDeC0zVm5FOVdhWlo4Ty14Q2kyNDhYeE1YM0JyUA,What a Billionaire Family Office's $16.6 Million Exit From TIC Solutions Signals for Long-Term Investors The Motley Fool,1.0
,,"""Wildcat Capital Management"" family office investment",Wildcat Capital Management,David Bonderman’s Family Office Is Opening Up to World’s Rich - Wealth Management,https://news.google.com/rss/articles/CBMirgFBVV95cUxOYXRNM3NSREVVUVRfZmttVUYwT29mM1lzUm40MU1tc3ltZURNUER6QUdFVVk5aUY2OGJIR0hDLUQtN21Fd3BMY2VJUHU2VnJkZldWTkV3WWJ5SVVPWERDQmVLai1kOC13eHFiaVBVVU5jR0NGZGlNdXlCVjlaTzEzSzYtcmZjNnhGdWZlU3VfZDRGY2NRTnA1TWJ2WEJjMGNnb19iZFVsbi1GMUt3bEE?oc=5,https://news.google.com/rss/articles/CBMirgFBVV95cUxOYXRNM3NSREVVUVRfZmttVUYwT29mM1lzUm40MU1tc3ltZURNUER6QUdFVVk5aUY2OGJIR0hDLUQtN21Fd3BMY2VJUHU2VnJkZldWTkV3WWJ5SVVPWERDQmVLai1kOC13eHFiaVBVVU5jR0NGZGlNdXlCVjlaTzEzSzYtcmZjNnhGdWZlU3VfZDRGY2NRTnA1TWJ2WEJjMGNnb19iZFVsbi1GMUt3bEE?oc=5,"Wed, 12 Feb 2025 20:48:12 GMT",Wealth Management,CBMirgFBVV95cUxOYXRNM3NSREVVUVRfZmttVUYwT29mM1lzUm40MU1tc3ltZURNUER6QUdFVVk5aUY2OGJIR0hDLUQtN21Fd3BMY2VJUHU2VnJkZldWTkV3WWJ5SVVPWERDQmVLai1kOC13eHFiaVBVVU5jR0NGZGlNdXlCVjlaTzEzSzYtcmZjNnhGdWZlU3VfZDRGY2NRTnA1TWJ2WEJjMGNnb19iZFVsbi1GMUt3bEE,David Bonderman’s Family Office Is Opening Up to World’s Rich Wealth Management,2.0
,,"""Wildcat Capital Management"" family office investment",Wildcat Capital Management,Bonderman family office Wildcat finds opportunity in fertility - Buyouts,https://news.google.com/rss/articles/CBMinAFBVV95cUxOV3JHaEJTdU5YX0VqdjdNdXlLZmgwcnV2OVA1MEQtdkhfX1ZPOXVzTzhCYVdtTUM3ajRGZVFfTzlsd3lBcUJuMXJPcldaSldWdTNtd19NSnRoUEIxQ29PNnpQWmxNdDBYUm8xaGl3OEtVRjhGbkFEaTRtRElGMHg0SUtuYXBWLW1nODRTRnF0ODV1VHRuS012Vm14S00?oc=5,https://news.google.com/rss/articles/CBMinAFBVV95cUxOV3JHaEJTdU5YX0VqdjdNdXlLZmgwcnV2OVA1MEQtdkhfX1ZPOXVzTzhCYVdtTUM3ajRGZVFfTzlsd3lBcUJuMXJPcldaSldWdTNtd19NSnRoUEIxQ29PNnpQWmxNdDBYUm8xaGl3OEtVRjhGbkFEaTRtRElGMHg0SUtuYXBWLW1nODRTRnF0ODV1VHRuS012Vm14S00?oc=5,"Mon, 17 Jun 2019 07:00:00 GMT",Buyouts,CBMinAFBVV95cUxOV3JHaEJTdU5YX0VqdjdNdXlLZmgwcnV2OVA1MEQtdkhfX1ZPOXVzTzhCYVdtTUM3ajRGZVFfTzlsd3lBcUJuMXJPcldaSldWdTNtd19NSnRoUEIxQ29PNnpQWmxNdDBYUm8xaGl3OEtVRjhGbkFEaTRtRElGMHg0SUtuYXBWLW1nODRTRnF0ODV1VHRuS012Vm14S00,Bonderman family office Wildcat finds opportunity in fertility Buyouts,3.0
,,"""Wildcat Capital Management"" family office investment",Wildcat Capital Management,Milan Laser continues Growth with New Strategic Investment from Sixth Street and Wildcat Capital Management in Partnership with LGP - Sixth Street,https://news.google.com/rss/articles/CBMihwJBVV95cUxOQWh5bDYzUWlxUmdkVFdsY3hacmR4dDhHaUZvWHBjam9qbXoySnJlbW53TTc0bjNUMkVhQ1hTZ3hOM0drc3ExbUlBMlZBX2NyYjhhUzAzUWJzMEloZWFqSXgzaS1IODNpV3g4UXN6cVQ1WTE3bUpfSUxDcEVVOTZIdWEzbFROeWt2RXZ3eDFFQU5tLU1RZ0ZsbDhCVWUtdHhhVWh2Q1hBMDkyMWJ0UHB5bW4tQThfX3JfRDNLN2ppYVUtdjh4b2JVdTNqdVdSbXhQOUZsOGtKdk1OaUkwWEJUa2NMenY3LUNKbFcxQXhncldqLUlHRy1mSE41aUlEWnRZeDJjQU0yTQ?oc=5,https://news.google.com/rss/articles/CBMihwJBVV95cUxOQWh5bDYzUWlxUmdkVFdsY3hacmR4dDhHaUZvWHBjam9qbXoySnJlbW53TTc0bjNUMkVhQ1hTZ3hOM0drc3ExbUlBMlZBX2NyYjhhUzAzUWJzMEloZWFqSXgzaS1IODNpV3g4UXN6cVQ1WTE3bUpfSUxDcEVVOTZIdWEzbFROeWt2RXZ3eDFFQU5tLU1RZ0ZsbDhCVWUtdHhhVWh2Q1hBMDkyMWJ0UHB5bW4tQThfX3JfRDNLN2ppYVUtdjh4b2JVdTNqdVdSbXhQOUZsOGtKdk1OaUkwWEJUa2NMenY3LUNKbFcxQXhncldqLUlHRy1mSE41aUlEWnRZeDJjQU0yTQ?oc=5,"Wed, 22 Feb 2023 08:00:00 GMT",Sixth Street,CBMihwJBVV95cUxOQWh5bDYzUWlxUmdkVFdsY3hacmR4dDhHaUZvWHBjam9qbXoySnJlbW53TTc0bjNUMkVhQ1hTZ3hOM0drc3ExbUlBMlZBX2NyYjhhUzAzUWJzMEloZWFqSXgzaS1IODNpV3g4UXN6cVQ1WTE3bUpfSUxDcEVVOTZIdWEzbFROeWt2RXZ3eDFFQU5tLU1RZ0ZsbDhCVWUtdHhhVWh2Q1hBMDkyMWJ0UHB5bW4tQThfX3JfRDNLN2ppYVUtdjh4b2JVdTNqdVdSbXhQOUZsOGtKdk1OaUkwWEJUa2NMenY3LUNKbFcxQXhncldqLUlHRy1mSE41aUlEWnRZeDJjQU0yTQ,Milan Laser continues Growth with New Strategic Investment from Sixth Street and Wildcat Capital Management in Partnership with LGP Sixth Street,4.0
,,"""Wildcat Capital Management"" family office investment",Wildcat Capital Management,Billionaire Family Office Dumps All of Its UroGen Stock Amid 100% Rally - The Motley Fool,https://news.google.com/rss/articles/CBMivAFBVV95cUxPbUFzTk55WVJ1cEtuZnhpX1J0d3Z4VWhxb1dSOGZFYTFFLXQwY0hTY3dkeTVEVEpqXzQxd20xd1RfWEpHVmRvX3hPTUh3NUlHR25JcmRjVnhydnAxQ2JVdy1ER1ZzaUJDUEp5QlhDTml6THhkTjdPUTRNbzhFSndyRlhrLWYyMkh5cWNYWHdkTUNZY3p5V3AtVVpyRWJ3Wl9MU2ZqQjVEZURnUFdfMEJyci1CUmxGY2FuSVBCcA?oc=5,https://news.google.com/rss/articles/CBMivAFBVV95cUxPbUFzTk55WVJ1cEtuZnhpX1J0d3Z4VWhxb1dSOGZFYTFFLXQwY0hTY3dkeTVEVEpqXzQxd20xd1RfWEpHVmRvX3hPTUh3NUlHR25JcmRjVnhydnAxQ2JVdy1ER1ZzaUJDUEp5QlhDTml6THhkTjdPUTRNbzhFSndyRlhrLWYyMkh5cWNYWHdkTUNZY3p5V3AtVVpyRWJ3Wl9MU2ZqQjVEZURnUFdfMEJyci1CUmxGY2FuSVBCcA?oc=5,"Fri, 26 Dec 2025 08:00:00 GMT",The Motley Fool,CBMivAFBVV95cUxPbUFzTk55WVJ1cEtuZnhpX1J0d3Z4VWhxb1dSOGZFYTFFLXQwY0hTY3dkeTVEVEpqXzQxd20xd1RfWEpHVmRvX3hPTUh3NUlHR25JcmRjVnhydnAxQ2JVdy1ER1ZzaUJDUEp5QlhDTml6THhkTjdPUTRNbzhFSndyRlhrLWYyMkh5cWNYWHdkTUNZY3p5V3AtVVpyRWJ3Wl9MU2ZqQjVEZURnUFdfMEJyci1CUmxGY2FuSVBCcA,Billionaire Family Office Dumps All of Its UroGen Stock Amid 100% Rally The Motley Fool,5.0
,,"""AT Capital Group"" family office investment",AT Capital Group,"Firstrust Financial Resources Hosts Panel Discussion, as Top Investors Share Market Outlook - VISTA.Today",https://news.google.com/rss/articles/CBMickFVX3lxTE9qa045eThNRGtjeFFxbGxRc2NOMWE3V2swTjhZX3g3b184b2x5TXNBelU4ZS1QLUlyRjRhX2ExaE9Mdk53bFZvckNOVFNTZV94a3RZUFhQazA4eTNldi1HNU5ZQ2RJZXJRV0xqR0NXeDlqUQ?oc=5,https://news.google.com/rss/articles/CBMickFVX3lxTE9qa045eThNRGtjeFFxbGxRc2NOMWE3V2swTjhZX3g3b184b2x5TXNBelU4ZS1QLUlyRjRhX2ExaE9Mdk53bFZvckNOVFNTZV94a3RZUFhQazA4eTNldi1HNU5ZQ2RJZXJRV0xqR0NXeDlqUQ?oc=5,"Mon, 11 Aug 2025 07:00:00 GMT",VISTA.Today,CBMickFVX3lxTE9qa045eThNRGtjeFFxbGxRc2NOMWE3V2swTjhZX3g3b184b2x5TXNBelU4ZS1QLUlyRjRhX2ExaE9Mdk53bFZvckNOVFNTZV94a3RZUFhQazA4eTNldi1HNU5ZQ2RJZXJRV0xqR0NXeDlqUQ,"Firstrust Financial Resources Hosts Panel Discussion, as Top Investors Share Market Outlook VISTA.Today",1.0
,,"""AT Capital Group"" family office investment",AT Capital Group,Capital Group Expands Fixed Income Team in Europe with the Addition of Álvaro Peró Gala - RankiaPro,https://news.google.com/rss/articles/CBMipgFBVV95cUxQcEJmYmE5XzIyQUNpcWRHNXBvSl8wbW9ETEFyaUktNHQtZElOaU55dTZaYWg4UWZranBES19iYzUtbWlwN1dTTDNwX2ZxZXJLT3RkNl95RWlORnBNcW0wRHJaRWRnXy13NnNwdXN2U3Jtc1V6RXhOSkgxQXRCQWZrMHNORWNIUmRWbVdZaXEyVTZSUjloaWpqQTlCWXlvSXZhYW9zWjl3?oc=5,https://news.google.com/rss/articles/CBMipgFBVV95cUxQcEJmYmE5XzIyQUNpcWRHNXBvSl8wbW9ETEFyaUktNHQtZElOaU55dTZaYWg4UWZranBES19iYzUtbWlwN1dTTDNwX2ZxZXJLT3RkNl95RWlORnBNcW0wRHJaRWRnXy13NnNwdXN2U3Jtc1V6RXhOSkgxQXRCQWZrMHNORWNIUmRWbVdZaXEyVTZSUjloaWpqQTlCWXlvSXZhYW9zWjl3?oc=5,"Mon, 22 Jul 2024 07:00:00 GMT",RankiaPro,CBMipgFBVV95cUxQcEJmYmE5XzIyQUNpcWRHNXBvSl8wbW9ETEFyaUktNHQtZElOaU55dTZaYWg4UWZranBES19iYzUtbWlwN1dTTDNwX2ZxZXJLT3RkNl95RWlORnBNcW0wRHJaRWRnXy13NnNwdXN2U3Jtc1V6RXhOSkgxQXRCQWZrMHNORWNIUmRWbVdZaXEyVTZSUjloaWpqQTlCWXlvSXZhYW9zWjl3,Capital Group Expands Fixed Income Team in Europe with the Addition of Álvaro Peró Gala RankiaPro,2.0
,,"""AT Capital Group"" family office investment",AT Capital Group,True North Advisors Hires Melissa Lucas and Susan Rowinski to Elevate Expanding Family Wealth Offering - Business Wire,https://news.google.com/rss/articles/CBMi8AFBVV95cUxOaGxvNXRVT1RuX0JoVUxuSFRnRHRsNHUyejlmbm12YjZIQ2R1TnpiblYta0Q5cDVVMlFvSVFOY0hLWUpidmZYNW8xSGhfbDlEUVlsdGxwZHg1OTV3RGxpeF9SVFNjMW1PWGg5RXI4Z1NDc0RncE9WbWtpdVdBNnZkUGsxdEFmLThMcmp4TEV3R2ZuX1FNTjI2VkZGQmMtZFlvM2hoRTZKOVYyX0xEYndfcUExb3lCbGk3SHBMdktYUVRUQnEtWm13dTVhSjdjRzFWYlhUYVEzZ0NsZjF5cXlBZ1k4ejhNeHdlYjdxTlRDWkY?oc=5,https://news.google.com/rss/articles/CBMi8AFBVV95cUxOaGxvNXRVT1RuX0JoVUxuSFRnRHRsNHUyejlmbm12YjZIQ2R1TnpiblYta0Q5cDVVMlFvSVFOY0hLWUpidmZYNW8xSGhfbDlEUVlsdGxwZHg1OTV3RGxpeF9SVFNjMW1PWGg5RXI4Z1NDc0RncE9WbWtpdVdBNnZkUGsxdEFmLThMcmp4TEV3R2ZuX1FNTjI2VkZGQmMtZFlvM2hoRTZKOVYyX0xEYndfcUExb3lCbGk3SHBMdktYUVRUQnEtWm13dTVhSjdjRzFWYlhUYVEzZ0NsZjF5cXlBZ1k4ejhNeHdlYjdxTlRDWkY?oc=5,"Thu, 27 Jun 2024 07:00:00 GMT",Business Wire,CBMi8AFBVV95cUxOaGxvNXRVT1RuX0JoVUxuSFRnRHRsNHUyejlmbm12YjZIQ2R1TnpiblYta0Q5cDVVMlFvSVFOY0hLWUpidmZYNW8xSGhfbDlEUVlsdGxwZHg1OTV3RGxpeF9SVFNjMW1PWGg5RXI4Z1NDc0RncE9WbWtpdVdBNnZkUGsxdEFmLThMcmp4TEV3R2ZuX1FNTjI2VkZGQmMtZFlvM2hoRTZKOVYyX0xEYndfcUExb3lCbGk3SHBMdktYUVRUQnEtWm13dTVhSjdjRzFWYlhUYVEzZ0NsZjF5cXlBZ1k4ejhNeHdlYjdxTlRDWkY,True North Advisors Hires Melissa Lucas and Susan Rowinski to Elevate Expanding Family Wealth Offering Business Wire,3.0
,,"""AT Capital Group"" family office investment",AT Capital Group,Singapore's AT Capital Buys Warsaw's Liberty Tower - Mingtiandi,https://news.google.com/rss/articles/CBMirAFBVV95cUxNZ0I5NDVLRkxzQTIzVnNJc1NOempjZHZMTEdHX083ZGhpcVY3ekRheC1HR0tueVNrakw0eXdueGV3eVM2OXAtVEpIQnFfbFlIeXlRYW9tSTI1Q3o5cmwwdFRaR1Nzd1Nlak45YmE2QllEMDZCOUVRTjBSSWJHZ2QtU08weWZlelp1SVozbVBBaU1BV1dNQVZ0YnZhNXluUnFqdW5ZVlFRMEFmdUlM?oc=5,https://news.google.com/rss/articles/CBMirAFBVV95cUxNZ0I5NDVLRkxzQTIzVnNJc1NOempjZHZMTEdHX083ZGhpcVY3ekRheC1HR0tueVNrakw0eXdueGV3eVM2OXAtVEpIQnFfbFlIeXlRYW9tSTI1Q3o5cmwwdFRaR1Nzd1Nlak45YmE2QllEMDZCOUVRTjBSSWJHZ2QtU08weWZlelp1SVozbVBBaU1BV1dNQVZ0YnZhNXluUnFqdW5ZVlFRMEFmdUlM?oc=5,"Mon, 30 Jan 2023 08:00:00 GMT",Mingtiandi,CBMirAFBVV95cUxNZ0I5NDVLRkxzQTIzVnNJc1NOempjZHZMTEdHX083ZGhpcVY3ekRheC1HR0tueVNrakw0eXdueGV3eVM2OXAtVEpIQnFfbFlIeXlRYW9tSTI1Q3o5cmwwdFRaR1Nzd1Nlak45YmE2QllEMDZCOUVRTjBSSWJHZ2QtU08weWZlelp1SVozbVBBaU1BV1dNQVZ0YnZhNXluUnFqdW5ZVlFRMEFmdUlM,Singapore's AT Capital Buys Warsaw's Liberty Tower Mingtiandi,4.0
,,"""AT Capital Group"" family office investment",AT Capital Group,Asian Women Empowered: Innovators in Investment and Finance - Asia Society,https://news.google.com/rss/articles/CBMiqgFBVV95cUxNaUFmTnV3ajhRZ2NzZU5Ia3RqZU1aYkZqdWJTaXFycmZrYWFqM1VOSWtsdG0zMkZUSHJGblJ5bmZlRTlsZHpQb3poWV9RU0tyeU1YbzRzX2RUYVhUZ0h1ZUFZd3pxdlhCOW9aNy1LbFdjS1RUUDBWaGNiNnU5dUhmWmpNYXozMzB6c3ZZZHlTWGhJdVUxWUVrVGVCWXBoc2RTanVQMGpFS05EUQ?oc=5,https://news.google.com/rss/articles/CBMiqgFBVV95cUxNaUFmTnV3ajhRZ2NzZU5Ia3RqZU1aYkZqdWJTaXFycmZrYWFqM1VOSWtsdG0zMkZUSHJGblJ5bmZlRTlsZHpQb3poWV9RU0tyeU1YbzRzX2RUYVhUZ0h1ZUFZd3pxdlhCOW9aNy1LbFdjS1RUUDBWaGNiNnU5dUhmWmpNYXozMzB6c3ZZZHlTWGhJdVUxWUVrVGVCWXBoc2RTanVQMGpFS05EUQ?oc=5,"Thu, 17 Feb 2022 00:52:45 GMT",Asia Society,CBMiqgFBVV95cUxNaUFmTnV3ajhRZ2NzZU5Ia3RqZU1aYkZqdWJTaXFycmZrYWFqM1VOSWtsdG0zMkZUSHJGblJ5bmZlRTlsZHpQb3poWV9RU0tyeU1YbzRzX2RUYVhUZ0h1ZUFZd3pxdlhCOW9aNy1LbFdjS1RUUDBWaGNiNnU5dUhmWmpNYXozMzB6c3ZZZHlTWGhJdVUxWUVrVGVCWXBoc2RTanVQMGpFS05EUQ,Asian Women Empowered: Innovators in Investment and Finance Asia Society,5.0
,,"""East Rock Capital"" family office investment",East Rock Capital,Old Well Labs: AI Investment Intelligence Platform Welcomes Strategic New Investors - Pulse 2.0,https://news.google.com/rss/articles/CBMipAFBVV95cUxQZjBrZTdnR29YUmw5SmtTeUZVX3lHcWFZeWhKcVBXNGJLcVkxd2prSFB2aTI1SjNwVTdBcm5UaF9Gdnk5aGpDZmFHUW9pdWgxS2Q4UzVyQzZqTkp0UTNZdkRaWXZaQWw5OFk1WUVkVFJMa19oS0wxOTEwQm9ocFRoSjN6enByQloxclBMTUktc1R2dWlpazlsT0VMWUlud1lQdDBTbtIBqgFBVV95cUxQQ2g1ZjJjNlhySVpfQmZPdURhNmIweTZHVHNFT0RfUU9sVmJIUW0yNVhLakoxOFV3OVVUVDJSeE9rTHBzR2VqVWRtaF9jWjRIVmRuakVIVU1MX09Wanl0WlJWcHdoRERuLWtveWR2VWVKWkdKQVlxU05XQkFVUkZnUkFqZUJ6Qjc5NUhRbEpmV3FGZmhvU0xiUG1wZ2ZsTlNLS01fQkhHcVZUQQ?oc=5,https://news.google.com/rss/articles/CBMipAFBVV95cUxQZjBrZTdnR29YUmw5SmtTeUZVX3lHcWFZeWhKcVBXNGJLcVkxd2prSFB2aTI1SjNwVTdBcm5UaF9Gdnk5aGpDZmFHUW9pdWgxS2Q4UzVyQzZqTkp0UTNZdkRaWXZaQWw5OFk1WUVkVFJMa19oS0wxOTEwQm9ocFRoSjN6enByQloxclBMTUktc1R2dWlpazlsT0VMWUlud1lQdDBTbtIBqgFBVV95cUxQQ2g1ZjJjNlhySVpfQmZPdURhNmIweTZHVHNFT0RfUU9sVmJIUW0yNVhLakoxOFV3OVVUVDJSeE9rTHBzR2VqVWRtaF9jWjRIVmRuakVIVU1MX09Wanl0WlJWcHdoRERuLWtveWR2VWVKWkdKQVlxU05XQkFVUkZnUkFqZUJ6Qjc5NUhRbEpmV3FGZmhvU0xiUG1wZ2ZsTlNLS01fQkhHcVZUQQ?oc=5,"Mon, 02 Mar 2026 08:00:00 GMT",Pulse 2.0,CBMipAFBVV95cUxQZjBrZTdnR29YUmw5SmtTeUZVX3lHcWFZeWhKcVBXNGJLcVkxd2prSFB2aTI1SjNwVTdBcm5UaF9Gdnk5aGpDZmFHUW9pdWgxS2Q4UzVyQzZqTkp0UTNZdkRaWXZaQWw5OFk1WUVkVFJMa19oS0wxOTEwQm9ocFRoSjN6enByQloxclBMTUktc1R2dWlpazlsT0VMWUlud1lQdDBTbtIBqgFBVV95cUxQQ2g1ZjJjNlhySVpfQmZPdURhNmIweTZHVHNFT0RfUU9sVmJIUW0yNVhLakoxOFV3OVVUVDJSeE9rTHBzR2VqVWRtaF9jWjRIVmRuakVIVU1MX09Wanl0WlJWcHdoRERuLWtveWR2VWVKWkdKQVlxU05XQkFVUkZnUkFqZUJ6Qjc5NUhRbEpmV3FGZmhvU0xiUG1wZ2ZsTlNLS01fQkhHcVZUQQ,Old Well Labs: AI Investment Intelligence Platform Welcomes Strategic New Investors Pulse 2.0,1.0
,,"""East Rock Capital"" family office investment",East Rock Capital,"April 13, 2023: Adam Shapiro on investment strategy; a family-office debate on Reddit - Crain Currency",https://news.google.com/rss/articles/CBMiwAFBVV95cUxOb1lKSWoyQmpCZ0dzVkpzUHI4NnlMZDc1V1hIMDJjN0xDbHBzUEwyeGx3WW9WZFFPZDBWRjNleGxnczY2SlpkaVB0OFNvOUR3cWI3aWhhQnA5ZVRpMDRhNmI2Z2xVSjVmTkZXTEpkaEdfLXVJSk9PRVlVMnBTSFZHeVNOTFItalRPa195ek1XRWw5YVpmZ0JtR3liU0VMenpzZ24xb25pWnhsRDRNbllSaWVfUzJCN0FqUXZ4SVpnd2g?oc=5,https://news.google.com/rss/articles/CBMiwAFBVV95cUxOb1lKSWoyQmpCZ0dzVkpzUHI4NnlMZDc1V1hIMDJjN0xDbHBzUEwyeGx3WW9WZFFPZDBWRjNleGxnczY2SlpkaVB0OFNvOUR3cWI3aWhhQnA5ZVRpMDRhNmI2Z2xVSjVmTkZXTEpkaEdfLXVJSk9PRVlVMnBTSFZHeVNOTFItalRPa195ek1XRWw5YVpmZ0JtR3liU0VMenpzZ24xb25pWnhsRDRNbllSaWVfUzJCN0FqUXZ4SVpnd2g?oc=5,"Thu, 13 Apr 2023 07:00:00 GMT",Crain Currency,CBMiwAFBVV95cUxOb1lKSWoyQmpCZ0dzVkpzUHI4NnlMZDc1V1hIMDJjN0xDbHBzUEwyeGx3WW9WZFFPZDBWRjNleGxnczY2SlpkaVB0OFNvOUR3cWI3aWhhQnA5ZVRpMDRhNmI2Z2xVSjVmTkZXTEpkaEdfLXVJSk9PRVlVMnBTSFZHeVNOTFItalRPa195ek1XRWw5YVpmZ0JtR3liU0VMenpzZ24xb25pWnhsRDRNbllSaWVfUzJCN0FqUXZ4SVpnd2g,"April 13, 2023: Adam Shapiro on investment strategy; a family-office debate on Reddit Crain Currency",2.0
,,"""East Rock Capital"" family office investment",East Rock Capital,East Rock Capital Names Alexandra Schueler Senior Director of Strategic Engagement - Business Wire,https://news.google.com/rss/articles/CBMi1gFBVV95cUxNQVBaSkhqbEFHSGZwUlRla3BZdVlna3Etdmx5Z0xsVkg0YnRGQzFpeDVxRmh0eTI4ZFNsR29nWDI0b0xMNkF0dzIwUzUzYjJ1Z21TeUdBRzBwUlMxdnVYMkhtcmtkdFF2SDJVaXlxRkdHWGtoaHlmUVpxb0JBN2FnZmpZbzFRSDQ4Vkpwb2lFY0FVWlRYVzhSYXNreTVTajE1VVJEd2p0SE02TENpUUkxUnVwY2lhcW9DTGtScVJCTUc3S3dmMTRnTXZWVlJ5ZXVwMThaSEF3?oc=5,https://news.google.com/rss/articles/CBMi1gFBVV95cUxNQVBaSkhqbEFHSGZwUlRla3BZdVlna3Etdmx5Z0xsVkg0YnRGQzFpeDVxRmh0eTI4ZFNsR29nWDI0b0xMNkF0dzIwUzUzYjJ1Z21TeUdBRzBwUlMxdnVYMkhtcmtkdFF2SDJVaXlxRkdHWGtoaHlmUVpxb0JBN2FnZmpZbzFRSDQ4Vkpwb2lFY0FVWlRYVzhSYXNreTVTajE1VVJEd2p0SE02TENpUUkxUnVwY2lhcW9DTGtScVJCTUc3S3dmMTRnTXZWVlJ5ZXVwMThaSEF3?oc=5,"Tue, 23 Jul 2024 07:00:00 GMT",Business Wire,CBMi1gFBVV95cUxNQVBaSkhqbEFHSGZwUlRla3BZdVlna3Etdmx5Z0xsVkg0YnRGQzFpeDVxRmh0eTI4ZFNsR29nWDI0b0xMNkF0dzIwUzUzYjJ1Z21TeUdBRzBwUlMxdnVYMkhtcmtkdFF2SDJVaXlxRkdHWGtoaHlmUVpxb0JBN2FnZmpZbzFRSDQ4Vkpwb2lFY0FVWlRYVzhSYXNreTVTajE1VVJEd2p0SE02TENpUUkxUnVwY2lhcW9DTGtScVJCTUc3S3dmMTRnTXZWVlJ5ZXVwMThaSEF3,East Rock Capital Names Alexandra Schueler Senior Director of Strategic Engagement Business Wire,3.0
,,"""East Rock Capital"" family office investment",East Rock Capital,Top 56 Largest Multi Family Office Rankings by Total Assets - Sovereign Wealth Fund Institute | SWFI,https://news.google.com/rss/articles/CBMib0FVX3lxTFBhdlh0RExpQWdCcVJPQ2dXT0FHWUpudEh3RGRsZ1BIc2FLT0hwX1NRdHI3SjFlQVJMckZDT1gzN1lpejhiOG01bmcwQlgwT0FyVzdmTGpCOFByZ3hCeUlxRkJpSmg1UU1Va3AtaENqOA?oc=5,https://news.google.com/rss/articles/CBMib0FVX3lxTFBhdlh0RExpQWdCcVJPQ2dXT0FHWUpudEh3RGRsZ1BIc2FLT0hwX1NRdHI3SjFlQVJMckZDT1gzN1lpejhiOG01bmcwQlgwT0FyVzdmTGpCOFByZ3hCeUlxRkJpSmg1UU1Va3AtaENqOA?oc=5,"Mon, 30 Sep 2024 19:37:15 GMT",Sovereign Wealth Fund Institute | SWFI,CBMib0FVX3lxTFBhdlh0RExpQWdCcVJPQ2dXT0FHWUpudEh3RGRsZ1BIc2FLT0hwX1NRdHI3SjFlQVJMckZDT1gzN1lpejhiOG01bmcwQlgwT0FyVzdmTGpCOFByZ3hCeUlxRkJpSmg1UU1Va3AtaENqOA,Top 56 Largest Multi Family Office Rankings by Total Assets Sovereign Wealth Fund Institute | SWFI,4.0
,,"""East Rock Capital"" family office investment",East Rock Capital,Panel - Managing Large Asset Pools for Families and Institutions (Invite only) - Milken Institute,https://news.google.com/rss/articles/CBMiuAFBVV95cUxNcjQxN2lHQ0ozNjBRak5fbHA1dEFYdkZLZEh6V1ZsUEFpZjBzbU1kMEhWNjNCdUszdE1VcnZDdDRZMVFsT1hzT3dtLTRYejYySG9iVFJkLXVOQUlCbmcxOGo4TVg3Qng0OFdJdm12Wm0tdGdJTm1CNHdVRGxPLXVJcXRQbmxkS0JXOXVER3BadmdfR2tocDR4SlZXY2lNdERNVVlrSktQeHZrcGw2VU5FYTJsWE1sNHh0?oc=5,https://news.google.com/rss/articles/CBMiuAFBVV95cUxNcjQxN2lHQ0ozNjBRak5fbHA1dEFYdkZLZEh6V1ZsUEFpZjBzbU1kMEhWNjNCdUszdE1VcnZDdDRZMVFsT1hzT3dtLTRYejYySG9iVFJkLXVOQUlCbmcxOGo4TVg3Qng0OFdJdm12Wm0tdGdJTm1CNHdVRGxPLXVJcXRQbmxkS0JXOXVER3BadmdfR2tocDR4SlZXY2lNdERNVVlrSktQeHZrcGw2VU5FYTJsWE1sNHh0?oc=5,"Mon, 02 Jun 2025 06:39:11 GMT",Milken Institute,CBMiuAFBVV95cUxNcjQxN2lHQ0ozNjBRak5fbHA1dEFYdkZLZEh6V1ZsUEFpZjBzbU1kMEhWNjNCdUszdE1VcnZDdDRZMVFsT1hzT3dtLTRYejYySG9iVFJkLXVOQUlCbmcxOGo4TVg3Qng0OFdJdm12Wm0tdGdJTm1CNHdVRGxPLXVJcXRQbmxkS0JXOXVER3BadmdfR2tocDR4SlZXY2lNdERNVVlrSktQeHZrcGw2VU5FYTJsWE1sNHh0,Panel - Managing Large Asset Pools for Families and Institutions (Invite only) Milken Institute,5.0
,,"""Verlinvest"" family office investment",Verlinvest,Verlinvest invests $75M in Coimbatore-based The Eye Foundation - YourStory.com,https://news.google.com/rss/articles/CBMiswFBVV95cUxPRVVPNHRETU9TZkh0RWhoREtsdWtRdkFaOHVFYlJwS3ltM3d6cnd2RXpwWmpZMTQyOVd6WDNac3BiRXF1NWYwWUhoOENLRE1abURORVJ2eWhfWDZybWNjZ1hIenZDdlZ3Qlh5MHdiT01wQVJyVlJ5N2wydG5uRGdmc2gwZFN2amZRMzYxSFNlLUItbHJ4NkNsRW9Td0VBbWxUU1RPVVRSMXZCYVA0MnpfNjluWQ?oc=5,https://news.google.com/rss/articles/CBMiswFBVV95cUxPRVVPNHRETU9TZkh0RWhoREtsdWtRdkFaOHVFYlJwS3ltM3d6cnd2RXpwWmpZMTQyOVd6WDNac3BiRXF1NWYwWUhoOENLRE1abURORVJ2eWhfWDZybWNjZ1hIenZDdlZ3Qlh5MHdiT01wQVJyVlJ5N2wydG5uRGdmc2gwZFN2amZRMzYxSFNlLUItbHJ4NkNsRW9Td0VBbWxUU1RPVVRSMXZCYVA0MnpfNjluWQ?oc=5,"Thu, 23 Oct 2025 07:00:00 GMT",YourStory.com,CBMiswFBVV95cUxPRVVPNHRETU9TZkh0RWhoREtsdWtRdkFaOHVFYlJwS3ltM3d6cnd2RXpwWmpZMTQyOVd6WDNac3BiRXF1NWYwWUhoOENLRE1abURORVJ2eWhfWDZybWNjZ1hIenZDdlZ3Qlh5MHdiT01wQVJyVlJ5N2wydG5uRGdmc2gwZFN2amZRMzYxSFNlLUItbHJ4NkNsRW9Td0VBbWxUU1RPVVRSMXZCYVA0MnpfNjluWQ,Verlinvest invests $75M in Coimbatore-based The Eye Foundation YourStory.com,1.0
,,"""Verlinvest"" family office investment",Verlinvest,How Verlinvest Champions Purpose-Driven Founders Driving Consumer Revolutions - Forbes,https://news.google.com/rss/articles/CBMiyAFBVV95cUxPSGFVX21HY2hKQjlDZ3FHQ1BiZnRZRFEwejEzZGdmV19VWHA1S2JRbWFhV3VYVUZ1b0FXX0pXeTJJNW5DRHNSY254aGQzS1RsUjVqOEV6OVJ3XzBiXzZYcGRDQlJqOHpFYjNWam12VG1fTUx0S1ZWWE5rQXNwUENQZGRMcmJEMkVHdFVnSmEzaFpSN0tZRjVVeHNBM3Fnci04a0hJODRGdkJZSC1UMDVhbmRIWElvZDNaZUF0Wi12TTNnMVNMVWxLZw?oc=5,https://news.google.com/rss/articles/CBMiyAFBVV95cUxPSGFVX21HY2hKQjlDZ3FHQ1BiZnRZRFEwejEzZGdmV19VWHA1S2JRbWFhV3VYVUZ1b0FXX0pXeTJJNW5DRHNSY254aGQzS1RsUjVqOEV6OVJ3XzBiXzZYcGRDQlJqOHpFYjNWam12VG1fTUx0S1ZWWE5rQXNwUENQZGRMcmJEMkVHdFVnSmEzaFpSN0tZRjVVeHNBM3Fnci04a0hJODRGdkJZSC1UMDVhbmRIWElvZDNaZUF0Wi12TTNnMVNMVWxLZw?oc=5,"Wed, 14 Apr 2021 07:00:00 GMT",Forbes,CBMiyAFBVV95cUxPSGFVX21HY2hKQjlDZ3FHQ1BiZnRZRFEwejEzZGdmV19VWHA1S2JRbWFhV3VYVUZ1b0FXX0pXeTJJNW5DRHNSY254aGQzS1RsUjVqOEV6OVJ3XzBiXzZYcGRDQlJqOHpFYjNWam12VG1fTUx0S1ZWWE5rQXNwUENQZGRMcmJEMkVHdFVnSmEzaFpSN0tZRjVVeHNBM3Fnci04a0hJODRGdkJZSC1UMDVhbmRIWElvZDNaZUF0Wi12TTNnMVNMVWxLZw,How Verlinvest Champions Purpose-Driven Founders Driving Consumer Revolutions Forbes,2.0
,,"""Verlinvest"" family office investment",Verlinvest,Coimbatore-headquartered speciality hospital chain The Eye Foundation raises $75 million from Verlinvest - BusinessLine,https://news.google.com/rss/articles/CBMi_gFBVV95cUxOakQ0dnpSNUNla2w5TERQd0EtUGt6ck5KcFBNaTdMXy1yN0NBQm9JdUFIMmI1MTBtOF9qNXNCLUVickNQSnhCLTJ1SlBNU0VDTjlYUGRNSnZUOFFxZk9BZ0p4OGpqMjNpZGhfMWdJVmUyRW1rN05HT3l1Zm55UHRKR0hPWEZpSERlUmc5b0t3V05Vemt5cG9zeUdoV3VYUnpianIyYm8tZlp2N2p6SUZjRldrV3JLN0VkQnZ1aWVJVkZlR2w0ZkdORW1kT3MwWXBCZGVqQXZBWVEzWUJnZWh4cHcxS0RLTW1wLU0wNXNLR1ZjYUlkNVo3WVRfZFJpZ9IBhAJBVV95cUxOOF9od0VDd1BkUEdMaVhscWJsdExfS0RiWWcwTHZwVlJjTktQRml2bDFTRWFZalhJYVpoSjNEMWR4UVM2U1ZwSTR5eTVLejVCUTYxR2NWZm0wSFNMeTZXc3BiczRBT3BwOGxud05KckZPdDhFSUhMMWdnMkx1b29ZQkVDSWJBUHZMLVNvUEJHLXdvSFkybUJfOFEydFVJU2N2dDhPRHRFNXBQSHVZTW5YUFFjejBwTXM2b2VEdUdHNV9jeDgtWGhraWNBeEFVbEpUbm9uV2tCajFRcXdBR3NsWmt4Y1hSSG5qZG85UXd3dlJIMTd6TlZxaE1rNVN0ZEs3V0ZZVw?oc=5,https://news.google.com/rss/articles/CBMi_gFBVV95cUxOakQ0dnpSNUNla2w5TERQd0EtUGt6ck5KcFBNaTdMXy1yN0NBQm9JdUFIMmI1MTBtOF9qNXNCLUVickNQSnhCLTJ1SlBNU0VDTjlYUGRNSnZUOFFxZk9BZ0p4OGpqMjNpZGhfMWdJVmUyRW1rN05HT3l1Zm55UHRKR0hPWEZpSERlUmc5b0t3V05Vemt5cG9zeUdoV3VYUnpianIyYm8tZlp2N2p6SUZjRldrV3JLN0VkQnZ1aWVJVkZlR2w0ZkdORW1kT3MwWXBCZGVqQXZBWVEzWUJnZWh4cHcxS0RLTW1wLU0wNXNLR1ZjYUlkNVo3WVRfZFJpZ9IBhAJBVV95cUxOOF9od0VDd1BkUEdMaVhscWJsdExfS0RiWWcwTHZwVlJjTktQRml2bDFTRWFZalhJYVpoSjNEMWR4UVM2U1ZwSTR5eTVLejVCUTYxR2NWZm0wSFNMeTZXc3BiczRBT3BwOGxud05KckZPdDhFSUhMMWdnMkx1b29ZQkVDSWJBUHZMLVNvUEJHLXdvSFkybUJfOFEydFVJU2N2dDhPRHRFNXBQSHVZTW5YUFFjejBwTXM2b2VEdUdHNV9jeDgtWGhraWNBeEFVbEpUbm9uV2tCajFRcXdBR3NsWmt4Y1hSSG5qZG85UXd3dlJIMTd6TlZxaE1rNVN0ZEs3V0ZZVw?oc=5,"Thu, 23 Oct 2025 07:00:00 GMT",BusinessLine,CBMi_gFBVV95cUxOakQ0dnpSNUNla2w5TERQd0EtUGt6ck5KcFBNaTdMXy1yN0NBQm9JdUFIMmI1MTBtOF9qNXNCLUVickNQSnhCLTJ1SlBNU0VDTjlYUGRNSnZUOFFxZk9BZ0p4OGpqMjNpZGhfMWdJVmUyRW1rN05HT3l1Zm55UHRKR0hPWEZpSERlUmc5b0t3V05Vemt5cG9zeUdoV3VYUnpianIyYm8tZlp2N2p6SUZjRldrV3JLN0VkQnZ1aWVJVkZlR2w0ZkdORW1kT3MwWXBCZGVqQXZBWVEzWUJnZWh4cHcxS0RLTW1wLU0wNXNLR1ZjYUlkNVo3WVRfZFJpZ9IBhAJBVV95cUxOOF9od0VDd1BkUEdMaVhscWJsdExfS0RiWWcwTHZwVlJjTktQRml2bDFTRWFZalhJYVpoSjNEMWR4UVM2U1ZwSTR5eTVLejVCUTYxR2NWZm0wSFNMeTZXc3BiczRBT3BwOGxud05KckZPdDhFSUhMMWdnMkx1b29ZQkVDSWJBUHZMLVNvUEJHLXdvSFkybUJfOFEydFVJU2N2dDhPRHRFNXBQSHVZTW5YUFFjejBwTXM2b2VEdUdHNV9jeDgtWGhraWNBeEFVbEpUbm9uV2tCajFRcXdBR3NsWmt4Y1hSSG5qZG85UXd3dlJIMTd6TlZxaE1rNVN0ZEs3V0ZZVw,Coimbatore-headquartered speciality hospital chain The Eye Foundation raises $75 million from Verlinvest BusinessLine,3.0
,,"""Verlinvest"" family office investment",Verlinvest,Sleepless in Philadelphia? Verlinvest and Mistral Acquire Insomnia Cookies - Private Equity Professional,https://news.google.com/rss/articles/CBMirgFBVV95cUxPcXZuc2hvR2YtUVIwZHcweGdVeHBQWkQ5MERiQlRMTzlBTlBSU19Uc0F1QV9uS1BfaGZfeFlLMndiaUJwXzloNDFPRUJ6WDR2LXdncHRvQzhNXzV3NU1EQ21aTXZ1WWt3TV81YkhKTlVoN21wdGl0WjZ5Ti1yM180b3FrUEZTb3ZuMmxmSVhxTEhqT0cwLWJwLW0wRmh6azgwVDVtSlREclhYZ09RRXc?oc=5,https://news.google.com/rss/articles/CBMirgFBVV95cUxPcXZuc2hvR2YtUVIwZHcweGdVeHBQWkQ5MERiQlRMTzlBTlBSU19Uc0F1QV9uS1BfaGZfeFlLMndiaUJwXzloNDFPRUJ6WDR2LXdncHRvQzhNXzV3NU1EQ21aTXZ1WWt3TV81YkhKTlVoN21wdGl0WjZ5Ti1yM180b3FrUEZTb3ZuMmxmSVhxTEhqT0cwLWJwLW0wRmh6azgwVDVtSlREclhYZ09RRXc?oc=5,"Mon, 22 Jul 2024 07:00:00 GMT",Private Equity Professional,CBMirgFBVV95cUxPcXZuc2hvR2YtUVIwZHcweGdVeHBQWkQ5MERiQlRMTzlBTlBSU19Uc0F1QV9uS1BfaGZfeFlLMndiaUJwXzloNDFPRUJ6WDR2LXdncHRvQzhNXzV3NU1EQ21aTXZ1WWt3TV81YkhKTlVoN21wdGl0WjZ5Ti1yM180b3FrUEZTb3ZuMmxmSVhxTEhqT0cwLWJwLW0wRmh6azgwVDVtSlREclhYZ09RRXc,Sleepless in Philadelphia? Verlinvest and Mistral Acquire Insomnia Cookies Private Equity Professional,4.0
,,"""Verlinvest"" family office investment",Verlinvest,"Family offices bet big on startups: From burgers to space-tech, here are the top picks - TradingView",https://news.google.com/rss/articles/CBMi4AFBVV95cUxNN1NqRnBwRjNPaF9HcDZudEtWRm1McjVhajNRbVgzMGxhLUxPYXJXS0tfWXh1SmZod3RVUXNRNDd4YzNtNnFURVBaZTd3cVlHU1FOeHVkU0V0bDNyR08yQ3ZtOWtNaEwyNGhkVWNyWmJ2b3JDallDbWtpVWpPdlI5R2ZjV01CTlNMQzVOa1N0LWxjZnAtZk1qeFlMTlU2X2JROXE5c2RiTENWZ094ZmluZFBUdmFVWm1kZ3lQTUJjeC1FX19LSmk2WElXSTcyd1pNdGg4U3FvZlFxZFRyWmxjWg?oc=5,https://news.google.com/rss/articles/CBMi4AFBVV95cUxNN1NqRnBwRjNPaF9HcDZudEtWRm1McjVhajNRbVgzMGxhLUxPYXJXS0tfWXh1SmZod3RVUXNRNDd4YzNtNnFURVBaZTd3cVlHU1FOeHVkU0V0bDNyR08yQ3ZtOWtNaEwyNGhkVWNyWmJ2b3JDallDbWtpVWpPdlI5R2ZjV01CTlNMQzVOa1N0LWxjZnAtZk1qeFlMTlU2X2JROXE5c2RiTENWZ094ZmluZFBUdmFVWm1kZ3lQTUJjeC1FX19LSmk2WElXSTcyd1pNdGg4U3FvZlFxZFRyWmxjWg?oc=5,"Mon, 09 Sep 2024 07:00:00 GMT",TradingView,CBMi4AFBVV95cUxNN1NqRnBwRjNPaF9HcDZudEtWRm1McjVhajNRbVgzMGxhLUxPYXJXS0tfWXh1SmZod3RVUXNRNDd4YzNtNnFURVBaZTd3cVlHU1FOeHVkU0V0bDNyR08yQ3ZtOWtNaEwyNGhkVWNyWmJ2b3JDallDbWtpVWpPdlI5R2ZjV01CTlNMQzVOa1N0LWxjZnAtZk1qeFlMTlU2X2JROXE5c2RiTENWZ094ZmluZFBUdmFVWm1kZ3lQTUJjeC1FX19LSmk2WElXSTcyd1pNdGg4U3FvZlFxZFRyWmxjWg,"Family offices bet big on startups: From burgers to space-tech, here are the top picks TradingView",5.0
,,"""Okabena Company"" family office investment",Okabena Company,Right on target: Christine Galloway on the Dayton family office - Campden FB,https://news.google.com/rss/articles/CBMijwFBVV95cUxORFZha2d4WFk5STk2T1E4empjYkxoUDRuZWIxWS1JUU53YTlwZTk5U19LZUZJMmdTaFVOdEJ5T01TNXBMN0hOeVkxV3BzQzlBOXNFUGlhS3FnRjRNTmVrajhjLU8xU2dSeU01c05hcGp2OUVzNkU2czY0dldHM2ZtMTlZUE9NbERzS3kzMkkzdw?oc=5,https://news.google.com/rss/articles/CBMijwFBVV95cUxORFZha2d4WFk5STk2T1E4empjYkxoUDRuZWIxWS1JUU53YTlwZTk5U19LZUZJMmdTaFVOdEJ5T01TNXBMN0hOeVkxV3BzQzlBOXNFUGlhS3FnRjRNTmVrajhjLU8xU2dSeU01c05hcGp2OUVzNkU2czY0dldHM2ZtMTlZUE9NbERzS3kzMkkzdw?oc=5,"Fri, 11 Sep 2015 07:00:00 GMT",Campden FB,CBMijwFBVV95cUxORFZha2d4WFk5STk2T1E4empjYkxoUDRuZWIxWS1JUU53YTlwZTk5U19LZUZJMmdTaFVOdEJ5T01TNXBMN0hOeVkxV3BzQzlBOXNFUGlhS3FnRjRNTmVrajhjLU8xU2dSeU01c05hcGp2OUVzNkU2czY0dldHM2ZtMTlZUE9NbERzS3kzMkkzdw,Right on target: Christine Galloway on the Dayton family office Campden FB,1.0
,,"""Okabena Company"" family office investment",Okabena Company,Summary Of Executive Moves In Global Wealth Management Industry - August 2014 - Family Wealth Report,https://news.google.com/rss/articles/CBMiyAFBVV95cUxQb1hNY3hxS2trbEJ6a0lQczZweEpZRXU3MmRRci1lZlFtTnhTZmZuTW5mY0VmNS1FY2R3cEhjSzBYcGtoQzJTU3lSbjIxZ202VjhfT3pPRlQtODRCMHBsWTRNYzE1SEs1YV9MTUh6alM5bVd6WnUtOXpYODVPNmsxVDRJaHJyeWdLMzJNei1TQ1plc0d6alZtOTczZ3ZIRDBFX3ZsVGY0MUVZMkthaG1TUGpYa0paTktGaTc4cVBGN2R4VFJ6SU5TSA?oc=5,https://news.google.com/rss/articles/CBMiyAFBVV95cUxQb1hNY3hxS2trbEJ6a0lQczZweEpZRXU3MmRRci1lZlFtTnhTZmZuTW5mY0VmNS1FY2R3cEhjSzBYcGtoQzJTU3lSbjIxZ202VjhfT3pPRlQtODRCMHBsWTRNYzE1SEs1YV9MTUh6alM5bVd6WnUtOXpYODVPNmsxVDRJaHJyeWdLMzJNei1TQ1plc0d6alZtOTczZ3ZIRDBFX3ZsVGY0MUVZMkthaG1TUGpYa0paTktGaTc4cVBGN2R4VFJ6SU5TSA?oc=5,"Mon, 08 Sep 2014 07:00:00 GMT",Family Wealth Report,CBMiyAFBVV95cUxQb1hNY3hxS2trbEJ6a0lQczZweEpZRXU3MmRRci1lZlFtTnhTZmZuTW5mY0VmNS1FY2R3cEhjSzBYcGtoQzJTU3lSbjIxZ202VjhfT3pPRlQtODRCMHBsWTRNYzE1SEs1YV9MTUh6alM5bVd6WnUtOXpYODVPNmsxVDRJaHJyeWdLMzJNei1TQ1plc0d6alZtOTczZ3ZIRDBFX3ZsVGY0MUVZMkthaG1TUGpYa0paTktGaTc4cVBGN2R4VFJ6SU5TSA,Summary Of Executive Moves In Global Wealth Management Industry - August 2014 Family Wealth Report,2.0
,,"""Okabena Company"" family office investment",Okabena Company,Summary Of Moves In Global Wealth Management - Summary 2014 - Wealth Briefing,https://news.google.com/rss/articles/CBMisgFBVV95cUxPaUt2QWNRUGpmSUpnZUlnWF9qUUNveUJBZzkzMmpSd19GekJrcGVXWmNjTXZ4ODFsNHdSOU1wNVBBamRKR1BiM0ZIa3ZuaWNObHZJbjNSWjBSUl9reDAzdzdPd1oxNHZHS004RGpMZzRlZlluZGg2SWF3dU5fdldJSGhsSlZGZ0RpbGpXNmVhU29hY0dpcEtfTU1ZX1JKN1I3UGRjYW8weFVQY2k0Y2VyQTF3?oc=5,https://news.google.com/rss/articles/CBMisgFBVV95cUxPaUt2QWNRUGpmSUpnZUlnWF9qUUNveUJBZzkzMmpSd19GekJrcGVXWmNjTXZ4ODFsNHdSOU1wNVBBamRKR1BiM0ZIa3ZuaWNObHZJbjNSWjBSUl9reDAzdzdPd1oxNHZHS004RGpMZzRlZlluZGg2SWF3dU5fdldJSGhsSlZGZ0RpbGpXNmVhU29hY0dpcEtfTU1ZX1JKN1I3UGRjYW8weFVQY2k0Y2VyQTF3?oc=5,"Mon, 13 Oct 2014 07:00:00 GMT",Wealth Briefing,CBMisgFBVV95cUxPaUt2QWNRUGpmSUpnZUlnWF9qUUNveUJBZzkzMmpSd19GekJrcGVXWmNjTXZ4ODFsNHdSOU1wNVBBamRKR1BiM0ZIa3ZuaWNObHZJbjNSWjBSUl9reDAzdzdPd1oxNHZHS004RGpMZzRlZlluZGg2SWF3dU5fdldJSGhsSlZGZ0RpbGpXNmVhU29hY0dpcEtfTU1ZX1JKN1I3UGRjYW8weFVQY2k0Y2VyQTF3,Summary Of Moves In Global Wealth Management - Summary 2014 Wealth Briefing,3.0
,,"""Major Domus"" family office investment",Major Domus,The silent but powerful investor: the evolution of the family office - imd.org,https://news.google.com/rss/articles/CBMisAFBVV95cUxOcnJmVDBhWk5VZ1V4aHFWUDNsc0xYZm93TVNacUpXVGxoZ3g3MktZS3VJNWkzZUNsd1JwM2J4aWFZNTl1NFN6cElCYzlxdGVQYVAzSG51UFlTeXdPWWhEMXVEY0hWV0JtWGpuSWNZRXJUQ2NHNzh6Tk9DVnROZDJUX3NRMUt3WmU0dFN1ekdldXdZVFhNQXdsMEJxR1hkdjVLczdyWHhzZ2M2R3BId2lVag?oc=5,https://news.google.com/rss/articles/CBMisAFBVV95cUxOcnJmVDBhWk5VZ1V4aHFWUDNsc0xYZm93TVNacUpXVGxoZ3g3MktZS3VJNWkzZUNsd1JwM2J4aWFZNTl1NFN6cElCYzlxdGVQYVAzSG51UFlTeXdPWWhEMXVEY0hWV0JtWGpuSWNZRXJUQ2NHNzh6Tk9DVnROZDJUX3NRMUt3WmU0dFN1ekdldXdZVFhNQXdsMEJxR1hkdjVLczdyWHhzZ2M2R3BId2lVag?oc=5,"Wed, 14 Dec 2022 08:00:00 GMT",imd.org,CBMisAFBVV95cUxOcnJmVDBhWk5VZ1V4aHFWUDNsc0xYZm93TVNacUpXVGxoZ3g3MktZS3VJNWkzZUNsd1JwM2J4aWFZNTl1NFN6cElCYzlxdGVQYVAzSG51UFlTeXdPWWhEMXVEY0hWV0JtWGpuSWNZRXJUQ2NHNzh6Tk9DVnROZDJUX3NRMUt3WmU0dFN1ekdldXdZVFhNQXdsMEJxR1hkdjVLczdyWHhzZ2M2R3BId2lVag,The silent but powerful investor: the evolution of the family office imd.org,1.0
,,"""Major Domus"" family office investment",Major Domus,How The Richest Families Invest Their Wealth - Forbes,https://news.google.com/rss/articles/CBMikgFBVV95cUxNU3dwVkkzaGpHR0l0STdhVFJyN0Z1Nm1PS2FLT2FhV051XzdJUmFmUWhyQXBaS05XaGZTVG9Hc3NoZW44R0laS3JBWjRCOFdXY0F5U2VzTmNhOU1qS005alFnR1Q4MEFONk9LbW41VFFZNVpLaEVkTlFmVFVoU2hwQzRNQW9uNTNqQWQ1TEM2NVkyQQ?oc=5,https://news.google.com/rss/articles/CBMikgFBVV95cUxNU3dwVkkzaGpHR0l0STdhVFJyN0Z1Nm1PS2FLT2FhV051XzdJUmFmUWhyQXBaS05XaGZTVG9Hc3NoZW44R0laS3JBWjRCOFdXY0F5U2VzTmNhOU1qS005alFnR1Q4MEFONk9LbW41VFFZNVpLaEVkTlFmVFVoU2hwQzRNQW9uNTNqQWQ1TEM2NVkyQQ?oc=5,"Fri, 16 May 2008 07:00:00 GMT",Forbes,CBMikgFBVV95cUxNU3dwVkkzaGpHR0l0STdhVFJyN0Z1Nm1PS2FLT2FhV051XzdJUmFmUWhyQXBaS05XaGZTVG9Hc3NoZW44R0laS3JBWjRCOFdXY0F5U2VzTmNhOU1qS005alFnR1Q4MEFONk9LbW41VFFZNVpLaEVkTlFmVFVoU2hwQzRNQW9uNTNqQWQ1TEM2NVkyQQ,How The Richest Families Invest Their Wealth Forbes,2.0
,,"""Persimmon Capital Management"" family office investment",Persimmon Capital Management,Dakota Wealth Management to Acquire Persimmon Capital Management - PR Newswire,https://news.google.com/rss/articles/CBMivAFBVV95cUxPM1Roa2RKY3RJSU5ES0xxZFpodHJxRzA2V2VZQ3cwWVFtSmpCMGcwQkczZ2l6WHc1Zjd3aHVhZWZ0Ql9oaVR4bU1IQ2lhdGY1MkRXaTlHOWQyNXhTY3JVbENiZi1MT0xjT1NXR29EaDBDaERQRk9qSHhwYXJXQWh1cXNYV2tlMXdJLU9yOWRtR1dpZ0tzUkQzbUsxOEF2UzNENHFpZVRadDFoWFFYaGxQQ0x0dmE3b2Y5bDlIMQ?oc=5,https://news.google.com/rss/articles/CBMivAFBVV95cUxPM1Roa2RKY3RJSU5ES0xxZFpodHJxRzA2V2VZQ3cwWVFtSmpCMGcwQkczZ2l6WHc1Zjd3aHVhZWZ0Ql9oaVR4bU1IQ2lhdGY1MkRXaTlHOWQyNXhTY3JVbENiZi1MT0xjT1NXR29EaDBDaERQRk9qSHhwYXJXQWh1cXNYV2tlMXdJLU9yOWRtR1dpZ0tzUkQzbUsxOEF2UzNENHFpZVRadDFoWFFYaGxQQ0x0dmE3b2Y5bDlIMQ?oc=5,"Thu, 01 Jul 2021 07:00:00 GMT",PR Newswire,CBMivAFBVV95cUxPM1Roa2RKY3RJSU5ES0xxZFpodHJxRzA2V2VZQ3cwWVFtSmpCMGcwQkczZ2l6WHc1Zjd3aHVhZWZ0Ql9oaVR4bU1IQ2lhdGY1MkRXaTlHOWQyNXhTY3JVbENiZi1MT0xjT1NXR29EaDBDaERQRk9qSHhwYXJXQWh1cXNYV2tlMXdJLU9yOWRtR1dpZ0tzUkQzbUsxOEF2UzNENHFpZVRadDFoWFFYaGxQQ0x0dmE3b2Y5bDlIMQ,Dakota Wealth Management to Acquire Persimmon Capital Management PR Newswire,1.0
,,"""Cypress Point Wealth Management"" family office investment",Cypress Point Wealth Management,These Are Dallas-Fort Worth’s Top Wealth Managers for 2024 - D Magazine,https://news.google.com/rss/articles/CBMivwFBVV95cUxNLVVkdUx4OUJJdDY5bnFHeDhJMXFBTDgyZHExM0Z0LWRaZXgySExTa2s0NXV3WTlkWEd0MnF2NlpfeXFBR2VPQ2QyWmtwNTZUaUZ0SGszbHlCRWIzbXU4OURBajh3Wnljc3Zmd0h3czdEWUtiZ3pFdzFCeDZ2elZRQVVhSWdJcTl4ZlRzQ3dlR255ZVpsTFRTTmxxUzAxR2s3LUQ4R1dqVlppdC04SFEtRERSYjJYYk1TX1pYYVB5cw?oc=5,https://news.google.com/rss/articles/CBMivwFBVV95cUxNLVVkdUx4OUJJdDY5bnFHeDhJMXFBTDgyZHExM0Z0LWRaZXgySExTa2s0NXV3WTlkWEd0MnF2NlpfeXFBR2VPQ2QyWmtwNTZUaUZ0SGszbHlCRWIzbXU4OURBajh3Wnljc3Zmd0h3czdEWUtiZ3pFdzFCeDZ2elZRQVVhSWdJcTl4ZlRzQ3dlR255ZVpsTFRTTmxxUzAxR2s3LUQ4R1dqVlppdC04SFEtRERSYjJYYk1TX1pYYVB5cw?oc=5,"Mon, 04 Nov 2024 08:00:00 GMT",D Magazine,CBMivwFBVV95cUxNLVVkdUx4OUJJdDY5bnFHeDhJMXFBTDgyZHExM0Z0LWRaZXgySExTa2s0NXV3WTlkWEd0MnF2NlpfeXFBR2VPQ2QyWmtwNTZUaUZ0SGszbHlCRWIzbXU4OURBajh3Wnljc3Zmd0h3czdEWUtiZ3pFdzFCeDZ2elZRQVVhSWdJcTl4ZlRzQ3dlR255ZVpsTFRTTmxxUzAxR2s3LUQ4R1dqVlppdC04SFEtRERSYjJYYk1TX1pYYVB5cw,These Are Dallas-Fort Worth’s Top Wealth Managers for 2024 D Magazine,1.0
,,"""Cypress Point Wealth Management"" family office investment",Cypress Point Wealth Management,These Are Dallas-Fort Worth’s Top Wealth Managers for 2020 - D Magazine,https://news.google.com/rss/articles/CBMivwFBVV95cUxOSjJPMlhyUDVrUm1MT2xnclJyY0h2Qm45UG1Cb0dPWnphSGg4bTlrZ3NQRWFSeWdSS2F5ZS1qUXNRV1A4QVFrSW1WM05qeUN6a0FiTFlfZ1BfclV1dGdOSl9KLThjTldfZ2Yyc28wMGc1OTJGNVZiaEJEeFNGZ2VtYjZBU0JYLU9qOHROcEN2QVZ2aWl1SHVNNmhyd0J2ak5aaS1FYlVWdEdHTDFkTFYzRXVsOU5HV1M3eGdtR3NMcw?oc=5,https://news.google.com/rss/articles/CBMivwFBVV95cUxOSjJPMlhyUDVrUm1MT2xnclJyY0h2Qm45UG1Cb0dPWnphSGg4bTlrZ3NQRWFSeWdSS2F5ZS1qUXNRV1A4QVFrSW1WM05qeUN6a0FiTFlfZ1BfclV1dGdOSl9KLThjTldfZ2Yyc28wMGc1OTJGNVZiaEJEeFNGZ2VtYjZBU0JYLU9qOHROcEN2QVZ2aWl1SHVNNmhyd0J2ak5aaS1FYlVWdEdHTDFkTFYzRXVsOU5HV1M3eGdtR3NMcw?oc=5,"Fri, 11 Dec 2020 08:00:00 GMT",D Magazine,CBMivwFBVV95cUxOSjJPMlhyUDVrUm1MT2xnclJyY0h2Qm45UG1Cb0dPWnphSGg4bTlrZ3NQRWFSeWdSS2F5ZS1qUXNRV1A4QVFrSW1WM05qeUN6a0FiTFlfZ1BfclV1dGdOSl9KLThjTldfZ2Yyc28wMGc1OTJGNVZiaEJEeFNGZ2VtYjZBU0JYLU9qOHROcEN2QVZ2aWl1SHVNNmhyd0J2ak5aaS1FYlVWdEdHTDFkTFYzRXVsOU5HV1M3eGdtR3NMcw,These Are Dallas-Fort Worth’s Top Wealth Managers for 2020 D Magazine,2.0
,,"""Cypress Point Wealth Management"" family office investment",Cypress Point Wealth Management,Billionaire Stanley Druckenmiller Reupped His Bet on Palantir (PLTR) Stock - InvestorPlace,https://news.google.com/rss/articles/CBMiqwFBVV95cUxNU1ZGVmFCT2kyTDF0TmNabVowRG5tc1hVRmM3T2VqLUc0SHlrM2lzQ0lmRm1iS0Nod3VNd25sR0hZeElzR1JUTXdXeTVWcEwzbU1VX0pNa29xblRSMDF3R1pJMFktd1BBRno4elpGY09jUV96RGVCZWNuNDZnQ2k0VkVjV2d1akZkTXVYQXhOX09keWUtVC1OOEhPRUJTT0ZPOEZsdXRRWGd1YmM?oc=5,https://news.google.com/rss/articles/CBMiqwFBVV95cUxNU1ZGVmFCT2kyTDF0TmNabVowRG5tc1hVRmM3T2VqLUc0SHlrM2lzQ0lmRm1iS0Nod3VNd25sR0hZeElzR1JUTXdXeTVWcEwzbU1VX0pNa29xblRSMDF3R1pJMFktd1BBRno4elpGY09jUV96RGVCZWNuNDZnQ2k0VkVjV2d1akZkTXVYQXhOX09keWUtVC1OOEhPRUJTT0ZPOEZsdXRRWGd1YmM?oc=5,"Fri, 17 May 2024 07:00:00 GMT",InvestorPlace,CBMiqwFBVV95cUxNU1ZGVmFCT2kyTDF0TmNabVowRG5tc1hVRmM3T2VqLUc0SHlrM2lzQ0lmRm1iS0Nod3VNd25sR0hZeElzR1JUTXdXeTVWcEwzbU1VX0pNa29xblRSMDF3R1pJMFktd1BBRno4elpGY09jUV96RGVCZWNuNDZnQ2k0VkVjV2d1akZkTXVYQXhOX09keWUtVC1OOEhPRUJTT0ZPOEZsdXRRWGd1YmM,Billionaire Stanley Druckenmiller Reupped His Bet on Palantir (PLTR) Stock InvestorPlace,3.0
,,"""Cypress Point Wealth Management"" family office investment",Cypress Point Wealth Management,The Best Financial Planners in Dallas-Fort Worth for 2023 - D Magazine,https://news.google.com/rss/articles/CBMivwFBVV95cUxNOGkyUS1qeUxxaTRvZkxCQ2VaQlROY3FBQmRXODBla214VVU1czl1c1MyQjdFTVEybUJWTHZRSjF4aW5rWjN5YmR2Z182YTNIb0xTb1Z1My1BY3hRd0RzX2NHNTFfMTdWclFUQ0hSX2I4d3hXel9Fbl9ERElWX1Qyai1KUUp1MmdVTUd3d0dNZThGZHRWY0hfcmgxNU1pSElGeXdyQmpMdEtJVzlOQ05kTEQwMUlJTUV5Z1RmZjhvTQ?oc=5,https://news.google.com/rss/articles/CBMivwFBVV95cUxNOGkyUS1qeUxxaTRvZkxCQ2VaQlROY3FBQmRXODBla214VVU1czl1c1MyQjdFTVEybUJWTHZRSjF4aW5rWjN5YmR2Z182YTNIb0xTb1Z1My1BY3hRd0RzX2NHNTFfMTdWclFUQ0hSX2I4d3hXel9Fbl9ERElWX1Qyai1KUUp1MmdVTUd3d0dNZThGZHRWY0hfcmgxNU1pSElGeXdyQmpMdEtJVzlOQ05kTEQwMUlJTUV5Z1RmZjhvTQ?oc=5,"Thu, 09 Nov 2023 08:00:00 GMT",D Magazine,CBMivwFBVV95cUxNOGkyUS1qeUxxaTRvZkxCQ2VaQlROY3FBQmRXODBla214VVU1czl1c1MyQjdFTVEybUJWTHZRSjF4aW5rWjN5YmR2Z182YTNIb0xTb1Z1My1BY3hRd0RzX2NHNTFfMTdWclFUQ0hSX2I4d3hXel9Fbl9ERElWX1Qyai1KUUp1MmdVTUd3d0dNZThGZHRWY0hfcmgxNU1pSElGeXdyQmpMdEtJVzlOQ05kTEQwMUlJTUV5Z1RmZjhvTQ,The Best Financial Planners in Dallas-Fort Worth for 2023 D Magazine,4.0
,,"""Cypress Point Wealth Management"" family office investment",Cypress Point Wealth Management,Dallas-Fort Worth’s Best Financial Planners for 2021 - D Magazine,https://news.google.com/rss/articles/CBMitwFBVV95cUxNUV9UVkp0T0NyZmt2b25HMXh6bmcyVVJtM2M3ZHBYMXotcHlvbVR0NHRnT0I3djFtZFBlcUdQRWxLNkpEbXVxemRld1hobGhSbkc0R3NOa3hLWVlrWWxUTWxPQXlBSUI2SDBEaFphUmJ1blpwbTNVMWFLaEYyX2FTYTZicjlSQ0xNTWlmQzFEX2hrZ21HcWpxUS1pUm5KLThaQ0d4TVpxX3ZkTjI4NE95aXRBcUtMakU?oc=5,https://news.google.com/rss/articles/CBMitwFBVV95cUxNUV9UVkp0T0NyZmt2b25HMXh6bmcyVVJtM2M3ZHBYMXotcHlvbVR0NHRnT0I3djFtZFBlcUdQRWxLNkpEbXVxemRld1hobGhSbkc0R3NOa3hLWVlrWWxUTWxPQXlBSUI2SDBEaFphUmJ1blpwbTNVMWFLaEYyX2FTYTZicjlSQ0xNTWlmQzFEX2hrZ21HcWpxUS1pUm5KLThaQ0d4TVpxX3ZkTjI4NE95aXRBcUtMakU?oc=5,"Wed, 10 Nov 2021 08:00:00 GMT",D Magazine,CBMitwFBVV95cUxNUV9UVkp0T0NyZmt2b25HMXh6bmcyVVJtM2M3ZHBYMXotcHlvbVR0NHRnT0I3djFtZFBlcUdQRWxLNkpEbXVxemRld1hobGhSbkc0R3NOa3hLWVlrWWxUTWxPQXlBSUI2SDBEaFphUmJ1blpwbTNVMWFLaEYyX2FTYTZicjlSQ0xNTWlmQzFEX2hrZ21HcWpxUS1pUm5KLThaQ0d4TVpxX3ZkTjI4NE95aXRBcUtMakU,Dallas-Fort Worth’s Best Financial Planners for 2021 D Magazine,5.0
True,no_items_or_http_error,"""Hamilton Gray Wealth Management"" family office investment",Hamilton Gray Wealth Management,,,,,,,,
,,"""Yamauchi No. 10 Family Office"" family office investment",Yamauchi No. 10 Family Office,Family offices ramp up dealmaking in June with bets on biotech - NBC News,https://news.google.com/rss/articles/CBMirwFBVV95cUxOMXVnanJYYURvZFRhS2lfQ1BERW9OQTBRUzNlc0taM3FxOGFJUjlJaTUySEdCa0ZwVUZ1UGZ1aFFjcjZxQUs0NTZqejNvb0xXelpFc3dzRzBXbHNBV3lkVWt6d1FrWHdOUGNZTVgyN3FQTm1mZDBYaFo1Mnh4Q2dKdG00dFBYLUZHeFNpbUpHQWRKLUFBTTA1RDdrRWJTbUlmaTdNdGE3NHZDVTZyeS0w?oc=5,https://news.google.com/rss/articles/CBMirwFBVV95cUxOMXVnanJYYURvZFRhS2lfQ1BERW9OQTBRUzNlc0taM3FxOGFJUjlJaTUySEdCa0ZwVUZ1UGZ1aFFjcjZxQUs0NTZqejNvb0xXelpFc3dzRzBXbHNBV3lkVWt6d1FrWHdOUGNZTVgyN3FQTm1mZDBYaFo1Mnh4Q2dKdG00dFBYLUZHeFNpbUpHQWRKLUFBTTA1RDdrRWJTbUlmaTdNdGE3NHZDVTZyeS0w?oc=5,"Mon, 07 Jul 2025 07:00:00 GMT",NBC News,CBMirwFBVV95cUxOMXVnanJYYURvZFRhS2lfQ1BERW9OQTBRUzNlc0taM3FxOGFJUjlJaTUySEdCa0ZwVUZ1UGZ1aFFjcjZxQUs0NTZqejNvb0xXelpFc3dzRzBXbHNBV3lkVWt6d1FrWHdOUGNZTVgyN3FQTm1mZDBYaFo1Mnh4Q2dKdG00dFBYLUZHeFNpbUpHQWRKLUFBTTA1RDdrRWJTbUlmaTdNdGE3NHZDVTZyeS0w,Family offices ramp up dealmaking in June with bets on biotech NBC News,1.0
,,"""Yamauchi No. 10 Family Office"" family office investment",Yamauchi No. 10 Family Office,Family office of Nintendo heirs says patience is a super power - Reuters,https://news.google.com/rss/articles/CBMipwFBVV95cUxOQ2FrTzBuRm9zVGNURFMwZU12WVItSFR1b2ZxZFZKaGYxUFJVSG1GR2E4X2c3c091NWtfbU94TGN3b0N0NU1ZdXpoZlZxZTZTMFNDNXYzRm4yT2JjV2NyaHlRekxkaDVBNDVQaGxWRG1KX0tMZUJ2R1o0eHExWDkwekRrZEZGNmtsU3ZVYUNyRXlxMzlCRzlzbEdrUVNTT2pTdktSUVZSZw?oc=5,https://news.google.com/rss/articles/CBMipwFBVV95cUxOQ2FrTzBuRm9zVGNURFMwZU12WVItSFR1b2ZxZFZKaGYxUFJVSG1GR2E4X2c3c091NWtfbU94TGN3b0N0NU1ZdXpoZlZxZTZTMFNDNXYzRm4yT2JjV2NyaHlRekxkaDVBNDVQaGxWRG1KX0tMZUJ2R1o0eHExWDkwekRrZEZGNmtsU3ZVYUNyRXlxMzlCRzlzbEdrUVNTT2pTdktSUVZSZw?oc=5,"Sun, 05 Mar 2023 08:00:00 GMT",Reuters,CBMipwFBVV95cUxOQ2FrTzBuRm9zVGNURFMwZU12WVItSFR1b2ZxZFZKaGYxUFJVSG1GR2E4X2c3c091NWtfbU94TGN3b0N0NU1ZdXpoZlZxZTZTMFNDNXYzRm4yT2JjV2NyaHlRekxkaDVBNDVQaGxWRG1KX0tMZUJ2R1o0eHExWDkwekRrZEZGNmtsU3ZVYUNyRXlxMzlCRzlzbEdrUVNTT2pTdktSUVZSZw,Family office of Nintendo heirs says patience is a super power Reuters,2.0
,,"""Yamauchi No. 10 Family Office"" family office investment",Yamauchi No. 10 Family Office,White & Case advises Yamauchi No.10 Family Office on successful campaign to replace Toyo Construction board majority as part of acquisition proposal - whitecase.com,https://news.google.com/rss/articles/CBMiwgFBVV95cUxPa1BKWVBsUE1zWnRQdjE1UnFyWExaeDhsRzFQTDNRNTNlQ3UtX1lrZEU4dUdUM3ZidkxtN1habHFuNTYzRXpoWFFfN2JxdTAwQjBMakhNMktUaTZGUkU3RjJxbEFLM1BOMEpBZDBMYzMzWllfa19ZcVBYeGV2eWRTMGVncUtlVkd2ZFFTWlh4RHgwbElDS0k0cTNQZ09iYjVrY1lfOUhtOUNSWE5qR0tBT0E1WDg5UkM0RE14cm1KX2paQQ?oc=5,https://news.google.com/rss/articles/CBMiwgFBVV95cUxPa1BKWVBsUE1zWnRQdjE1UnFyWExaeDhsRzFQTDNRNTNlQ3UtX1lrZEU4dUdUM3ZidkxtN1habHFuNTYzRXpoWFFfN2JxdTAwQjBMakhNMktUaTZGUkU3RjJxbEFLM1BOMEpBZDBMYzMzWllfa19ZcVBYeGV2eWRTMGVncUtlVkd2ZFFTWlh4RHgwbElDS0k0cTNQZ09iYjVrY1lfOUhtOUNSWE5qR0tBT0E1WDg5UkM0RE14cm1KX2paQQ?oc=5,"Tue, 27 Jun 2023 07:00:00 GMT",whitecase.com,CBMiwgFBVV95cUxPa1BKWVBsUE1zWnRQdjE1UnFyWExaeDhsRzFQTDNRNTNlQ3UtX1lrZEU4dUdUM3ZidkxtN1habHFuNTYzRXpoWFFfN2JxdTAwQjBMakhNMktUaTZGUkU3RjJxbEFLM1BOMEpBZDBMYzMzWllfa19ZcVBYeGV2eWRTMGVncUtlVkd2ZFFTWlh4RHgwbElDS0k0cTNQZ09iYjVrY1lfOUhtOUNSWE5qR0tBT0E1WDg5UkM0RE14cm1KX2paQQ,White & Case advises Yamauchi No.10 Family Office on successful campaign to replace Toyo Construction board majority as part of acquisition proposal whitecase.com,3.0
,,"""Yamauchi No. 10 Family Office"" family office investment",Yamauchi No. 10 Family Office,Taiyo Pacific Partners L.P. Joins the Yamauchi No.10 Family Office Group - Business Wire,https://news.google.com/rss/articles/CBMiyAFBVV95cUxNYzRqa2luSG1fVXZEQmU5bndIN2tiaGpNejVoQ3RXaHVfSVhsVTFxa2RxbDlDcDMwNERsSVpSM0lwcWVHNm5yZU5IdVF6RlNaSTRmeTBXMkpQMVBLRmEtakk5eW5Zd1FlWm1HZDJ2QVlHOWo3NElrSHZ1bGZZRnlqYkFTZkdPRGxXYnR0TUVGQTdqejYtSmRiY1RxMkx3dHlmWXp1TkVNek5WZE1UNE85RTVLZTJIeWRDZ1NjNFl2ZDhFNTBXTkZHYw?oc=5,https://news.google.com/rss/articles/CBMiyAFBVV95cUxNYzRqa2luSG1fVXZEQmU5bndIN2tiaGpNejVoQ3RXaHVfSVhsVTFxa2RxbDlDcDMwNERsSVpSM0lwcWVHNm5yZU5IdVF6RlNaSTRmeTBXMkpQMVBLRmEtakk5eW5Zd1FlWm1HZDJ2QVlHOWo3NElrSHZ1bGZZRnlqYkFTZkdPRGxXYnR0TUVGQTdqejYtSmRiY1RxMkx3dHlmWXp1TkVNek5WZE1UNE85RTVLZTJIeWRDZ1NjNFl2ZDhFNTBXTkZHYw?oc=5,"Mon, 07 Feb 2022 08:00:00 GMT",Business Wire,CBMiyAFBVV95cUxNYzRqa2luSG1fVXZEQmU5bndIN2tiaGpNejVoQ3RXaHVfSVhsVTFxa2RxbDlDcDMwNERsSVpSM0lwcWVHNm5yZU5IdVF6RlNaSTRmeTBXMkpQMVBLRmEtakk5eW5Zd1FlWm1HZDJ2QVlHOWo3NElrSHZ1bGZZRnlqYkFTZkdPRGxXYnR0TUVGQTdqejYtSmRiY1RxMkx3dHlmWXp1TkVNek5WZE1UNE85RTVLZTJIeWRDZ1NjNFl2ZDhFNTBXTkZHYw,Taiyo Pacific Partners L.P. Joins the Yamauchi No.10 Family Office Group Business Wire,4.0
,,"""Yamauchi No. 10 Family Office"" family office investment",Yamauchi No. 10 Family Office,Japan's rich embrace family offices amid market boom and weak yen - Nikkei Asia,https://news.google.com/rss/articles/CBMiwgFBVV95cUxQOTcxZlpBV2YwUS1ZQzNoZ0tSMVFidEljYVQxVjAxNHJiZnc2UjNJak5xaWUtbThTTWFEbXkwZVFxQ0JIbVBKTkJZT0ZrZFdNOXV0N0lmaTdDYjdFXzlzc185WVdWZEZDaElENmNqdkVtR25iajVDY0xmOC1FQUExdlhhREt2dkpMQ01UaDRfQUExZnZUZWJ0WnItRzZFOS1lbmtZS3dFQ3dveDkxOV9XNHVfMW9wbjVzb3pHd1FTX2FlQQ?oc=5,https://news.google.com/rss/articles/CBMiwgFBVV95cUxQOTcxZlpBV2YwUS1ZQzNoZ0tSMVFidEljYVQxVjAxNHJiZnc2UjNJak5xaWUtbThTTWFEbXkwZVFxQ0JIbVBKTkJZT0ZrZFdNOXV0N0lmaTdDYjdFXzlzc185WVdWZEZDaElENmNqdkVtR25iajVDY0xmOC1FQUExdlhhREt2dkpMQ01UaDRfQUExZnZUZWJ0WnItRzZFOS1lbmtZS3dFQ3dveDkxOV9XNHVfMW9wbjVzb3pHd1FTX2FlQQ?oc=5,"Tue, 25 Jun 2024 07:00:00 GMT",Nikkei Asia,CBMiwgFBVV95cUxQOTcxZlpBV2YwUS1ZQzNoZ0tSMVFidEljYVQxVjAxNHJiZnc2UjNJak5xaWUtbThTTWFEbXkwZVFxQ0JIbVBKTkJZT0ZrZFdNOXV0N0lmaTdDYjdFXzlzc185WVdWZEZDaElENmNqdkVtR25iajVDY0xmOC1FQUExdlhhREt2dkpMQ01UaDRfQUExZnZUZWJ0WnItRzZFOS1lbmtZS3dFQ3dveDkxOV9XNHVfMW9wbjVzb3pHd1FTX2FlQQ,Japan's rich embrace family offices amid market boom and weak yen Nikkei Asia,5.0
,,"""Indie Asset Partners"" family office investment",Indie Asset Partners,Bitcoin ETF Investors: Full List of Institutional BTC Fund Holders in 13F Filings - Bitget,https://news.google.com/rss/articles/CBMiXkFVX3lxTE04UVFLYTJlcmEtZmxzbURTbkhhTHVDT29jNTFsUVFjdFJmck5RNGpoSTBhalhXblVFWkprUHhwVkRuNHlpcEotOXRFbmgxTGVEbVZOZWd1SFBDdEtDdHfSAWNBVV95cUxOZEpVNlFzUnNnOXhsdVlNWVlSWk1sS1VzcGlLVnNyeHN3TFMtaEhJZzlldmczTGdmMnNJM01lTHE2ZVpMR3JBQmpVRm1heFZ2ZXZRS1BiaFZrVnEzUjVScnY4cWs?oc=5,https://news.google.com/rss/articles/CBMiXkFVX3lxTE04UVFLYTJlcmEtZmxzbURTbkhhTHVDT29jNTFsUVFjdFJmck5RNGpoSTBhalhXblVFWkprUHhwVkRuNHlpcEotOXRFbmgxTGVEbVZOZWd1SFBDdEtDdHfSAWNBVV95cUxOZEpVNlFzUnNnOXhsdVlNWVlSWk1sS1VzcGlLVnNyeHN3TFMtaEhJZzlldmczTGdmMnNJM01lTHE2ZVpMR3JBQmpVRm1heFZ2ZXZRS1BiaFZrVnEzUjVScnY4cWs?oc=5,"Thu, 23 Jan 2025 08:00:00 GMT",Bitget,CBMiXkFVX3lxTE04UVFLYTJlcmEtZmxzbURTbkhhTHVDT29jNTFsUVFjdFJmck5RNGpoSTBhalhXblVFWkprUHhwVkRuNHlpcEotOXRFbmgxTGVEbVZOZWd1SFBDdEtDdHfSAWNBVV95cUxOZEpVNlFzUnNnOXhsdVlNWVlSWk1sS1VzcGlLVnNyeHN3TFMtaEhJZzlldmczTGdmMnNJM01lTHE2ZVpMR3JBQmpVRm1heFZ2ZXZRS1BiaFZrVnEzUjVScnY4cWs,Bitcoin ETF Investors: Full List of Institutional BTC Fund Holders in 13F Filings Bitget,1.0
,,"""Marinya Capital"" family office investment",Marinya Capital,This could be rich families’ opportunity of the decade - AFR,https://news.google.com/rss/articles/CBMiqgFBVV95cUxNT0FnUU9EbE5mN2g4SUx4Ym9rQ1dXeTNGVGxhUDJuV3dFTkZYU2lzTDNkYXVPRmYwRXVpUUFUTzJqTHNlcGxfRXQwOHlrRnE1MFhBVFhZa01OQ21xcUJwYk5zNnFpLWRtN0tISkhyNTYwaVpDNnNuTU9tTGR0ak1rVHo1WjJ5WjIxWF9Ub0U5WmZDb1ZZWU5kOHFvclgwVkY4TTh1aTNZams3UQ?oc=5,https://news.google.com/rss/articles/CBMiqgFBVV95cUxNT0FnUU9EbE5mN2g4SUx4Ym9rQ1dXeTNGVGxhUDJuV3dFTkZYU2lzTDNkYXVPRmYwRXVpUUFUTzJqTHNlcGxfRXQwOHlrRnE1MFhBVFhZa01OQ21xcUJwYk5zNnFpLWRtN0tISkhyNTYwaVpDNnNuTU9tTGR0ak1rVHo1WjJ5WjIxWF9Ub0U5WmZDb1ZZWU5kOHFvclgwVkY4TTh1aTNZams3UQ?oc=5,"Tue, 16 May 2023 07:00:00 GMT",AFR,CBMiqgFBVV95cUxNT0FnUU9EbE5mN2g4SUx4Ym9rQ1dXeTNGVGxhUDJuV3dFTkZYU2lzTDNkYXVPRmYwRXVpUUFUTzJqTHNlcGxfRXQwOHlrRnE1MFhBVFhZa01OQ21xcUJwYk5zNnFpLWRtN0tISkhyNTYwaVpDNnNuTU9tTGR0ak1rVHo1WjJ5WjIxWF9Ub0U5WmZDb1ZZWU5kOHFvclgwVkY4TTh1aTNZams3UQ,This could be rich families’ opportunity of the decade AFR,1.0
,,"""Marinya Capital"" family office investment",Marinya Capital,'SaaS is dead': Why one VC is bullish on Australian AI startups - Capital Brief,https://news.google.com/rss/articles/CBMi0AFBVV95cUxQb3JOV09CZTd5bjREa092eTJfMVBIRHpJTTMzNkVZem03c2c2dFZhaXFQT1ZUWnlyY3kxYTJvLWRSbUlxdDJXcW5VMzZsakpybVV3NWhXVkdTck9pbmZqa2I5b3ZSbVRZbGhqSDB3cmVxN3EyRFM2Zll2emFVUF9QMk9oNjlKX3FhaWl5cXIzNVFUbVRSRl8wcU81OW5rRnlaRkJtLUZXUXRzWHdqdXY1bWNNVWJyZkEySW5aZ1pLcmVUX0NfeXIxcFUtdGNPNUxL?oc=5,https://news.google.com/rss/articles/CBMi0AFBVV95cUxQb3JOV09CZTd5bjREa092eTJfMVBIRHpJTTMzNkVZem03c2c2dFZhaXFQT1ZUWnlyY3kxYTJvLWRSbUlxdDJXcW5VMzZsakpybVV3NWhXVkdTck9pbmZqa2I5b3ZSbVRZbGhqSDB3cmVxN3EyRFM2Zll2emFVUF9QMk9oNjlKX3FhaWl5cXIzNVFUbVRSRl8wcU81OW5rRnlaRkJtLUZXUXRzWHdqdXY1bWNNVWJyZkEySW5aZ1pLcmVUX0NfeXIxcFUtdGNPNUxL?oc=5,"Fri, 28 Nov 2025 08:00:00 GMT",Capital Brief,CBMi0AFBVV95cUxQb3JOV09CZTd5bjREa092eTJfMVBIRHpJTTMzNkVZem03c2c2dFZhaXFQT1ZUWnlyY3kxYTJvLWRSbUlxdDJXcW5VMzZsakpybVV3NWhXVkdTck9pbmZqa2I5b3ZSbVRZbGhqSDB3cmVxN3EyRFM2Zll2emFVUF9QMk9oNjlKX3FhaWl5cXIzNVFUbVRSRl8wcU81OW5rRnlaRkJtLUZXUXRzWHdqdXY1bWNNVWJyZkEySW5aZ1pLcmVUX0NfeXIxcFUtdGNPNUxL,'SaaS is dead': Why one VC is bullish on Australian AI startups Capital Brief,2.0
,,"""Marinya Capital"" family office investment",Marinya Capital,King River Capital is building a $157 million sixth VC fund to back AI - Startup Daily,https://news.google.com/rss/articles/CBMivgFBVV95cUxQc3JpNlkxVjhvalRhbzU0emY5dmZfSjNlRVh4Rk5oemp4VzdCVDhhaHNJXzdhd3hiUmYyYjA2TjRpS2JMQVVnSjJWZVpDUU51VE5Lazhnb2hFcGtWR20wdXk4eUxRallvSE01QlZRZUtPNzRvMUFXQlA4ODJRa1B5cklCVmFpVEwyUnJnc3pEeUU5b1JlRnZnM1RGOHhma3dJdjBYX2dsUnQ5OUVsQmc4d3B3ZzRUSGlXdHlWYnB3?oc=5,https://news.google.com/rss/articles/CBMivgFBVV95cUxQc3JpNlkxVjhvalRhbzU0emY5dmZfSjNlRVh4Rk5oemp4VzdCVDhhaHNJXzdhd3hiUmYyYjA2TjRpS2JMQVVnSjJWZVpDUU51VE5Lazhnb2hFcGtWR20wdXk4eUxRallvSE01QlZRZUtPNzRvMUFXQlA4ODJRa1B5cklCVmFpVEwyUnJnc3pEeUU5b1JlRnZnM1RGOHhma3dJdjBYX2dsUnQ5OUVsQmc4d3B3ZzRUSGlXdHlWYnB3?oc=5,"Tue, 18 Mar 2025 07:00:00 GMT",Startup Daily,CBMivgFBVV95cUxQc3JpNlkxVjhvalRhbzU0emY5dmZfSjNlRVh4Rk5oemp4VzdCVDhhaHNJXzdhd3hiUmYyYjA2TjRpS2JMQVVnSjJWZVpDUU51VE5Lazhnb2hFcGtWR20wdXk4eUxRallvSE01QlZRZUtPNzRvMUFXQlA4ODJRa1B5cklCVmFpVEwyUnJnc3pEeUU5b1JlRnZnM1RGOHhma3dJdjBYX2dsUnQ5OUVsQmc4d3B3ZzRUSGlXdHlWYnB3,King River Capital is building a $157 million sixth VC fund to back AI Startup Daily,3.0
,,"""Marinya Capital"" family office investment",Marinya Capital,Here are the most important Family offices in Australia and what stocks they’re investing in - Stocks Down Under,https://news.google.com/rss/articles/CBMidEFVX3lxTE5jejlaSmxua1JJb2xoT3ExVG8wcUM1QlZtUlNKZEFhajVHZDhzY3pEYW9PQ3FpbUlsUC02VW5ELS1MSm5JYV9fTnk1MzQxN2ZfRGYxS3U3RXhJYWhkZFlDTGhHNzRaaHV4TGpSZ3dDS2NxWTRS?oc=5,https://news.google.com/rss/articles/CBMidEFVX3lxTE5jejlaSmxua1JJb2xoT3ExVG8wcUM1QlZtUlNKZEFhajVHZDhzY3pEYW9PQ3FpbUlsUC02VW5ELS1MSm5JYV9fTnk1MzQxN2ZfRGYxS3U3RXhJYWhkZFlDTGhHNzRaaHV4TGpSZ3dDS2NxWTRS?oc=5,"Fri, 14 Mar 2025 07:00:00 GMT",Stocks Down Under,CBMidEFVX3lxTE5jejlaSmxua1JJb2xoT3ExVG8wcUM1QlZtUlNKZEFhajVHZDhzY3pEYW9PQ3FpbUlsUC02VW5ELS1MSm5JYV9fTnk1MzQxN2ZfRGYxS3U3RXhJYWhkZFlDTGhHNzRaaHV4TGpSZ3dDS2NxWTRS,Here are the most important Family offices in Australia and what stocks they’re investing in Stocks Down Under,4.0
,,"""Marinya Capital"" family office investment",Marinya Capital,Australian Plant Meat Startup v2food Closes Record US$55M Series B To Gear Up For Asia Launch - Green Queen Media,https://news.google.com/rss/articles/CBMiwAFBVV95cUxNN1ExcVNoODdTbi1uQUU0eFlPMndOaUJSR0h6aFltMTNPaWtiYmZkYTNmUlNZRGREV1FmRjdEckdBWnlzQVJWWC0xVEYyTjJhUnNKN0g4NnV1cVhtWlZNT3IyRGU0SmpYeE5BOU5WMmwxTUg4LVRnQWZaV1g0bmJfOFVnUDFpRzZ6MnpNUndLOUtBNzBXMllXVXNjTFBWQWxWdFhJaVZ5V19CZEhZQjJWaC00M3RVM3BMQm1rTGdfUHA?oc=5,https://news.google.com/rss/articles/CBMiwAFBVV95cUxNN1ExcVNoODdTbi1uQUU0eFlPMndOaUJSR0h6aFltMTNPaWtiYmZkYTNmUlNZRGREV1FmRjdEckdBWnlzQVJWWC0xVEYyTjJhUnNKN0g4NnV1cVhtWlZNT3IyRGU0SmpYeE5BOU5WMmwxTUg4LVRnQWZaV1g0bmJfOFVnUDFpRzZ6MnpNUndLOUtBNzBXMllXVXNjTFBWQWxWdFhJaVZ5V19CZEhZQjJWaC00M3RVM3BMQm1rTGdfUHA?oc=5,"Tue, 20 Oct 2020 07:00:00 GMT",Green Queen Media,CBMiwAFBVV95cUxNN1ExcVNoODdTbi1uQUU0eFlPMndOaUJSR0h6aFltMTNPaWtiYmZkYTNmUlNZRGREV1FmRjdEckdBWnlzQVJWWC0xVEYyTjJhUnNKN0g4NnV1cVhtWlZNT3IyRGU0SmpYeE5BOU5WMmwxTUg4LVRnQWZaV1g0bmJfOFVnUDFpRzZ6MnpNUndLOUtBNzBXMllXVXNjTFBWQWxWdFhJaVZ5V19CZEhZQjJWaC00M3RVM3BMQm1rTGdfUHA,Australian Plant Meat Startup v2food Closes Record US$55M Series B To Gear Up For Asia Launch Green Queen Media,5.0
,,"""Reimann Investors"" family office investment",Reimann Investors,happyhotel: German Hospitality Startup Raises €6.5 Million - trendingtopics.eu,https://news.google.com/rss/articles/CBMikgFBVV95cUxQODIwRVVRYlFGTkY5Z2pKc0R3eW1SS1BvZjBmc0pNNnNfSlp6LXpuN2J1bklpR1VlT2Q1aXhveUkycDdtTE1tYUtwTXlxUWZBRHFrdFdpT0NjUWhPWHo2M2FPaUkzSjVJekxHeGg2cDZqRHI4RUlWWEVvQ1dpWG82RHBsN0daSlF5MGVadEVxcFdnUQ?oc=5,https://news.google.com/rss/articles/CBMikgFBVV95cUxQODIwRVVRYlFGTkY5Z2pKc0R3eW1SS1BvZjBmc0pNNnNfSlp6LXpuN2J1bklpR1VlT2Q1aXhveUkycDdtTE1tYUtwTXlxUWZBRHFrdFdpT0NjUWhPWHo2M2FPaUkzSjVJekxHeGg2cDZqRHI4RUlWWEVvQ1dpWG82RHBsN0daSlF5MGVadEVxcFdnUQ?oc=5,"Thu, 19 Feb 2026 08:00:00 GMT",trendingtopics.eu,CBMikgFBVV95cUxQODIwRVVRYlFGTkY5Z2pKc0R3eW1SS1BvZjBmc0pNNnNfSlp6LXpuN2J1bklpR1VlT2Q1aXhveUkycDdtTE1tYUtwTXlxUWZBRHFrdFdpT0NjUWhPWHo2M2FPaUkzSjVJekxHeGg2cDZqRHI4RUlWWEVvQ1dpWG82RHBsN0daSlF5MGVadEVxcFdnUQ,happyhotel: German Hospitality Startup Raises €6.5 Million trendingtopics.eu,1.0
,,"""Reimann Investors"" family office investment",Reimann Investors,happyhotel raises €6.5 million in Series A funding - Boutique Hotel News,https://news.google.com/rss/articles/CBMijwFBVV95cUxPUTk0b1hnN2NZNDBtUklueFROb3dNTnd5aTRwOTBKWWg5b2ZRRTZpY1FheXluMlNRYnVyUmg3dlNmWVVvY2kwcUVqTW1WZlU2bndwTW5ibTd0TmdEb29LSmFwbFBSQWUzWHRHS2d1Z2M0aFlqSzM1cWtIN1JrXzRTNjJtdkJ5bFliQ19WV3ZmOA?oc=5,https://news.google.com/rss/articles/CBMijwFBVV95cUxPUTk0b1hnN2NZNDBtUklueFROb3dNTnd5aTRwOTBKWWg5b2ZRRTZpY1FheXluMlNRYnVyUmg3dlNmWVVvY2kwcUVqTW1WZlU2bndwTW5ibTd0TmdEb29LSmFwbFBSQWUzWHRHS2d1Z2M0aFlqSzM1cWtIN1JrXzRTNjJtdkJ5bFliQ19WV3ZmOA?oc=5,"Thu, 19 Feb 2026 08:00:00 GMT",Boutique Hotel News,CBMijwFBVV95cUxPUTk0b1hnN2NZNDBtUklueFROb3dNTnd5aTRwOTBKWWg5b2ZRRTZpY1FheXluMlNRYnVyUmg3dlNmWVVvY2kwcUVqTW1WZlU2bndwTW5ibTd0TmdEb29LSmFwbFBSQWUzWHRHS2d1Z2M0aFlqSzM1cWtIN1JrXzRTNjJtdkJ5bFliQ19WV3ZmOA,happyhotel raises €6.5 million in Series A funding Boutique Hotel News,2.0
,,"""Reimann Investors"" family office investment",Reimann Investors,Exclusive: German startup happyhotel raises €6.5 million to build AI agents for hotel revenue management - EU-Startups,https://news.google.com/rss/articles/CBMi1wFBVV95cUxNNGZSTzhJWTNWcWVWZE5BQlJtcktVTHdiUlh5YXM1dXNnLUdHd0FZMFJLRFd1dTM0NkFfd25Cc0l0V0t0NGZveHZrd0lKN2NUZXFpWGdQamZtV2ZlUW01SHcwLURQdGdTa0FDV0JvNkRwQ3Fiei1HZVpmODgzeDhZQk54LU5qN0hmcTVxcDgwb1FxT3piY0ZabzNqYjk1Q3hHREYwcktwQzJfbmdocXlseE1OcndXRjh6RC0xZVNrc3EzY2pTQ3J5bFJSblJoemN1c3JVSUdyRQ?oc=5,https://news.google.com/rss/articles/CBMi1wFBVV95cUxNNGZSTzhJWTNWcWVWZE5BQlJtcktVTHdiUlh5YXM1dXNnLUdHd0FZMFJLRFd1dTM0NkFfd25Cc0l0V0t0NGZveHZrd0lKN2NUZXFpWGdQamZtV2ZlUW01SHcwLURQdGdTa0FDV0JvNkRwQ3Fiei1HZVpmODgzeDhZQk54LU5qN0hmcTVxcDgwb1FxT3piY0ZabzNqYjk1Q3hHREYwcktwQzJfbmdocXlseE1OcndXRjh6RC0xZVNrc3EzY2pTQ3J5bFJSblJoemN1c3JVSUdyRQ?oc=5,"Thu, 19 Feb 2026 08:00:00 GMT",EU-Startups,CBMi1wFBVV95cUxNNGZSTzhJWTNWcWVWZE5BQlJtcktVTHdiUlh5YXM1dXNnLUdHd0FZMFJLRFd1dTM0NkFfd25Cc0l0V0t0NGZveHZrd0lKN2NUZXFpWGdQamZtV2ZlUW01SHcwLURQdGdTa0FDV0JvNkRwQ3Fiei1HZVpmODgzeDhZQk54LU5qN0hmcTVxcDgwb1FxT3piY0ZabzNqYjk1Q3hHREYwcktwQzJfbmdocXlseE1OcndXRjh6RC0xZVNrc3EzY2pTQ3J5bFJSblJoemN1c3JVSUdyRQ,Exclusive: German startup happyhotel raises €6.5 million to build AI agents for hotel revenue management EU-Startups,3.0
,,"""Reimann Investors"" family office investment",Reimann Investors,Trusted advisers trade places as Bart Brecht retires at JAB Holding Company - Campden FB,https://news.google.com/rss/articles/CBMipgFBVV95cUxNX1gtaWZfMS1XeE4wTzM3QkkyTm9SbTNETUE4VGp2ZjZIc1RPNWRVWVRjUU1ZUWNfQWNLMGNLZkRZUmE5Q2NkVnhUdUs3TmtRLXpSUDZaSmZnVXRnMkdHclNSdzBnWHMtY2lydnJweEJoNVNoM0lDenRZWDZ0RkNxOTA2VnJTQU1hNWNOTmlJZDR1bncxaHFWQmFtcEc5T01Id1dyOTBR?oc=5,https://news.google.com/rss/articles/CBMipgFBVV95cUxNX1gtaWZfMS1XeE4wTzM3QkkyTm9SbTNETUE4VGp2ZjZIc1RPNWRVWVRjUU1ZUWNfQWNLMGNLZkRZUmE5Q2NkVnhUdUs3TmtRLXpSUDZaSmZnVXRnMkdHclNSdzBnWHMtY2lydnJweEJoNVNoM0lDenRZWDZ0RkNxOTA2VnJTQU1hNWNOTmlJZDR1bncxaHFWQmFtcEc5T01Id1dyOTBR?oc=5,"Wed, 16 Jan 2019 08:00:00 GMT",Campden FB,CBMipgFBVV95cUxNX1gtaWZfMS1XeE4wTzM3QkkyTm9SbTNETUE4VGp2ZjZIc1RPNWRVWVRjUU1ZUWNfQWNLMGNLZkRZUmE5Q2NkVnhUdUs3TmtRLXpSUDZaSmZnVXRnMkdHclNSdzBnWHMtY2lydnJweEJoNVNoM0lDenRZWDZ0RkNxOTA2VnJTQU1hNWNOTmlJZDR1bncxaHFWQmFtcEc5T01Id1dyOTBR,Trusted advisers trade places as Bart Brecht retires at JAB Holding Company Campden FB,4.0
,,"""Reimann Investors"" family office investment",Reimann Investors,Initial fund of funds selection process has begun - Börsen-Zeitung,https://news.google.com/rss/articles/CBMikgFBVV95cUxOWHY4WXdPcW95NTJoOGVnTWx5ekZPQmF6Q1g4dldZeTJmTWZ4YVhNcl8xLUwyY05MN2pyN2VNRGtiV25qWXdKV3Y5TUJVcmZMbUJPOXZOMkR0LWNpLUhVREpERnN1d1dNc09YMEN0YVpZRHk0ZW1SLXp3alBtWTBXczdnS3RaeWNMdHBZYS1NR2o5UQ?oc=5,https://news.google.com/rss/articles/CBMikgFBVV95cUxOWHY4WXdPcW95NTJoOGVnTWx5ekZPQmF6Q1g4dldZeTJmTWZ4YVhNcl8xLUwyY05MN2pyN2VNRGtiV25qWXdKV3Y5TUJVcmZMbUJPOXZOMkR0LWNpLUhVREpERnN1d1dNc09YMEN0YVpZRHk0ZW1SLXp3alBtWTBXczdnS3RaeWNMdHBZYS1NR2o5UQ?oc=5,"Thu, 26 Sep 2024 07:00:00 GMT",Börsen-Zeitung,CBMikgFBVV95cUxOWHY4WXdPcW95NTJoOGVnTWx5ekZPQmF6Q1g4dldZeTJmTWZ4YVhNcl8xLUwyY05MN2pyN2VNRGtiV25qWXdKV3Y5TUJVcmZMbUJPOXZOMkR0LWNpLUhVREpERnN1d1dNc09YMEN0YVpZRHk0ZW1SLXp3alBtWTBXczdnS3RaeWNMdHBZYS1NR2o5UQ,Initial fund of funds selection process has begun Börsen-Zeitung,5.0
,,"""Private Wealth Asset Management"" family office investment",Private Wealth Asset Management,"Sapient Capital Continues Nationwide Growth, Welcoming David Larado as a Partner - PR Newswire",https://news.google.com/rss/articles/CBMi0AFBVV95cUxPdF9JNXBaRlN5MjFzeHRvVjhTWGdkeGRodXVGdXN2Zkt1MHhHaUNsSHhSVG0tM2oyMThNTk5od19Ba1M5OGRhX0hPSWJNZHlibFhQYm5CTmVvQ1JiYk1xcVBmcDllalNWR2hSWDV2TVZVZy01UzU4b2hRa3VTaHN0UnZXTkJHdlk5RWI5MHJHZUFHRXBlLW91MWhweWZrVXBnMlY2dlZhYlNLemNXcGlnVnVFdFFjZEhUTTNvY01Gb1NGcHBwWDRtXy10R1Jib0Ff?oc=5,https://news.google.com/rss/articles/CBMi0AFBVV95cUxPdF9JNXBaRlN5MjFzeHRvVjhTWGdkeGRodXVGdXN2Zkt1MHhHaUNsSHhSVG0tM2oyMThNTk5od19Ba1M5OGRhX0hPSWJNZHlibFhQYm5CTmVvQ1JiYk1xcVBmcDllalNWR2hSWDV2TVZVZy01UzU4b2hRa3VTaHN0UnZXTkJHdlk5RWI5MHJHZUFHRXBlLW91MWhweWZrVXBnMlY2dlZhYlNLemNXcGlnVnVFdFFjZEhUTTNvY01Gb1NGcHBwWDRtXy10R1Jib0Ff?oc=5,"Wed, 12 Nov 2025 08:00:00 GMT",PR Newswire,CBMi0AFBVV95cUxPdF9JNXBaRlN5MjFzeHRvVjhTWGdkeGRodXVGdXN2Zkt1MHhHaUNsSHhSVG0tM2oyMThNTk5od19Ba1M5OGRhX0hPSWJNZHlibFhQYm5CTmVvQ1JiYk1xcVBmcDllalNWR2hSWDV2TVZVZy01UzU4b2hRa3VTaHN0UnZXTkJHdlk5RWI5MHJHZUFHRXBlLW91MWhweWZrVXBnMlY2dlZhYlNLemNXcGlnVnVFdFFjZEhUTTNvY01Gb1NGcHBwWDRtXy10R1Jib0Ff,"Sapient Capital Continues Nationwide Growth, Welcoming David Larado as a Partner PR Newswire",1.0
,,"""Private Wealth Asset Management"" family office investment",Private Wealth Asset Management,Hines Boosts Capital Raising Capability with Key Hires from Carlyle and Brookfield - Hines,https://news.google.com/rss/articles/CBMirgFBVV95cUxQLTZLTU9PUGxNOFEyREFweGlUY1RWTTF3b1lBRUFiSXFmX0RXLXdJYVliYXhqajljcWNSS1BrdDFlLWdNYUR5OFBwTG8wYVgyRU10QXpQaFppai1IRGQyNmdKRlFRV2VSMDYtYktNdnZ1TGZkRTdMa3A4cjhYT3E5M3dweE1ROHBBUGRNcVNsQWVxVFNMTGR0QjNSVVhlRnVlMzMxMzZqRmpiaXlOZUE?oc=5,https://news.google.com/rss/articles/CBMirgFBVV95cUxQLTZLTU9PUGxNOFEyREFweGlUY1RWTTF3b1lBRUFiSXFmX0RXLXdJYVliYXhqajljcWNSS1BrdDFlLWdNYUR5OFBwTG8wYVgyRU10QXpQaFppai1IRGQyNmdKRlFRV2VSMDYtYktNdnZ1TGZkRTdMa3A4cjhYT3E5M3dweE1ROHBBUGRNcVNsQWVxVFNMTGR0QjNSVVhlRnVlMzMxMzZqRmpiaXlOZUE?oc=5,"Mon, 04 Aug 2025 07:00:00 GMT",Hines,CBMirgFBVV95cUxQLTZLTU9PUGxNOFEyREFweGlUY1RWTTF3b1lBRUFiSXFmX0RXLXdJYVliYXhqajljcWNSS1BrdDFlLWdNYUR5OFBwTG8wYVgyRU10QXpQaFppai1IRGQyNmdKRlFRV2VSMDYtYktNdnZ1TGZkRTdMa3A4cjhYT3E5M3dweE1ROHBBUGRNcVNsQWVxVFNMTGR0QjNSVVhlRnVlMzMxMzZqRmpiaXlOZUE,Hines Boosts Capital Raising Capability with Key Hires from Carlyle and Brookfield Hines,2.0
,,"""Private Wealth Asset Management"" family office investment",Private Wealth Asset Management,JM Financial’s Private Wealth Head Extols the Virtues of Delivering a Multi-Discipline Client Offering - Hubbis,https://news.google.com/rss/articles/CBMizgFBVV95cUxPRTJBa01pcnc5djBjUEhVaTdJU1VfWXZsUU1qNmpSeXY1NHpVT1BNeU9qcXZCcXA0YnRWXzgxWmNnTVNfMzVYbkQ1YlNHUjA0WXpHejhpcHR6amw0RHNCMVI4RGdzQktlZ3NNanhYVlRYSm5XVDF5LUJkSHpGblBibEdrVzFNNXVFRzJwVXRNU0pMZnBGeW1Jcm5pSHlDaFdGaGlXYXhxR29FRjF4TXBVM1NVdHhtbkx2RFRnSkNDRk5zN2NuWml0RXF3dlhVZw?oc=5,https://news.google.com/rss/articles/CBMizgFBVV95cUxPRTJBa01pcnc5djBjUEhVaTdJU1VfWXZsUU1qNmpSeXY1NHpVT1BNeU9qcXZCcXA0YnRWXzgxWmNnTVNfMzVYbkQ1YlNHUjA0WXpHejhpcHR6amw0RHNCMVI4RGdzQktlZ3NNanhYVlRYSm5XVDF5LUJkSHpGblBibEdrVzFNNXVFRzJwVXRNU0pMZnBGeW1Jcm5pSHlDaFdGaGlXYXhxR29FRjF4TXBVM1NVdHhtbkx2RFRnSkNDRk5zN2NuWml0RXF3dlhVZw?oc=5,"Thu, 17 Aug 2023 07:00:00 GMT",Hubbis,CBMizgFBVV95cUxPRTJBa01pcnc5djBjUEhVaTdJU1VfWXZsUU1qNmpSeXY1NHpVT1BNeU9qcXZCcXA0YnRWXzgxWmNnTVNfMzVYbkQ1YlNHUjA0WXpHejhpcHR6amw0RHNCMVI4RGdzQktlZ3NNanhYVlRYSm5XVDF5LUJkSHpGblBibEdrVzFNNXVFRzJwVXRNU0pMZnBGeW1Jcm5pSHlDaFdGaGlXYXhxR29FRjF4TXBVM1NVdHhtbkx2RFRnSkNDRk5zN2NuWml0RXF3dlhVZw,JM Financial’s Private Wealth Head Extols the Virtues of Delivering a Multi-Discipline Client Offering Hubbis,3.0
,,"""Private Wealth Asset Management"" family office investment",Private Wealth Asset Management,Art fund CEO: “I have never seen anything as active as this” - AMWatch,https://news.google.com/rss/articles/CBMib0FVX3lxTE1FamFCWHZkdGdCNGtNUFFrenRZejI4eElyQUlpaTBObDFqMS1sMzhNUzlOdXFZc3lFM2cweTV5ZDh5N0dmZXJtekFCcGo0OWV1cHppaGM0ZFllaFlJejVMVFVEWnBsQ1VNUWM2bjVhMA?oc=5,https://news.google.com/rss/articles/CBMib0FVX3lxTE1FamFCWHZkdGdCNGtNUFFrenRZejI4eElyQUlpaTBObDFqMS1sMzhNUzlOdXFZc3lFM2cweTV5ZDh5N0dmZXJtekFCcGo0OWV1cHppaGM0ZFllaFlJejVMVFVEWnBsQ1VNUWM2bjVhMA?oc=5,"Thu, 12 Jun 2025 07:00:00 GMT",AMWatch,CBMib0FVX3lxTE1FamFCWHZkdGdCNGtNUFFrenRZejI4eElyQUlpaTBObDFqMS1sMzhNUzlOdXFZc3lFM2cweTV5ZDh5N0dmZXJtekFCcGo0OWV1cHppaGM0ZFllaFlJejVMVFVEWnBsQ1VNUWM2bjVhMA,Art fund CEO: “I have never seen anything as active as this” AMWatch,4.0
,,"""Private Wealth Asset Management"" family office investment",Private Wealth Asset Management,Rockefeller Capital Is Buying $1.4 Billion Wealth Firm Whitnell - Business Insider,https://news.google.com/rss/articles/CBMitAFBVV95cUxOQm44YXhSSlZLenRzaExKRllhdm9HOTlQR1JqYmRVdkF1Tlo5UFRYSGpFaXl2RjdOWldrWk43Tlh1M0xXWnlPQVVSRkxxUHgyUnNtbW5IdUdWWGhtaXdTX0dTbWNGQlI1OVdFc2FZRUVIakkwRUxhOVNPMDF3LTlVOEhlQWl6UXdUVUQ4MUJwVVZMdWcwcDJrb2lneXFia0ZHb0hCdEZZV2R1NldWeEhKd2l4bGk?oc=5,https://news.google.com/rss/articles/CBMitAFBVV95cUxOQm44YXhSSlZLenRzaExKRllhdm9HOTlQR1JqYmRVdkF1Tlo5UFRYSGpFaXl2RjdOWldrWk43Tlh1M0xXWnlPQVVSRkxxUHgyUnNtbW5IdUdWWGhtaXdTX0dTbWNGQlI1OVdFc2FZRUVIakkwRUxhOVNPMDF3LTlVOEhlQWl6UXdUVUQ4MUJwVVZMdWcwcDJrb2lneXFia0ZHb0hCdEZZV2R1NldWeEhKd2l4bGk?oc=5,"Thu, 07 Jan 2021 08:00:00 GMT",Business Insider,CBMitAFBVV95cUxOQm44YXhSSlZLenRzaExKRllhdm9HOTlQR1JqYmRVdkF1Tlo5UFRYSGpFaXl2RjdOWldrWk43Tlh1M0xXWnlPQVVSRkxxUHgyUnNtbW5IdUdWWGhtaXdTX0dTbWNGQlI1OVdFc2FZRUVIakkwRUxhOVNPMDF3LTlVOEhlQWl6UXdUVUQ4MUJwVVZMdWcwcDJrb2lneXFia0ZHb0hCdEZZV2R1NldWeEhKd2l4bGk,Rockefeller Capital Is Buying $1.4 Billion Wealth Firm Whitnell Business Insider,5.0
,,"""Bessemer Trust"" family office investment",Bessemer Trust,What Is a Family Office and How Does It Work? - WSJ,https://news.google.com/rss/articles/CBMigwFBVV95cUxOakJhTzRacUJGcmRJN1FkbWFJV1JNUEVDNHRDOWtwOTRLY245UW5QZmUwZ0JwdnNvWVlSdF8tWHFSUFZLSnpKd1ZZVjJ0RnAteEZWRXhYZTFidE9rWGlPOC05U0VGRHdvLUlya1lWRFI3T0F1ejBmMkFHa1hNZ1Nsd1lqOA?oc=5,https://news.google.com/rss/articles/CBMigwFBVV95cUxOakJhTzRacUJGcmRJN1FkbWFJV1JNUEVDNHRDOWtwOTRLY245UW5QZmUwZ0JwdnNvWVlSdF8tWHFSUFZLSnpKd1ZZVjJ0RnAteEZWRXhYZTFidE9rWGlPOC05U0VGRHdvLUlya1lWRFI3T0F1ejBmMkFHa1hNZ1Nsd1lqOA?oc=5,"Tue, 07 Apr 2026 07:00:00 GMT",WSJ,CBMigwFBVV95cUxOakJhTzRacUJGcmRJN1FkbWFJV1JNUEVDNHRDOWtwOTRLY245UW5QZmUwZ0JwdnNvWVlSdF8tWHFSUFZLSnpKd1ZZVjJ0RnAteEZWRXhYZTFidE9rWGlPOC05U0VGRHdvLUlya1lWRFI3T0F1ejBmMkFHa1hNZ1Nsd1lqOA,What Is a Family Office and How Does It Work? WSJ,1.0
,,"""Bessemer Trust"" family office investment",Bessemer Trust,Boutique family offices bet on intimacy - Professional Wealth Management,https://news.google.com/rss/articles/CBMidkFVX3lxTE1TLWpZcVRIZEU5cTBiSHRGRk9OMVRYOWptdVdUczI0azMzUTBqSkdKanFGUUdtc1RhQklFNU4yVUtTWUpub0RRQkhjQnQxSEFzNkxSVlpjc19IWEZvZ1NEUVZqTEp1S3BNbjNBaHNJQVFIZUtTb1E?oc=5,https://news.google.com/rss/articles/CBMidkFVX3lxTE1TLWpZcVRIZEU5cTBiSHRGRk9OMVRYOWptdVdUczI0azMzUTBqSkdKanFGUUdtc1RhQklFNU4yVUtTWUpub0RRQkhjQnQxSEFzNkxSVlpjc19IWEZvZ1NEUVZqTEp1S3BNbjNBaHNJQVFIZUtTb1E?oc=5,"Tue, 07 Oct 2025 07:00:00 GMT",Professional Wealth Management,CBMidkFVX3lxTE1TLWpZcVRIZEU5cTBiSHRGRk9OMVRYOWptdVdUczI0azMzUTBqSkdKanFGUUdtc1RhQklFNU4yVUtTWUpub0RRQkhjQnQxSEFzNkxSVlpjc19IWEZvZ1NEUVZqTEp1S3BNbjNBaHNJQVFIZUtTb1E,Boutique family offices bet on intimacy Professional Wealth Management,2.0
,,"""Bessemer Trust"" family office investment",Bessemer Trust,Targeting Top RIAs: A Guide to Leading Firms in the Major US Metros - dakota.com,https://news.google.com/rss/articles/CBMipAFBVV95cUxOa2lSQU5NVVVQUkN5dk1JQkhGWGNNYy1BYklOQ1JGaWZDdWJBNW40bDdlNnYwUnNxVDJ2Y1g0eV80TmhCbVB3dHR5ckJveDkxQjRyb1VPYjJMc3F0aG5VUXhGSzJYNFNZSEdBTmRGcEhFbEoyZkVnY21reTVOTThGd1FIN1BMZG1rQWM1NDNQNFJ2MEFDbEhYODc2VEx6d1pobEpwT9IBtAFBVV95cUxQTUhVeE0xdHk0LXlDVXZLMm56RFEtQnlwQUlxOGI0dk95NUhXaF9oc0ltOEl2ZEV2ZmdIbWhxeHFIbFJqTnRzRzJZS09UTmlEejJMazRnVlZkVnI0VEhfN3FHZzVoUkdPMlZWX2hrLUdBazExTGllNGQ4NThxZGpxOGtFeU80WmtZWVpzN3picTljNkFRTkxWN3FBMTF0S19zT2tQckVINU14V0EzbWxPTWhINWM?oc=5,https://news.google.com/rss/articles/CBMipAFBVV95cUxOa2lSQU5NVVVQUkN5dk1JQkhGWGNNYy1BYklOQ1JGaWZDdWJBNW40bDdlNnYwUnNxVDJ2Y1g0eV80TmhCbVB3dHR5ckJveDkxQjRyb1VPYjJMc3F0aG5VUXhGSzJYNFNZSEdBTmRGcEhFbEoyZkVnY21reTVOTThGd1FIN1BMZG1rQWM1NDNQNFJ2MEFDbEhYODc2VEx6d1pobEpwT9IBtAFBVV95cUxQTUhVeE0xdHk0LXlDVXZLMm56RFEtQnlwQUlxOGI0dk95NUhXaF9oc0ltOEl2ZEV2ZmdIbWhxeHFIbFJqTnRzRzJZS09UTmlEejJMazRnVlZkVnI0VEhfN3FHZzVoUkdPMlZWX2hrLUdBazExTGllNGQ4NThxZGpxOGtFeU80WmtZWVpzN3picTljNkFRTkxWN3FBMTF0S19zT2tQckVINU14V0EzbWxPTWhINWM?oc=5,"Thu, 25 Sep 2025 07:00:00 GMT",dakota.com,CBMipAFBVV95cUxOa2lSQU5NVVVQUkN5dk1JQkhGWGNNYy1BYklOQ1JGaWZDdWJBNW40bDdlNnYwUnNxVDJ2Y1g0eV80TmhCbVB3dHR5ckJveDkxQjRyb1VPYjJMc3F0aG5VUXhGSzJYNFNZSEdBTmRGcEhFbEoyZkVnY21reTVOTThGd1FIN1BMZG1rQWM1NDNQNFJ2MEFDbEhYODc2VEx6d1pobEpwT9IBtAFBVV95cUxQTUhVeE0xdHk0LXlDVXZLMm56RFEtQnlwQUlxOGI0dk95NUhXaF9oc0ltOEl2ZEV2ZmdIbWhxeHFIbFJqTnRzRzJZS09UTmlEejJMazRnVlZkVnI0VEhfN3FHZzVoUkdPMlZWX2hrLUdBazExTGllNGQ4NThxZGpxOGtFeU80WmtZWVpzN3picTljNkFRTkxWN3FBMTF0S19zT2tQckVINU14V0EzbWxPTWhINWM,Targeting Top RIAs: A Guide to Leading Firms in the Major US Metros dakota.com,3.0
,,"""Bessemer Trust"" family office investment",Bessemer Trust,Bessemer Trust gatekeepers drop boutique from $9bn Smid-cap fund - Citywire,https://news.google.com/rss/articles/CBMirAFBVV95cUxOVTZPc1k4OXVfQkRKR1IyU2VWRERfQjI3cGtSV25rejJJSmNaNlpfcFBHb2J2cU5KMmZLLVltUWctcFRuazd6MEVrQUhPdjRvYVJla0l6aWw0ZmpLZW1QbDUxZkNSUk9OZEFMNnNGVko2cndFckN2TzFRWXRqZDMtTzYyaHZ0YjJmb3F2bW4xdXVpOHBPOTMtOHFacjhRTVU4dHFBWm9YWTg2bGVo?oc=5,https://news.google.com/rss/articles/CBMirAFBVV95cUxOVTZPc1k4OXVfQkRKR1IyU2VWRERfQjI3cGtSV25rejJJSmNaNlpfcFBHb2J2cU5KMmZLLVltUWctcFRuazd6MEVrQUhPdjRvYVJla0l6aWw0ZmpLZW1QbDUxZkNSUk9OZEFMNnNGVko2cndFckN2TzFRWXRqZDMtTzYyaHZ0YjJmb3F2bW4xdXVpOHBPOTMtOHFacjhRTVU4dHFBWm9YWTg2bGVo?oc=5,"Wed, 03 Dec 2025 08:00:00 GMT",Citywire,CBMirAFBVV95cUxOVTZPc1k4OXVfQkRKR1IyU2VWRERfQjI3cGtSV25rejJJSmNaNlpfcFBHb2J2cU5KMmZLLVltUWctcFRuazd6MEVrQUhPdjRvYVJla0l6aWw0ZmpLZW1QbDUxZkNSUk9OZEFMNnNGVko2cndFckN2TzFRWXRqZDMtTzYyaHZ0YjJmb3F2bW4xdXVpOHBPOTMtOHFacjhRTVU4dHFBWm9YWTg2bGVo,Bessemer Trust gatekeepers drop boutique from $9bn Smid-cap fund Citywire,4.0
,,"""Bessemer Trust"" family office investment",Bessemer Trust,RIAs want to look like family offices — but can they deliver what ultra-wealthy need? - Crain Currency,https://news.google.com/rss/articles/CBMiyAFBVV95cUxPejkwd1dFVmp0Z09hbkoyVjlCbmtjYi1UVlFncXBiTG9kaWdKZXdZSE9TMlJVOC1SVnpQc2xSSmFOTUVnT1h5Xzh2LUtKZFdMeGJWbS02T0NsMVZjMXVma0tMWk9nLTdneGhRWV9FSG1VRl8weW1SZFBTTmZFTVdMRGlDQTNMeGhTeEk0NnFYWlZ2NXBGblhxdUV5MUJWbjN0eWhXTkZqZ01rakxKUUFqcVhGakxZZFZ0M2FhXzZjZDlVTHlZU25hSA?oc=5,https://news.google.com/rss/articles/CBMiyAFBVV95cUxPejkwd1dFVmp0Z09hbkoyVjlCbmtjYi1UVlFncXBiTG9kaWdKZXdZSE9TMlJVOC1SVnpQc2xSSmFOTUVnT1h5Xzh2LUtKZFdMeGJWbS02T0NsMVZjMXVma0tMWk9nLTdneGhRWV9FSG1VRl8weW1SZFBTTmZFTVdMRGlDQTNMeGhTeEk0NnFYWlZ2NXBGblhxdUV5MUJWbjN0eWhXTkZqZ01rakxKUUFqcVhGakxZZFZ0M2FhXzZjZDlVTHlZU25hSA?oc=5,"Thu, 14 Aug 2025 07:00:00 GMT",Crain Currency,CBMiyAFBVV95cUxPejkwd1dFVmp0Z09hbkoyVjlCbmtjYi1UVlFncXBiTG9kaWdKZXdZSE9TMlJVOC1SVnpQc2xSSmFOTUVnT1h5Xzh2LUtKZFdMeGJWbS02T0NsMVZjMXVma0tMWk9nLTdneGhRWV9FSG1VRl8weW1SZFBTTmZFTVdMRGlDQTNMeGhTeEk0NnFYWlZ2NXBGblhxdUV5MUJWbjN0eWhXTkZqZ01rakxKUUFqcVhGakxZZFZ0M2FhXzZjZDlVTHlZU25hSA,RIAs want to look like family offices — but can they deliver what ultra-wealthy need? Crain Currency,5.0
,,"""Pathstone"" family office investment",Pathstone,Investment Solutions House Gets A Makeover - Family Wealth Report,https://news.google.com/rss/articles/CBMilAFBVV95cUxOR19DbjBaM3FObUtxWnJnN0JzTndUOVpTeWplZzR3NDVnOXNUZEg2ckpQenU2MVFONVBaVnhLeEJXeUNFcnQ4alkxblQtSXhZUks2UElMTWMtWGdMdUdNdjNyWXBtX2xQdFlLWGZkWG1xMnJBUzZlcVNhNXhQeHpVcHhidGdjREd3d29sejA3WnpNLW8y?oc=5,https://news.google.com/rss/articles/CBMilAFBVV95cUxOR19DbjBaM3FObUtxWnJnN0JzTndUOVpTeWplZzR3NDVnOXNUZEg2ckpQenU2MVFONVBaVnhLeEJXeUNFcnQ4alkxblQtSXhZUks2UElMTWMtWGdMdUdNdjNyWXBtX2xQdFlLWGZkWG1xMnJBUzZlcVNhNXhQeHpVcHhidGdjREd3d29sejA3WnpNLW8y?oc=5,"Tue, 01 Jul 2025 07:00:00 GMT",Family Wealth Report,CBMilAFBVV95cUxOR19DbjBaM3FObUtxWnJnN0JzTndUOVpTeWplZzR3NDVnOXNUZEg2ckpQenU2MVFONVBaVnhLeEJXeUNFcnQ4alkxblQtSXhZUks2UElMTWMtWGdMdUdNdjNyWXBtX2xQdFlLWGZkWG1xMnJBUzZlcVNhNXhQeHpVcHhidGdjREd3d29sejA3WnpNLW8y,Investment Solutions House Gets A Makeover Family Wealth Report,1.0
,,"""Pathstone"" family office investment",Pathstone,What's the biggest growth challenge for family offices? Ask a chief growth officer - InvestmentNews,https://news.google.com/rss/articles/CBMi1AFBVV95cUxQNHNjWWtOVElCNHJNNWV1b1pNaHZhWElteTNDQkZ0YzlyQTQ3NXdJNE1sbGttbXBMTmgwTENqUmxNUkhPQXVkLWxJUGxsNUhYYm94cnkxaEN3a0JjR2Q5X1lSQWRJbzQ2bkszQkR3bHhmenVDRnhxYlZ0ZDhxUlJKclBYVThHd2NIdERZTmpZVEt3Z3lJN3V6eTBwQ2I5VlY5emkyNlBlcEFPZkZfcjZtSi16MldobEtmXzJQcDFOTkVfY0ZMVEpnWm9UcGxHNU1qSFhlRw?oc=5,https://news.google.com/rss/articles/CBMi1AFBVV95cUxQNHNjWWtOVElCNHJNNWV1b1pNaHZhWElteTNDQkZ0YzlyQTQ3NXdJNE1sbGttbXBMTmgwTENqUmxNUkhPQXVkLWxJUGxsNUhYYm94cnkxaEN3a0JjR2Q5X1lSQWRJbzQ2bkszQkR3bHhmenVDRnhxYlZ0ZDhxUlJKclBYVThHd2NIdERZTmpZVEt3Z3lJN3V6eTBwQ2I5VlY5emkyNlBlcEFPZkZfcjZtSi16MldobEtmXzJQcDFOTkVfY0ZMVEpnWm9UcGxHNU1qSFhlRw?oc=5,"Wed, 04 Jun 2025 07:00:00 GMT",InvestmentNews,CBMi1AFBVV95cUxQNHNjWWtOVElCNHJNNWV1b1pNaHZhWElteTNDQkZ0YzlyQTQ3NXdJNE1sbGttbXBMTmgwTENqUmxNUkhPQXVkLWxJUGxsNUhYYm94cnkxaEN3a0JjR2Q5X1lSQWRJbzQ2bkszQkR3bHhmenVDRnhxYlZ0ZDhxUlJKclBYVThHd2NIdERZTmpZVEt3Z3lJN3V6eTBwQ2I5VlY5emkyNlBlcEFPZkZfcjZtSi16MldobEtmXzJQcDFOTkVfY0ZMVEpnWm9UcGxHNU1qSFhlRw,What's the biggest growth challenge for family offices? Ask a chief growth officer InvestmentNews,2.0
,,"""Pathstone"" family office investment",Pathstone,"Pathstone Welcomes New Investment from Kelso & Company, Alongside Continued Commitment from Existing Investor, Lovell Minnick Partners - PR Newswire",https://news.google.com/rss/articles/CBMilgJBVV95cUxNRHA0RnUyRDNvR1RKNnZsQi1YS1lreUlrbFpPUGMtbWN5bWd4N3ZseXVuS1czSEpSel9SaDdLTC1lUG9naUM1NFk3YWhST1hDNmFvTEo3MkM2QTZORUtMTmFSZ3ZXbktGeV9INGxhZEM1NVJBSTBCRmRWZjhKMGF1S2tDVGtCQzlMeV9LVk9yRGxEcTh4SUU2MUZSeWwzQTRDN0hUZHVBeU5kclhvTFJEQ25wNHRmWDF0WnExMDVnbk5OWmhsVzdySVB1MDBTYnVJRkFiekhTZXNHMW9sOE1YNnduSlRIR1hfdm9tek5BUURZRXN0MkpZRlo2QUNmOFlrUVNqdm4xdTR6RG1yYXUzOTgzbk4xdw?oc=5,https://news.google.com/rss/articles/CBMilgJBVV95cUxNRHA0RnUyRDNvR1RKNnZsQi1YS1lreUlrbFpPUGMtbWN5bWd4N3ZseXVuS1czSEpSel9SaDdLTC1lUG9naUM1NFk3YWhST1hDNmFvTEo3MkM2QTZORUtMTmFSZ3ZXbktGeV9INGxhZEM1NVJBSTBCRmRWZjhKMGF1S2tDVGtCQzlMeV9LVk9yRGxEcTh4SUU2MUZSeWwzQTRDN0hUZHVBeU5kclhvTFJEQ25wNHRmWDF0WnExMDVnbk5OWmhsVzdySVB1MDBTYnVJRkFiekhTZXNHMW9sOE1YNnduSlRIR1hfdm9tek5BUURZRXN0MkpZRlo2QUNmOFlrUVNqdm4xdTR6RG1yYXUzOTgzbk4xdw?oc=5,"Mon, 06 Mar 2023 08:00:00 GMT",PR Newswire,CBMilgJBVV95cUxNRHA0RnUyRDNvR1RKNnZsQi1YS1lreUlrbFpPUGMtbWN5bWd4N3ZseXVuS1czSEpSel9SaDdLTC1lUG9naUM1NFk3YWhST1hDNmFvTEo3MkM2QTZORUtMTmFSZ3ZXbktGeV9INGxhZEM1NVJBSTBCRmRWZjhKMGF1S2tDVGtCQzlMeV9LVk9yRGxEcTh4SUU2MUZSeWwzQTRDN0hUZHVBeU5kclhvTFJEQ25wNHRmWDF0WnExMDVnbk5OWmhsVzdySVB1MDBTYnVJRkFiekhTZXNHMW9sOE1YNnduSlRIR1hfdm9tek5BUURZRXN0MkpZRlo2QUNmOFlrUVNqdm4xdTR6RG1yYXUzOTgzbk4xdw,"Pathstone Welcomes New Investment from Kelso & Company, Alongside Continued Commitment from Existing Investor, Lovell Minnick Partners PR Newswire",3.0
,,"""Pathstone"" family office investment",Pathstone,"Pathstone reclaims by poach Schwab’s family office division unit head, Eddie Brown, weeks after the Lovell Minnick ultrahigh-net-worth roll-up snapped up a $50 billion RIA - RIABiz",https://news.google.com/rss/articles/CBMipgJBVV95cUxORkdyNG4xbXBRcFl6N0w5NDRUOVhHMHdQXzVid05NRXpEOG55WllhdWxhMnB5RnVGeDlwZms2aXpwdjNPZEl6TWxmM1lDRTFuUEFxM2xTZzl3R2k4YWpwWkJGWUptUndlLUFhVk4zSTAyTy1SNENwSUk5OGh1YW1QR1Zqd1VOeDUtUXJBNnZzSWhJeWxsX3FSSlJwUkkxeHZKMXdSaEwzalZUZkhjdzFxWkxFQTRlb0dZcVJRM2N1MXZkSGFPSnMzeFRwZGtBWUxHdDZMS2lkUjgwQTZuU3pIYXZjdUhaY0lFeFZ4VTFtOTlLc3BJZkVfR291SndPcEMzX0xTNEJ1WXZZeE5xZ29nR2FFZXpqSEJ6ZnUxMWs1VjA2ZTlEM0E?oc=5,https://news.google.com/rss/articles/CBMipgJBVV95cUxORkdyNG4xbXBRcFl6N0w5NDRUOVhHMHdQXzVid05NRXpEOG55WllhdWxhMnB5RnVGeDlwZms2aXpwdjNPZEl6TWxmM1lDRTFuUEFxM2xTZzl3R2k4YWpwWkJGWUptUndlLUFhVk4zSTAyTy1SNENwSUk5OGh1YW1QR1Zqd1VOeDUtUXJBNnZzSWhJeWxsX3FSSlJwUkkxeHZKMXdSaEwzalZUZkhjdzFxWkxFQTRlb0dZcVJRM2N1MXZkSGFPSnMzeFRwZGtBWUxHdDZMS2lkUjgwQTZuU3pIYXZjdUhaY0lFeFZ4VTFtOTlLc3BJZkVfR291SndPcEMzX0xTNEJ1WXZZeE5xZ29nR2FFZXpqSEJ6ZnUxMWs1VjA2ZTlEM0E?oc=5,"Thu, 14 Nov 2024 08:00:00 GMT",RIABiz,CBMipgJBVV95cUxORkdyNG4xbXBRcFl6N0w5NDRUOVhHMHdQXzVid05NRXpEOG55WllhdWxhMnB5RnVGeDlwZms2aXpwdjNPZEl6TWxmM1lDRTFuUEFxM2xTZzl3R2k4YWpwWkJGWUptUndlLUFhVk4zSTAyTy1SNENwSUk5OGh1YW1QR1Zqd1VOeDUtUXJBNnZzSWhJeWxsX3FSSlJwUkkxeHZKMXdSaEwzalZUZkhjdzFxWkxFQTRlb0dZcVJRM2N1MXZkSGFPSnMzeFRwZGtBWUxHdDZMS2lkUjgwQTZuU3pIYXZjdUhaY0lFeFZ4VTFtOTlLc3BJZkVfR291SndPcEMzX0xTNEJ1WXZZeE5xZ29nR2FFZXpqSEJ6ZnUxMWs1VjA2ZTlEM0E,"Pathstone reclaims by poach Schwab’s family office division unit head, Eddie Brown, weeks after the Lovell Minnick ultrahigh-net-worth roll-up snapped up a $50 billion RIA RIABiz",4.0
,,"""Pathstone"" family office investment",Pathstone,Pathstone to Merge With Hall Capital to Create $100B AUM Firm - Wealth Management,https://news.google.com/rss/articles/CBMipAFBVV95cUxPZGtXaWE2RU1zaW1rS3M3bFdXYmVhZHNUOXFfelNpWGU0RUFZUTQ1SkhIM3dRbFBWWW5uNzJubGFSX01VR0gtZnNLRDBTNGNKSzVQSS1YdkNUSkhrR3B3OERlR0thYWlFa0g1SkozY1JXLUNSQlNMRnFETkhQbXVQQy13WFBiRS1ERE5SZUN2a3Y2M094NHpVQU9mWmNyR2hEN3V6Zg?oc=5,https://news.google.com/rss/articles/CBMipAFBVV95cUxPZGtXaWE2RU1zaW1rS3M3bFdXYmVhZHNUOXFfelNpWGU0RUFZUTQ1SkhIM3dRbFBWWW5uNzJubGFSX01VR0gtZnNLRDBTNGNKSzVQSS1YdkNUSkhrR3B3OERlR0thYWlFa0g1SkozY1JXLUNSQlNMRnFETkhQbXVQQy13WFBiRS1ERE5SZUN2a3Y2M094NHpVQU9mWmNyR2hEN3V6Zg?oc=5,"Tue, 11 Feb 2025 18:50:17 GMT",Wealth Management,CBMipAFBVV95cUxPZGtXaWE2RU1zaW1rS3M3bFdXYmVhZHNUOXFfelNpWGU0RUFZUTQ1SkhIM3dRbFBWWW5uNzJubGFSX01VR0gtZnNLRDBTNGNKSzVQSS1YdkNUSkhrR3B3OERlR0thYWlFa0g1SkozY1JXLUNSQlNMRnFETkhQbXVQQy13WFBiRS1ERE5SZUN2a3Y2M094NHpVQU9mWmNyR2hEN3V6Zg,Pathstone to Merge With Hall Capital to Create $100B AUM Firm Wealth Management,5.0
,,"""Cresset"" family office investment",Cresset,"Cresset, Angeles Family Office announce managing director appointments - InvestmentNews",https://news.google.com/rss/articles/CBMitwFBVV95cUxNVjFnYVAtOGNtZFlTajNoM2R5cFoyMXB1amROSlVUMUJSOUpjQTlIczIxanQwcHJaMFZNazhyU0J6aC1UVUN1MlBsSmlGWVM1LUZPRWhNSzQzQlIyUnJiRzJHYUQ2YWFkbkdvR3p0OWdPbW9pUk4zUmRrbi13M3IwVmFoYTlqbEFqMmhMc3phT2luU09ieVdSeGpFMTBSTUFLZ29LcEtuSDBGTU9jam12dHB0MmJkTVE?oc=5,https://news.google.com/rss/articles/CBMitwFBVV95cUxNVjFnYVAtOGNtZFlTajNoM2R5cFoyMXB1amROSlVUMUJSOUpjQTlIczIxanQwcHJaMFZNazhyU0J6aC1UVUN1MlBsSmlGWVM1LUZPRWhNSzQzQlIyUnJiRzJHYUQ2YWFkbkdvR3p0OWdPbW9pUk4zUmRrbi13M3IwVmFoYTlqbEFqMmhMc3phT2luU09ieVdSeGpFMTBSTUFLZ29LcEtuSDBGTU9jam12dHB0MmJkTVE?oc=5,"Thu, 05 Mar 2026 08:00:00 GMT",InvestmentNews,CBMitwFBVV95cUxNVjFnYVAtOGNtZFlTajNoM2R5cFoyMXB1amROSlVUMUJSOUpjQTlIczIxanQwcHJaMFZNazhyU0J6aC1UVUN1MlBsSmlGWVM1LUZPRWhNSzQzQlIyUnJiRzJHYUQ2YWFkbkdvR3p0OWdPbW9pUk4zUmRrbi13M3IwVmFoYTlqbEFqMmhMc3phT2luU09ieVdSeGpFMTBSTUFLZ29LcEtuSDBGTU9jam12dHB0MmJkTVE,"Cresset, Angeles Family Office announce managing director appointments InvestmentNews",1.0
,,"""Cresset"" family office investment",Cresset,"Cresset Announces Strategic Combination with Monticello Associates, Approaches $200 Billion in Assets - PR Newswire",https://news.google.com/rss/articles/CBMi6wFBVV95cUxNdkFjM3pNelROVjNNSTAyb25mTldEZHBmSnc1ODNLcHJuRkhUMDROQlRyX0JVbFdKNUJIcUt2XzlXUDNOZTBRRGhQZ1VIS3FkU0JiaXpkWVY2U0Fuc2laWkNCOUYyc1RXaHZrQnNlZEJXU3doSWFUR3pXN1dJZWFhY0trY1pvSGFGUDZBUTI2bThLclhQRV9nWDhkU3lzN0RYUlUza0Z0VFRfUXY5V2UxMGdUeHM0c0pXQ2xUY2RmOFVxakQxMXdkT2ktZWcwbUJWaHJ1ZWZqV0ZSelZOcDJuVjktakliNE95bXNv?oc=5,https://news.google.com/rss/articles/CBMi6wFBVV95cUxNdkFjM3pNelROVjNNSTAyb25mTldEZHBmSnc1ODNLcHJuRkhUMDROQlRyX0JVbFdKNUJIcUt2XzlXUDNOZTBRRGhQZ1VIS3FkU0JiaXpkWVY2U0Fuc2laWkNCOUYyc1RXaHZrQnNlZEJXU3doSWFUR3pXN1dJZWFhY0trY1pvSGFGUDZBUTI2bThLclhQRV9nWDhkU3lzN0RYUlUza0Z0VFRfUXY5V2UxMGdUeHM0c0pXQ2xUY2RmOFVxakQxMXdkT2ktZWcwbUJWaHJ1ZWZqV0ZSelZOcDJuVjktakliNE95bXNv?oc=5,"Mon, 18 Aug 2025 07:00:00 GMT",PR Newswire,CBMi6wFBVV95cUxNdkFjM3pNelROVjNNSTAyb25mTldEZHBmSnc1ODNLcHJuRkhUMDROQlRyX0JVbFdKNUJIcUt2XzlXUDNOZTBRRGhQZ1VIS3FkU0JiaXpkWVY2U0Fuc2laWkNCOUYyc1RXaHZrQnNlZEJXU3doSWFUR3pXN1dJZWFhY0trY1pvSGFGUDZBUTI2bThLclhQRV9nWDhkU3lzN0RYUlUza0Z0VFRfUXY5V2UxMGdUeHM0c0pXQ2xUY2RmOFVxakQxMXdkT2ktZWcwbUJWaHJ1ZWZqV0ZSelZOcDJuVjktakliNE95bXNv,"Cresset Announces Strategic Combination with Monticello Associates, Approaches $200 Billion in Assets PR Newswire",2.0
,,"""Cresset"" family office investment",Cresset,The Hot Trends Behind Cresset’s Big OCIO Deal - Family Wealth Report,https://news.google.com/rss/articles/CBMirwFBVV95cUxNLVp6b2NRSVVOSWxDSGdOQ3B3U1cwWjBzMkZNMGJtcE9zbFBHR3NUYWMxUk5LWS1uMGZvVF9CMFRvcmVPMjEwdEExdG5nSk1VNFBYS19KV1A2MTU5UnZnOUxCQi16Q2tsNHRKNUl3RTJpZ1VaMGNWcGJwSkNLN0ZEMUVsOVNONzB0Y2FsYTVKalNLWFJ2R1k0R0tUQkJOQ3J1eG1aQ19ZYmhBNEJoUHFv?oc=5,https://news.google.com/rss/articles/CBMirwFBVV95cUxNLVp6b2NRSVVOSWxDSGdOQ3B3U1cwWjBzMkZNMGJtcE9zbFBHR3NUYWMxUk5LWS1uMGZvVF9CMFRvcmVPMjEwdEExdG5nSk1VNFBYS19KV1A2MTU5UnZnOUxCQi16Q2tsNHRKNUl3RTJpZ1VaMGNWcGJwSkNLN0ZEMUVsOVNONzB0Y2FsYTVKalNLWFJ2R1k0R0tUQkJOQ3J1eG1aQ19ZYmhBNEJoUHFv?oc=5,"Wed, 20 Aug 2025 07:00:00 GMT",Family Wealth Report,CBMirwFBVV95cUxNLVp6b2NRSVVOSWxDSGdOQ3B3U1cwWjBzMkZNMGJtcE9zbFBHR3NUYWMxUk5LWS1uMGZvVF9CMFRvcmVPMjEwdEExdG5nSk1VNFBYS19KV1A2MTU5UnZnOUxCQi16Q2tsNHRKNUl3RTJpZ1VaMGNWcGJwSkNLN0ZEMUVsOVNONzB0Y2FsYTVKalNLWFJ2R1k0R0tUQkJOQ3J1eG1aQ19ZYmhBNEJoUHFv,The Hot Trends Behind Cresset’s Big OCIO Deal Family Wealth Report,3.0
,,"""Cresset"" family office investment",Cresset,$235B Multi-Family Office Names CEO - planadviser,https://news.google.com/rss/articles/CBMicEFVX3lxTE4xMmF0b3FUZVlERE96MXVxdkZEWUVvVzl5MHdFekRwNFlFdWFDWkdSTU9jRlBpRnJpY2hOQXVCQktva0dkbmo2N1did25fSXNINTgwYlNRNDhmdVNkVXphNFI3NkVRTzVqd1kzaVJLalg?oc=5,https://news.google.com/rss/articles/CBMicEFVX3lxTE4xMmF0b3FUZVlERE96MXVxdkZEWUVvVzl5MHdFekRwNFlFdWFDWkdSTU9jRlBpRnJpY2hOQXVCQktva0dkbmo2N1did25fSXNINTgwYlNRNDhmdVNkVXphNFI3NkVRTzVqd1kzaVJLalg?oc=5,"Tue, 10 Mar 2026 07:00:00 GMT",planadviser,CBMicEFVX3lxTE4xMmF0b3FUZVlERE96MXVxdkZEWUVvVzl5MHdFekRwNFlFdWFDWkdSTU9jRlBpRnJpY2hOQXVCQktva0dkbmo2N1did25fSXNINTgwYlNRNDhmdVNkVXphNFI3NkVRTzVqd1kzaVJLalg,$235B Multi-Family Office Names CEO planadviser,4.0
,,"""Cresset"" family office investment",Cresset,Partnership Between Cresset and Monticello Announced - ai-cio.com,https://news.google.com/rss/articles/CBMiiAFBVV95cUxQbUduTWZYR1hsX2hadWhJbThKRzBKc0Q4X1JvZFU0b1Y4UGhTQUhKWjhwUnlMMmQzUlJGMkpBdkRxLXZmQTNhYnJmV1NSSGNKSFl0aWNUN1J6Y0x3RmZ4WDYxRlBHTHlRV1NRazB5V1p4NEJfRzNPbmJlU1BwUUlGaloyZUJCR29U?oc=5,https://news.google.com/rss/articles/CBMiiAFBVV95cUxQbUduTWZYR1hsX2hadWhJbThKRzBKc0Q4X1JvZFU0b1Y4UGhTQUhKWjhwUnlMMmQzUlJGMkpBdkRxLXZmQTNhYnJmV1NSSGNKSFl0aWNUN1J6Y0x3RmZ4WDYxRlBHTHlRV1NRazB5V1p4NEJfRzNPbmJlU1BwUUlGaloyZUJCR29U?oc=5,"Thu, 21 Aug 2025 07:00:00 GMT",ai-cio.com,CBMiiAFBVV95cUxQbUduTWZYR1hsX2hadWhJbThKRzBKc0Q4X1JvZFU0b1Y4UGhTQUhKWjhwUnlMMmQzUlJGMkpBdkRxLXZmQTNhYnJmV1NSSGNKSFl0aWNUN1J6Y0x3RmZ4WDYxRlBHTHlRV1NRazB5V1p4NEJfRzNPbmJlU1BwUUlGaloyZUJCR29U,Partnership Between Cresset and Monticello Announced ai-cio.com,5.0
,,"""AlTi Tiedemann Global"" family office investment",AlTi Tiedemann Global,AlTi Global Names CIO Nancy Curtin as Interim CEO - ai-cio.com,https://news.google.com/rss/articles/CBMihAFBVV95cUxQc2pySF9FcXhYOEdZRmhOX1BVd3VBWFBRLW9yWndwTE1rRmxXdURBcDRzWkM0NDgyd3lOMUlRczI4MWczLW1WekZpUjJoSXROY1loLVlVQzl2OVdUWVZpa1c3UzFGTWZoV3FoSmo1QVdzSUVZZTBsaEkzUkdnYTRfblFYRTc?oc=5,https://news.google.com/rss/articles/CBMihAFBVV95cUxQc2pySF9FcXhYOEdZRmhOX1BVd3VBWFBRLW9yWndwTE1rRmxXdURBcDRzWkM0NDgyd3lOMUlRczI4MWczLW1WekZpUjJoSXROY1loLVlVQzl2OVdUWVZpa1c3UzFGTWZoV3FoSmo1QVdzSUVZZTBsaEkzUkdnYTRfblFYRTc?oc=5,"Tue, 31 Mar 2026 07:00:00 GMT",ai-cio.com,CBMihAFBVV95cUxQc2pySF9FcXhYOEdZRmhOX1BVd3VBWFBRLW9yWndwTE1rRmxXdURBcDRzWkM0NDgyd3lOMUlRczI4MWczLW1WekZpUjJoSXROY1loLVlVQzl2OVdUWVZpa1c3UzFGTWZoV3FoSmo1QVdzSUVZZTBsaEkzUkdnYTRfblFYRTc,AlTi Global Names CIO Nancy Curtin as Interim CEO ai-cio.com,1.0
,,"""AlTi Tiedemann Global"" family office investment",AlTi Tiedemann Global,Ousted Tiedemann Fires Back In Battle For AlTi Global - Family Wealth Report,https://news.google.com/rss/articles/CBMiowFBVV95cUxNeDdNSHRjN0RXZTFNanY4dHprdDFZc2tFT2YtWUZLLThFY1NNZTRJcDJRT0ktUTdZYnNVUWJWcHNTVE94WjVJT1RITVNwZWR6UC1mcGFTeGlaYUphemlDZnhOYThzZWZjd0hub2hrdFF5SjJkM2x4UGRQeEF5UVozdnZHS0dERmZzaTNkcTB0V3Y0MFVHNGtXcHMxTVpZQ0V1Yy1n?oc=5,https://news.google.com/rss/articles/CBMiowFBVV95cUxNeDdNSHRjN0RXZTFNanY4dHprdDFZc2tFT2YtWUZLLThFY1NNZTRJcDJRT0ktUTdZYnNVUWJWcHNTVE94WjVJT1RITVNwZWR6UC1mcGFTeGlaYUphemlDZnhOYThzZWZjd0hub2hrdFF5SjJkM2x4UGRQeEF5UVozdnZHS0dERmZzaTNkcTB0V3Y0MFVHNGtXcHMxTVpZQ0V1Yy1n?oc=5,"Wed, 01 Apr 2026 07:00:00 GMT",Family Wealth Report,CBMiowFBVV95cUxNeDdNSHRjN0RXZTFNanY4dHprdDFZc2tFT2YtWUZLLThFY1NNZTRJcDJRT0ktUTdZYnNVUWJWcHNTVE94WjVJT1RITVNwZWR6UC1mcGFTeGlaYUphemlDZnhOYThzZWZjd0hub2hrdFF5SjJkM2x4UGRQeEF5UVozdnZHS0dERmZzaTNkcTB0V3Y0MFVHNGtXcHMxTVpZQ0V1Yy1n,Ousted Tiedemann Fires Back In Battle For AlTi Global Family Wealth Report,2.0
,,"""AlTi Tiedemann Global"" family office investment",AlTi Tiedemann Global,Family offices seek value beyond returns - Professional Wealth Management,https://news.google.com/rss/articles/CBMidkFVX3lxTE9MUzVRMjBOWlNCZ3JhcnNfTmJ3LXRnaURuWlZYREN4aktORTZsYlVYUWVJYXVRNl81VHoteU5kSVd5UkNuTUtNZms0UDhCLVFZeWpRUzVMVEtVY3NreV95VDJwNERfX1JuY25hWDE5N0tHaW5GUWc?oc=5,https://news.google.com/rss/articles/CBMidkFVX3lxTE9MUzVRMjBOWlNCZ3JhcnNfTmJ3LXRnaURuWlZYREN4aktORTZsYlVYUWVJYXVRNl81VHoteU5kSVd5UkNuTUtNZms0UDhCLVFZeWpRUzVMVEtVY3NreV95VDJwNERfX1JuY25hWDE5N0tHaW5GUWc?oc=5,"Thu, 05 Mar 2026 08:00:00 GMT",Professional Wealth Management,CBMidkFVX3lxTE9MUzVRMjBOWlNCZ3JhcnNfTmJ3LXRnaURuWlZYREN4aktORTZsYlVYUWVJYXVRNl81VHoteU5kSVd5UkNuTUtNZms0UDhCLVFZeWpRUzVMVEtVY3NreV95VDJwNERfX1JuY25hWDE5N0tHaW5GUWc,Family offices seek value beyond returns Professional Wealth Management,3.0
,,"""AlTi Tiedemann Global"" family office investment",AlTi Tiedemann Global,"The global family office: Navigating distance, identity and cross-border complexity - Crain Currency",https://news.google.com/rss/articles/CBMivgFBVV95cUxQNVN4VEFMcU9jbGV4cm8tUE5sWUFvRWJEY1NUVTBwTlJPbGd5OEdrOUFJNlFUZ1BKS2h0clk2ZTBGTnVoU2FBT3lzdjJnNXhRNjFlYUFEOHVrWVIyWjNKb2dNajF3VVNNb3FFTkhkRTMzWmZLMUl3bmJpR0tCZmtzRldUUHpuaG8tdkVIQTBkcWR3aldZZ1VGcUxoeXZUVjFNZW4yek40a2lNeUowdnhBSUFZV2xrWElTTGNoWk1n?oc=5,https://news.google.com/rss/articles/CBMivgFBVV95cUxQNVN4VEFMcU9jbGV4cm8tUE5sWUFvRWJEY1NUVTBwTlJPbGd5OEdrOUFJNlFUZ1BKS2h0clk2ZTBGTnVoU2FBT3lzdjJnNXhRNjFlYUFEOHVrWVIyWjNKb2dNajF3VVNNb3FFTkhkRTMzWmZLMUl3bmJpR0tCZmtzRldUUHpuaG8tdkVIQTBkcWR3aldZZ1VGcUxoeXZUVjFNZW4yek40a2lNeUowdnhBSUFZV2xrWElTTGNoWk1n?oc=5,"Fri, 01 Aug 2025 07:00:00 GMT",Crain Currency,CBMivgFBVV95cUxQNVN4VEFMcU9jbGV4cm8tUE5sWUFvRWJEY1NUVTBwTlJPbGd5OEdrOUFJNlFUZ1BKS2h0clk2ZTBGTnVoU2FBT3lzdjJnNXhRNjFlYUFEOHVrWVIyWjNKb2dNajF3VVNNb3FFTkhkRTMzWmZLMUl3bmJpR0tCZmtzRldUUHpuaG8tdkVIQTBkcWR3aldZZ1VGcUxoeXZUVjFNZW4yek40a2lNeUowdnhBSUFZV2xrWElTTGNoWk1n,"The global family office: Navigating distance, identity and cross-border complexity Crain Currency",4.0
,,"""AlTi Tiedemann Global"" family office investment",AlTi Tiedemann Global,"Investment boss Curtin backs families, women and tech for long-term - Professional Wealth Management",https://news.google.com/rss/articles/CBMidkFVX3lxTE9ucENHYXUtRG1GVEVtY2dXalpJR0x2MGRhS1JSd05iQklabmNiVUVCVUpqRFRQOFdLbDBnVmQ1MzRNZzhWV1U0dU0xTGlVdzNjaWJ2azFGRzV1WFNLVlRFTEZtSWtUWExHcG9NOFV0dWlDVl9jcGc?oc=5,https://news.google.com/rss/articles/CBMidkFVX3lxTE9ucENHYXUtRG1GVEVtY2dXalpJR0x2MGRhS1JSd05iQklabmNiVUVCVUpqRFRQOFdLbDBnVmQ1MzRNZzhWV1U0dU0xTGlVdzNjaWJ2azFGRzV1WFNLVlRFTEZtSWtUWExHcG9NOFV0dWlDVl9jcGc?oc=5,"Mon, 15 Sep 2025 07:00:00 GMT",Professional Wealth Management,CBMidkFVX3lxTE9ucENHYXUtRG1GVEVtY2dXalpJR0x2MGRhS1JSd05iQklabmNiVUVCVUpqRFRQOFdLbDBnVmQ1MzRNZzhWV1U0dU0xTGlVdzNjaWJ2azFGRzV1WFNLVlRFTEZtSWtUWExHcG9NOFV0dWlDVl9jcGc,"Investment boss Curtin backs families, women and tech for long-term Professional Wealth Management",5.0
,,"""WE Family Offices"" family office investment",WE Family Offices,"Biggest Fans Of Alternatives? Family Offices, UHNW Clients - Family Wealth Report",https://news.google.com/rss/articles/CBMirgFBVV95cUxOa3Y3YWh1dll3OFlqb3JfX0w2Tl84UlpwNGI3dG5TbEg3S012LXpGejNjckpoUlF2QzA2M2dWUU5uVzNhQl9EUVlBUERnV0NoTXY0YjdyM3pmYjNhaU1jemowVHA1a2w3bFp0Y1V4ZzZ1eUJ5VjZNSTk4U3hGLWc5eGU4Xzk0T0RKWkR1MVpVM1NqN2ZXcmMtV1IwYlRaNkY4N1k3Z0Iwa1lJcDRVOWc?oc=5,https://news.google.com/rss/articles/CBMirgFBVV95cUxOa3Y3YWh1dll3OFlqb3JfX0w2Tl84UlpwNGI3dG5TbEg3S012LXpGejNjckpoUlF2QzA2M2dWUU5uVzNhQl9EUVlBUERnV0NoTXY0YjdyM3pmYjNhaU1jemowVHA1a2w3bFp0Y1V4ZzZ1eUJ5VjZNSTk4U3hGLWc5eGU4Xzk0T0RKWkR1MVpVM1NqN2ZXcmMtV1IwYlRaNkY4N1k3Z0Iwa1lJcDRVOWc?oc=5,"Mon, 30 Jun 2025 07:00:00 GMT",Family Wealth Report,CBMirgFBVV95cUxOa3Y3YWh1dll3OFlqb3JfX0w2Tl84UlpwNGI3dG5TbEg3S012LXpGejNjckpoUlF2QzA2M2dWUU5uVzNhQl9EUVlBUERnV0NoTXY0YjdyM3pmYjNhaU1jemowVHA1a2w3bFp0Y1V4ZzZ1eUJ5VjZNSTk4U3hGLWc5eGU4Xzk0T0RKWkR1MVpVM1NqN2ZXcmMtV1IwYlRaNkY4N1k3Z0Iwa1lJcDRVOWc,"Biggest Fans Of Alternatives? Family Offices, UHNW Clients Family Wealth Report",1.0
,,"""WE Family Offices"" family office investment",WE Family Offices,RIAs want to look like family offices — but can they deliver what ultra-wealthy need? - Crain Currency,https://news.google.com/rss/articles/CBMiyAFBVV95cUxPejkwd1dFVmp0Z09hbkoyVjlCbmtjYi1UVlFncXBiTG9kaWdKZXdZSE9TMlJVOC1SVnpQc2xSSmFOTUVnT1h5Xzh2LUtKZFdMeGJWbS02T0NsMVZjMXVma0tMWk9nLTdneGhRWV9FSG1VRl8weW1SZFBTTmZFTVdMRGlDQTNMeGhTeEk0NnFYWlZ2NXBGblhxdUV5MUJWbjN0eWhXTkZqZ01rakxKUUFqcVhGakxZZFZ0M2FhXzZjZDlVTHlZU25hSA?oc=5,https://news.google.com/rss/articles/CBMiyAFBVV95cUxPejkwd1dFVmp0Z09hbkoyVjlCbmtjYi1UVlFncXBiTG9kaWdKZXdZSE9TMlJVOC1SVnpQc2xSSmFOTUVnT1h5Xzh2LUtKZFdMeGJWbS02T0NsMVZjMXVma0tMWk9nLTdneGhRWV9FSG1VRl8weW1SZFBTTmZFTVdMRGlDQTNMeGhTeEk0NnFYWlZ2NXBGblhxdUV5MUJWbjN0eWhXTkZqZ01rakxKUUFqcVhGakxZZFZ0M2FhXzZjZDlVTHlZU25hSA?oc=5,"Thu, 14 Aug 2025 07:00:00 GMT",Crain Currency,CBMiyAFBVV95cUxPejkwd1dFVmp0Z09hbkoyVjlCbmtjYi1UVlFncXBiTG9kaWdKZXdZSE9TMlJVOC1SVnpQc2xSSmFOTUVnT1h5Xzh2LUtKZFdMeGJWbS02T0NsMVZjMXVma0tMWk9nLTdneGhRWV9FSG1VRl8weW1SZFBTTmZFTVdMRGlDQTNMeGhTeEk0NnFYWlZ2NXBGblhxdUV5MUJWbjN0eWhXTkZqZ01rakxKUUFqcVhGakxZZFZ0M2FhXzZjZDlVTHlZU25hSA,RIAs want to look like family offices — but can they deliver what ultra-wealthy need? Crain Currency,2.0
,,"""WE Family Offices"" family office investment",WE Family Offices,WE Family Offices and MdF Family Partners Join Forces to Support the Launch of a London-Based Independent Family Office - Funds Society,https://news.google.com/rss/articles/CBMihgJBVV95cUxPWTNFc21ybzZGWDFEZ3JBUmRvVzJ6LUxzNGk4Q215S1F2MDBEZjA2WEtUNm54YnhqTnJZTE5MYlNraTd3MXVHcjlFbnpnRkZkYTl0MUJfYjNkOERHV2pGNVJaSHVQQ0p1RXk3ZUNXLVpRaHhPMmctS2JHS3lYdjhVVTdmMDBsZ0c3bC1pNUY4TUN2WmFjM2x3UXBVTUN2UHZsNGFXVWdFM1JST2ViQjE4VEkyZmdyNDdTaG9rNE9lU1ZuMTVaWU9zeWROdDFXemdKc1drRld6SGp3bGxKZU1wN1ozUkctdG85VFFsTXl2VUFSRThhOTFEM1VoOVQwcGtHbTIyNWpR?oc=5,https://news.google.com/rss/articles/CBMihgJBVV95cUxPWTNFc21ybzZGWDFEZ3JBUmRvVzJ6LUxzNGk4Q215S1F2MDBEZjA2WEtUNm54YnhqTnJZTE5MYlNraTd3MXVHcjlFbnpnRkZkYTl0MUJfYjNkOERHV2pGNVJaSHVQQ0p1RXk3ZUNXLVpRaHhPMmctS2JHS3lYdjhVVTdmMDBsZ0c3bC1pNUY4TUN2WmFjM2x3UXBVTUN2UHZsNGFXVWdFM1JST2ViQjE4VEkyZmdyNDdTaG9rNE9lU1ZuMTVaWU9zeWROdDFXemdKc1drRld6SGp3bGxKZU1wN1ozUkctdG85VFFsTXl2VUFSRThhOTFEM1VoOVQwcGtHbTIyNWpR?oc=5,"Tue, 20 Sep 2016 07:00:00 GMT",Funds Society,CBMihgJBVV95cUxPWTNFc21ybzZGWDFEZ3JBUmRvVzJ6LUxzNGk4Q215S1F2MDBEZjA2WEtUNm54YnhqTnJZTE5MYlNraTd3MXVHcjlFbnpnRkZkYTl0MUJfYjNkOERHV2pGNVJaSHVQQ0p1RXk3ZUNXLVpRaHhPMmctS2JHS3lYdjhVVTdmMDBsZ0c3bC1pNUY4TUN2WmFjM2x3UXBVTUN2UHZsNGFXVWdFM1JST2ViQjE4VEkyZmdyNDdTaG9rNE9lU1ZuMTVaWU9zeWROdDFXemdKc1drRld6SGp3bGxKZU1wN1ozUkctdG85VFFsTXl2VUFSRThhOTFEM1VoOVQwcGtHbTIyNWpR,WE Family Offices and MdF Family Partners Join Forces to Support the Launch of a London-Based Independent Family Office Funds Society,3.0
,,"""WE Family Offices"" family office investment",WE Family Offices,10 Largest RIAs In The Southeast - FA Mag,https://news.google.com/rss/articles/CBMisgFBVV95cUxPYWxMU3NQYVFXbE1JU2ZNY0FFdFZENklZTXlhdDZBZElrekRZaDJoM0w3WDhpWnpwcWNjazN4eXZZZktETXV5TWx4cm8yN2VqRlpJWHY3Uk9oSUdqZmNhYURVTWZNYmUyZVg3bFN2VDFQN3BGdmZ4MzZjemRiU01hd25wOWxua2NSbkRqQ1dTcU5jUS1IdVpfVDMzWnUzR2N3NS0zWWpUeVZLRUd0cndqMFBn?oc=5,https://news.google.com/rss/articles/CBMisgFBVV95cUxPYWxMU3NQYVFXbE1JU2ZNY0FFdFZENklZTXlhdDZBZElrekRZaDJoM0w3WDhpWnpwcWNjazN4eXZZZktETXV5TWx4cm8yN2VqRlpJWHY3Uk9oSUdqZmNhYURVTWZNYmUyZVg3bFN2VDFQN3BGdmZ4MzZjemRiU01hd25wOWxua2NSbkRqQ1dTcU5jUS1IdVpfVDMzWnUzR2N3NS0zWWpUeVZLRUd0cndqMFBn?oc=5,"Fri, 13 Sep 2019 07:00:00 GMT",FA Mag,CBMisgFBVV95cUxPYWxMU3NQYVFXbE1JU2ZNY0FFdFZENklZTXlhdDZBZElrekRZaDJoM0w3WDhpWnpwcWNjazN4eXZZZktETXV5TWx4cm8yN2VqRlpJWHY3Uk9oSUdqZmNhYURVTWZNYmUyZVg3bFN2VDFQN3BGdmZ4MzZjemRiU01hd25wOWxua2NSbkRqQ1dTcU5jUS1IdVpfVDMzWnUzR2N3NS0zWWpUeVZLRUd0cndqMFBn,10 Largest RIAs In The Southeast FA Mag,4.0
,,"""WE Family Offices"" family office investment",WE Family Offices,"Shared values, shrewd investments: The world's top 25 independent multi family offices - Campden FB",https://news.google.com/rss/articles/CBMitAFBVV95cUxQZ2tTeXhBYmFnUk9UZDdhNmFHUTJXMGlCTEw4R1hZTU9wVDlmNDBrX2ptR2E3RHZwNUJfd3FfR0VCMUdVQWZfbWktZkJLMkNfUFI4QzlUdVhDM0VDZkpWdll3dVQyOVlFTXh3ZXdZb2J6TmlzQlU0N01vVlR5eGdZSDBtUGx6QWJZbzhRbzlKV3ZwY0VJTEcwdk5PTlhiV2ZUMXE4cjBxc2xuTGIzZE1qVVBFWno?oc=5,https://news.google.com/rss/articles/CBMitAFBVV95cUxQZ2tTeXhBYmFnUk9UZDdhNmFHUTJXMGlCTEw4R1hZTU9wVDlmNDBrX2ptR2E3RHZwNUJfd3FfR0VCMUdVQWZfbWktZkJLMkNfUFI4QzlUdVhDM0VDZkpWdll3dVQyOVlFTXh3ZXdZb2J6TmlzQlU0N01vVlR5eGdZSDBtUGx6QWJZbzhRbzlKV3ZwY0VJTEcwdk5PTlhiV2ZUMXE4cjBxc2xuTGIzZE1qVVBFWno?oc=5,"Mon, 02 Apr 2018 07:00:00 GMT",Campden FB,CBMitAFBVV95cUxQZ2tTeXhBYmFnUk9UZDdhNmFHUTJXMGlCTEw4R1hZTU9wVDlmNDBrX2ptR2E3RHZwNUJfd3FfR0VCMUdVQWZfbWktZkJLMkNfUFI4QzlUdVhDM0VDZkpWdll3dVQyOVlFTXh3ZXdZb2J6TmlzQlU0N01vVlR5eGdZSDBtUGx6QWJZbzhRbzlKV3ZwY0VJTEcwdk5PTlhiV2ZUMXE4cjBxc2xuTGIzZE1qVVBFWno,"Shared values, shrewd investments: The world's top 25 independent multi family offices Campden FB",5.0
,,"""Stonehage Fleming"" family office investment",Stonehage Fleming,How family offices are dealing with zombie funds - Venture Capital Journal,https://news.google.com/rss/articles/CBMinAFBVV95cUxNaG5LWUliRTdHTEZvVUlRQ2RSeWNLdS15dG9IN1Zwcm5UcW9xVHAwX0MzQXJTaGMzT0pCbzZRUmgzNExfanByN1FVQmdQQUtvTXNXRnBqNVVvS3RONlhwajZmVE5JdktXcXZPVXY1cWhuOVJNcEpKdWN4MlJBSy1KRTFkSS1aa3oyYUZyS2lxdzRydDlwZHFvWkprTXE?oc=5,https://news.google.com/rss/articles/CBMinAFBVV95cUxNaG5LWUliRTdHTEZvVUlRQ2RSeWNLdS15dG9IN1Zwcm5UcW9xVHAwX0MzQXJTaGMzT0pCbzZRUmgzNExfanByN1FVQmdQQUtvTXNXRnBqNVVvS3RONlhwajZmVE5JdktXcXZPVXY1cWhuOVJNcEpKdWN4MlJBSy1KRTFkSS1aa3oyYUZyS2lxdzRydDlwZHFvWkprTXE?oc=5,"Wed, 01 Apr 2026 07:00:00 GMT",Venture Capital Journal,CBMinAFBVV95cUxNaG5LWUliRTdHTEZvVUlRQ2RSeWNLdS15dG9IN1Zwcm5UcW9xVHAwX0MzQXJTaGMzT0pCbzZRUmgzNExfanByN1FVQmdQQUtvTXNXRnBqNVVvS3RONlhwajZmVE5JdktXcXZPVXY1cWhuOVJNcEpKdWN4MlJBSy1KRTFkSS1aa3oyYUZyS2lxdzRydDlwZHFvWkprTXE,How family offices are dealing with zombie funds Venture Capital Journal,1.0
,,"""Stonehage Fleming"" family office investment",Stonehage Fleming,Post-Takeover Analysis: Multi-Family Offices – The New M&A Battleground? - Family Wealth Report,https://news.google.com/rss/articles/CBMi7wFBVV95cUxOb19UendVM1BBZFEtckRHZ0xQOXFMSDlDVm9Ddk5qTzl2N3YwNWFEaE9DVXdrMEZ6YUhkbWRWMl9vRUlOeEROVVNJU3VJQjRzX3pid1Z4U293dnI4bjl5UVBRREROVzBTaktYbTRGdE81d3hKYkFjNVpjY09HN0VQMGpTeTdBZFBHY01OejhlS0dUUnhpQmprbmIzZXN4ZzNxVWdWaVl4eWNmVHlfcUcyd0tBNzFVVU5LekZMeGxGTnFKNHhTcEFMT2NRRDduRWpFb0FHek5NbVFCM2hraG9GeEFxWkZvX2lBUTdLMFJCSQ?oc=5,https://news.google.com/rss/articles/CBMi7wFBVV95cUxOb19UendVM1BBZFEtckRHZ0xQOXFMSDlDVm9Ddk5qTzl2N3YwNWFEaE9DVXdrMEZ6YUhkbWRWMl9vRUlOeEROVVNJU3VJQjRzX3pid1Z4U293dnI4bjl5UVBRREROVzBTaktYbTRGdE81d3hKYkFjNVpjY09HN0VQMGpTeTdBZFBHY01OejhlS0dUUnhpQmprbmIzZXN4ZzNxVWdWaVl4eWNmVHlfcUcyd0tBNzFVVU5LekZMeGxGTnFKNHhTcEFMT2NRRDduRWpFb0FHek5NbVFCM2hraG9GeEFxWkZvX2lBUTdLMFJCSQ?oc=5,"Tue, 09 Sep 2025 07:00:00 GMT",Family Wealth Report,CBMi7wFBVV95cUxOb19UendVM1BBZFEtckRHZ0xQOXFMSDlDVm9Ddk5qTzl2N3YwNWFEaE9DVXdrMEZ6YUhkbWRWMl9vRUlOeEROVVNJU3VJQjRzX3pid1Z4U293dnI4bjl5UVBRREROVzBTaktYbTRGdE81d3hKYkFjNVpjY09HN0VQMGpTeTdBZFBHY01OejhlS0dUUnhpQmprbmIzZXN4ZzNxVWdWaVl4eWNmVHlfcUcyd0tBNzFVVU5LekZMeGxGTnFKNHhTcEFMT2NRRDduRWpFb0FHek5NbVFCM2hraG9GeEFxWkZvX2lBUTdLMFJCSQ,Post-Takeover Analysis: Multi-Family Offices – The New M&A Battleground? Family Wealth Report,2.0
,,"""Stonehage Fleming"" family office investment",Stonehage Fleming,Family offices seek value beyond returns - Professional Wealth Management,https://news.google.com/rss/articles/CBMidkFVX3lxTE9MUzVRMjBOWlNCZ3JhcnNfTmJ3LXRnaURuWlZYREN4aktORTZsYlVYUWVJYXVRNl81VHoteU5kSVd5UkNuTUtNZms0UDhCLVFZeWpRUzVMVEtVY3NreV95VDJwNERfX1JuY25hWDE5N0tHaW5GUWc?oc=5,https://news.google.com/rss/articles/CBMidkFVX3lxTE9MUzVRMjBOWlNCZ3JhcnNfTmJ3LXRnaURuWlZYREN4aktORTZsYlVYUWVJYXVRNl81VHoteU5kSVd5UkNuTUtNZms0UDhCLVFZeWpRUzVMVEtVY3NreV95VDJwNERfX1JuY25hWDE5N0tHaW5GUWc?oc=5,"Thu, 05 Mar 2026 08:00:00 GMT",Professional Wealth Management,CBMidkFVX3lxTE9MUzVRMjBOWlNCZ3JhcnNfTmJ3LXRnaURuWlZYREN4aktORTZsYlVYUWVJYXVRNl81VHoteU5kSVd5UkNuTUtNZms0UDhCLVFZeWpRUzVMVEtVY3NreV95VDJwNERfX1JuY25hWDE5N0tHaW5GUWc,Family offices seek value beyond returns Professional Wealth Management,3.0
,,"""Stonehage Fleming"" family office investment",Stonehage Fleming,Caledonia sells Stonehage Fleming at 30% premium as family office bows to US bidder Corient - QuotedData,https://news.google.com/rss/articles/CBMivwFBVV95cUxQRU90U0YwV1dHQ2k4WW5hUDFFYkh6d0cwbGk2c0pScE8zNURZc2wxUGdxNEJwaGdRLUx0cU83S0dzbGJ5WHdLVEVFa2RoMm0wVTdsMGJZSmJORnE1a3l0aE45TWY1al9NSDlESy12U3gwM1lDckxSTXJyUWxjOGZZR2VpWkt1QlNPQ2VYWElOeTJRUjlMai1ZVmtYdnItcVRQUzBxVi1ldVg2dTRSblI3bGRQa3BuOHVGRFN5aGdTNA?oc=5,https://news.google.com/rss/articles/CBMivwFBVV95cUxQRU90U0YwV1dHQ2k4WW5hUDFFYkh6d0cwbGk2c0pScE8zNURZc2wxUGdxNEJwaGdRLUx0cU83S0dzbGJ5WHdLVEVFa2RoMm0wVTdsMGJZSmJORnE1a3l0aE45TWY1al9NSDlESy12U3gwM1lDckxSTXJyUWxjOGZZR2VpWkt1QlNPQ2VYWElOeTJRUjlMai1ZVmtYdnItcVRQUzBxVi1ldVg2dTRSblI3bGRQa3BuOHVGRFN5aGdTNA?oc=5,"Tue, 02 Sep 2025 07:00:00 GMT",QuotedData,CBMivwFBVV95cUxQRU90U0YwV1dHQ2k4WW5hUDFFYkh6d0cwbGk2c0pScE8zNURZc2wxUGdxNEJwaGdRLUx0cU83S0dzbGJ5WHdLVEVFa2RoMm0wVTdsMGJZSmJORnE1a3l0aE45TWY1al9NSDlESy12U3gwM1lDckxSTXJyUWxjOGZZR2VpWkt1QlNPQ2VYWElOeTJRUjlMai1ZVmtYdnItcVRQUzBxVi1ldVg2dTRSblI3bGRQa3BuOHVGRFN5aGdTNA,Caledonia sells Stonehage Fleming at 30% premium as family office bows to US bidder Corient QuotedData,4.0
,,"""Stonehage Fleming"" family office investment",Stonehage Fleming,"Drivers Of Family Offices' Wealth Evolve; Investments Shift To Europe, Asia – FINTRX - Wealth Briefing",https://news.google.com/rss/articles/CBMi1AFBVV95cUxPVmRxdDhGUk1jajJ0RnNtYnJoUGZ5RTc1QlE0NFZUUll3a1NhRDVSVE1kV1dtVHpqMmkzalNwQk8yNGpZMzVnV0lVTC1NcWVmeDBXTUlxckFSNUV3SmRQLWhpYzlKX0VYZ1ppaGU0eWx6YlFQZTJWNUdZOExiUmpiLVNXd0RHU0ZMOFc5TklRUGdHT2VHRFFkTG9aTndJZE53SmUzbldaTS1kemNHQzU5dFRzdzNsWThvR1RabVBwMEc1LXViRHhUdWl1bmlIM1lNNTlZVg?oc=5,https://news.google.com/rss/articles/CBMi1AFBVV95cUxPVmRxdDhGUk1jajJ0RnNtYnJoUGZ5RTc1QlE0NFZUUll3a1NhRDVSVE1kV1dtVHpqMmkzalNwQk8yNGpZMzVnV0lVTC1NcWVmeDBXTUlxckFSNUV3SmRQLWhpYzlKX0VYZ1ppaGU0eWx6YlFQZTJWNUdZOExiUmpiLVNXd0RHU0ZMOFc5TklRUGdHT2VHRFFkTG9aTndJZE53SmUzbldaTS1kemNHQzU5dFRzdzNsWThvR1RabVBwMEc1LXViRHhUdWl1bmlIM1lNNTlZVg?oc=5,"Tue, 24 Mar 2026 07:00:00 GMT",Wealth Briefing,CBMi1AFBVV95cUxPVmRxdDhGUk1jajJ0RnNtYnJoUGZ5RTc1QlE0NFZUUll3a1NhRDVSVE1kV1dtVHpqMmkzalNwQk8yNGpZMzVnV0lVTC1NcWVmeDBXTUlxckFSNUV3SmRQLWhpYzlKX0VYZ1ppaGU0eWx6YlFQZTJWNUdZOExiUmpiLVNXd0RHU0ZMOFc5TklRUGdHT2VHRFFkTG9aTndJZE53SmUzbldaTS1kemNHQzU5dFRzdzNsWThvR1RabVBwMEc1LXViRHhUdWl1bmlIM1lNNTlZVg,"Drivers Of Family Offices' Wealth Evolve; Investments Shift To Europe, Asia – FINTRX Wealth Briefing",5.0
,,"""Omnia Family Wealth"" family office investment",Omnia Family Wealth,Faith-Based Investing Makes Up Ground in Gains and Convenience (Published 2021) - The New York Times,https://news.google.com/rss/articles/CBMifEFVX3lxTFBaZExCT0V6eU1SWFBUbWdYU05hdjdrZFVFcDZNR3Q2Z1VDU0xJY2F0RTk5X3RqWTBvR3dDSlZHSEx5U0JwRXAtaFZ3TXhYR2tkX19xdjBrTlVibkVET2RwZFRkajRtYlI2YURQMUZBQ1BmeWx2MzFmamZDVGQ?oc=5,https://news.google.com/rss/articles/CBMifEFVX3lxTFBaZExCT0V6eU1SWFBUbWdYU05hdjdrZFVFcDZNR3Q2Z1VDU0xJY2F0RTk5X3RqWTBvR3dDSlZHSEx5U0JwRXAtaFZ3TXhYR2tkX19xdjBrTlVibkVET2RwZFRkajRtYlI2YURQMUZBQ1BmeWx2MzFmamZDVGQ?oc=5,"Fri, 14 May 2021 07:00:00 GMT",The New York Times,CBMifEFVX3lxTFBaZExCT0V6eU1SWFBUbWdYU05hdjdrZFVFcDZNR3Q2Z1VDU0xJY2F0RTk5X3RqWTBvR3dDSlZHSEx5U0JwRXAtaFZ3TXhYR2tkX19xdjBrTlVibkVET2RwZFRkajRtYlI2YURQMUZBQ1BmeWx2MzFmamZDVGQ,Faith-Based Investing Makes Up Ground in Gains and Convenience (Published 2021) The New York Times,1.0
,,"""Omnia Family Wealth"" family office investment",Omnia Family Wealth,The gold rush that is reshaping private banking - InvestmentNews,https://news.google.com/rss/articles/CBMingFBVV95cUxQWWhOUnU5QWFqMElHbUR3ZzQ4UGxSVXkxVFVaUnJ1aTVwcmFtblpKQUhUQlBXRWdCOW1acmdnT2UwUmVId0Nlemh0anpwSWNwRkRCckRPVXJrNjFHaTVOS3Z1RlVkcE15YXBtTnJLWWVaemxYc2ZVYjBCUWNmOHFNOUFJU2c2a25JUDJlaFZWZF9ERmVHNXUyc08wOFJtdw?oc=5,https://news.google.com/rss/articles/CBMingFBVV95cUxQWWhOUnU5QWFqMElHbUR3ZzQ4UGxSVXkxVFVaUnJ1aTVwcmFtblpKQUhUQlBXRWdCOW1acmdnT2UwUmVId0Nlemh0anpwSWNwRkRCckRPVXJrNjFHaTVOS3Z1RlVkcE15YXBtTnJLWWVaemxYc2ZVYjBCUWNmOHFNOUFJU2c2a25JUDJlaFZWZF9ERmVHNXUyc08wOFJtdw?oc=5,"Mon, 26 Nov 2018 08:00:00 GMT",InvestmentNews,CBMingFBVV95cUxQWWhOUnU5QWFqMElHbUR3ZzQ4UGxSVXkxVFVaUnJ1aTVwcmFtblpKQUhUQlBXRWdCOW1acmdnT2UwUmVId0Nlemh0anpwSWNwRkRCckRPVXJrNjFHaTVOS3Z1RlVkcE15YXBtTnJLWWVaemxYc2ZVYjBCUWNmOHFNOUFJU2c2a25JUDJlaFZWZF9ERmVHNXUyc08wOFJtdw,The gold rush that is reshaping private banking InvestmentNews,2.0
,,"""Omnia Family Wealth"" family office investment",Omnia Family Wealth,Group of Merrill Advisers Leaves to Form Florida Firm Offering Specialized Services - WSJ,https://news.google.com/rss/articles/CBMiwAFBVV95cUxOamk1UE9ITnZGaURzNHVUODJ3ZkN6dDYtdnUzd1FpMjZqQXZqV0NiOVF3TTFSNV9iRkNOdlFwTzRfcmRWd0s4cFNXMjFwQVdkZUdEelZ3U3R0RGhad3VrdlNfV0lrbjRlVENYTWh2UnJMcGI5cEtpU0JZcDY4VGZxQVlHN1JQOWs0MEFsbjZLTHY3akdScVlneGM0VXNPZ3RpWWNtRUVPNWNCUXlybDlRcTVtVEFvX3B1cmlQY0tzY0o?oc=5,https://news.google.com/rss/articles/CBMiwAFBVV95cUxOamk1UE9ITnZGaURzNHVUODJ3ZkN6dDYtdnUzd1FpMjZqQXZqV0NiOVF3TTFSNV9iRkNOdlFwTzRfcmRWd0s4cFNXMjFwQVdkZUdEelZ3U3R0RGhad3VrdlNfV0lrbjRlVENYTWh2UnJMcGI5cEtpU0JZcDY4VGZxQVlHN1JQOWs0MEFsbjZLTHY3akdScVlneGM0VXNPZ3RpWWNtRUVPNWNCUXlybDlRcTVtVEFvX3B1cmlQY0tzY0o?oc=5,"Tue, 08 Sep 2015 07:00:00 GMT",WSJ,CBMiwAFBVV95cUxOamk1UE9ITnZGaURzNHVUODJ3ZkN6dDYtdnUzd1FpMjZqQXZqV0NiOVF3TTFSNV9iRkNOdlFwTzRfcmRWd0s4cFNXMjFwQVdkZUdEelZ3U3R0RGhad3VrdlNfV0lrbjRlVENYTWh2UnJMcGI5cEtpU0JZcDY4VGZxQVlHN1JQOWs0MEFsbjZLTHY3akdScVlneGM0VXNPZ3RpWWNtRUVPNWNCUXlybDlRcTVtVEFvX3B1cmlQY0tzY0o,Group of Merrill Advisers Leaves to Form Florida Firm Offering Specialized Services WSJ,3.0
,,"""Omnia Family Wealth"" family office investment",Omnia Family Wealth,The 10 Top Picks of 10 Billionaire Stock Portfolios - U.S. News Money,https://news.google.com/rss/articles/CBMikgFBVV95cUxNbHZ5SEh0bEFvVXprVnBCV2k1OUpIVXJDcHN0THJGN18yQkdJU3MtLXF1dnJsSHplek1xdTBQVHMzbE9STkR6QXBNaFJReWh3dklFRDQ5WHJ6djVKVERvUi1KSm9HZXZEWHd3blo4R051c3lUR2NibElOVGpMRC0xcVhzSkxNX1FudHVLeFN5QlFtdw?oc=5,https://news.google.com/rss/articles/CBMikgFBVV95cUxNbHZ5SEh0bEFvVXprVnBCV2k1OUpIVXJDcHN0THJGN18yQkdJU3MtLXF1dnJsSHplek1xdTBQVHMzbE9STkR6QXBNaFJReWh3dklFRDQ5WHJ6djVKVERvUi1KSm9HZXZEWHd3blo4R051c3lUR2NibElOVGpMRC0xcVhzSkxNX1FudHVLeFN5QlFtdw?oc=5,"Tue, 23 Jul 2024 07:00:00 GMT",U.S. News Money,CBMikgFBVV95cUxNbHZ5SEh0bEFvVXprVnBCV2k1OUpIVXJDcHN0THJGN18yQkdJU3MtLXF1dnJsSHplek1xdTBQVHMzbE9STkR6QXBNaFJReWh3dklFRDQ5WHJ6djVKVERvUi1KSm9HZXZEWHd3blo4R051c3lUR2NibElOVGpMRC0xcVhzSkxNX1FudHVLeFN5QlFtdw,The 10 Top Picks of 10 Billionaire Stock Portfolios U.S. News Money,4.0
,,"""Omnia Family Wealth"" family office investment",Omnia Family Wealth,Faith-based investing getting popular - The Straits Times,https://news.google.com/rss/articles/CBMiigFBVV95cUxPM0kzem45SmRrYjhfbkpFNzZZX1I3emZYMDZtYmtxaFBsRC11ODBWLUtKT2t3REdKYVpUcVJiTmF6RGFmSDU3WEE5aWFaUjJGaFh0eC1LYmRIT3lJbTZ6bGZHVGk2ZFprUVdsWEtCbEFnQnl1OWo2UDcxUHZxbDRqVFM2R3FSRjE3elE?oc=5,https://news.google.com/rss/articles/CBMiigFBVV95cUxPM0kzem45SmRrYjhfbkpFNzZZX1I3emZYMDZtYmtxaFBsRC11ODBWLUtKT2t3REdKYVpUcVJiTmF6RGFmSDU3WEE5aWFaUjJGaFh0eC1LYmRIT3lJbTZ6bGZHVGk2ZFprUVdsWEtCbEFnQnl1OWo2UDcxUHZxbDRqVFM2R3FSRjE3elE?oc=5,"Sun, 23 May 2021 07:00:00 GMT",The Straits Times,CBMiigFBVV95cUxPM0kzem45SmRrYjhfbkpFNzZZX1I3emZYMDZtYmtxaFBsRC11ODBWLUtKT2t3REdKYVpUcVJiTmF6RGFmSDU3WEE5aWFaUjJGaFh0eC1LYmRIT3lJbTZ6bGZHVGk2ZFprUVdsWEtCbEFnQnl1OWo2UDcxUHZxbDRqVFM2R3FSRjE3elE,Faith-based investing getting popular The Straits Times,5.0
,,"""Ballentine Partners"" family office investment",Ballentine Partners,BALLENTINE PARTNERS ANNOUNCES TWO NEW PARTNERS: STEPHEN MARTONE AND ELLIOT ROTSTEIN - PR Newswire,https://news.google.com/rss/articles/CBMi1AFBVV95cUxPRnNyQUVoXzNibnhQODRxTUVVbEx4ZmxBUUlDdFZJMzNXRmJsOWd2TDA5NGFUc29lc2lfcHVqUkZOQkM3dXhYbExaQVE5eWxTY0E2M2Z4TV9xN2g0V1lpRGNGZWZiRndSc0gxUUZBS3lZYzNWOHRIdUFQbG1DYWFLeGY5OUN4ZDB1MmRzeW9JQUFJbFYxM3ZrQzhZbEd6Smk2bEw1Z0lPZTlTNTlsR0R5VUZ4Q3RNMGVPcjBxNS03T21tY19nTjBfQnY2NmsxRXdYS3pNaA?oc=5,https://news.google.com/rss/articles/CBMi1AFBVV95cUxPRnNyQUVoXzNibnhQODRxTUVVbEx4ZmxBUUlDdFZJMzNXRmJsOWd2TDA5NGFUc29lc2lfcHVqUkZOQkM3dXhYbExaQVE5eWxTY0E2M2Z4TV9xN2g0V1lpRGNGZWZiRndSc0gxUUZBS3lZYzNWOHRIdUFQbG1DYWFLeGY5OUN4ZDB1MmRzeW9JQUFJbFYxM3ZrQzhZbEd6Smk2bEw1Z0lPZTlTNTlsR0R5VUZ4Q3RNMGVPcjBxNS03T21tY19nTjBfQnY2NmsxRXdYS3pNaA?oc=5,"Tue, 14 Mar 2023 07:00:00 GMT",PR Newswire,CBMi1AFBVV95cUxPRnNyQUVoXzNibnhQODRxTUVVbEx4ZmxBUUlDdFZJMzNXRmJsOWd2TDA5NGFUc29lc2lfcHVqUkZOQkM3dXhYbExaQVE5eWxTY0E2M2Z4TV9xN2g0V1lpRGNGZWZiRndSc0gxUUZBS3lZYzNWOHRIdUFQbG1DYWFLeGY5OUN4ZDB1MmRzeW9JQUFJbFYxM3ZrQzhZbEd6Smk2bEw1Z0lPZTlTNTlsR0R5VUZ4Q3RNMGVPcjBxNS03T21tY19nTjBfQnY2NmsxRXdYS3pNaA,BALLENTINE PARTNERS ANNOUNCES TWO NEW PARTNERS: STEPHEN MARTONE AND ELLIOT ROTSTEIN PR Newswire,1.0
,,"""Ballentine Partners"" family office investment",Ballentine Partners,Ballentine Partners Appoints Christopher Chandler and Peter Chiappinelli as Co-Chief Investment Officers - citybiz,https://news.google.com/rss/articles/CBMi2wFBVV95cUxPWVlsUFBmTklvOWZKdDJRaGYwbnRBSDRRTjg1bW1CTjVEUi1Kc3ZTWno2WWRYZnllalREeGRrZlVWcGlMUlZzcGVmSUpDUzQzWUhhWDd1bi1aRjRERk1pLTBGeTRiem9ZTkNGRW9tMVRpLXNUUGdlNmszelRoYWdZVnowallqS3paWjBLNUZXbG9LX2EtUmtpZDdobV9leG84QlZNaDNXU2tOam9PNUNZd0IzYVRPYjVpTUhha25UNlNIVVpmUDAzUWdYLXEwYW1qNkVURXZxQVBoV2c?oc=5,https://news.google.com/rss/articles/CBMi2wFBVV95cUxPWVlsUFBmTklvOWZKdDJRaGYwbnRBSDRRTjg1bW1CTjVEUi1Kc3ZTWno2WWRYZnllalREeGRrZlVWcGlMUlZzcGVmSUpDUzQzWUhhWDd1bi1aRjRERk1pLTBGeTRiem9ZTkNGRW9tMVRpLXNUUGdlNmszelRoYWdZVnowallqS3paWjBLNUZXbG9LX2EtUmtpZDdobV9leG84QlZNaDNXU2tOam9PNUNZd0IzYVRPYjVpTUhha25UNlNIVVpmUDAzUWdYLXEwYW1qNkVURXZxQVBoV2c?oc=5,"Tue, 21 Mar 2023 07:00:00 GMT",citybiz,CBMi2wFBVV95cUxPWVlsUFBmTklvOWZKdDJRaGYwbnRBSDRRTjg1bW1CTjVEUi1Kc3ZTWno2WWRYZnllalREeGRrZlVWcGlMUlZzcGVmSUpDUzQzWUhhWDd1bi1aRjRERk1pLTBGeTRiem9ZTkNGRW9tMVRpLXNUUGdlNmszelRoYWdZVnowallqS3paWjBLNUZXbG9LX2EtUmtpZDdobV9leG84QlZNaDNXU2tOam9PNUNZd0IzYVRPYjVpTUhha25UNlNIVVpmUDAzUWdYLXEwYW1qNkVURXZxQVBoV2c,Ballentine Partners Appoints Christopher Chandler and Peter Chiappinelli as Co-Chief Investment Officers citybiz,2.0
,,"""Ballentine Partners"" family office investment",Ballentine Partners,Navigating DEI: charting a road map for purposeful family offices - Crain Currency,https://news.google.com/rss/articles/CBMikgFBVV95cUxQSGFkVVRyRTNRRzVKdUV3T0RhNFFRUHFySTV3SF9YdkYzSEVRUlJOQUZjQUVOTl9fcWFmSkFiQlJoak1JNlNBcHM1QnFoYUFNbWRfSFdxVWhjeFVpSmk5Q09VSmlPYzVMWFpVZDdVUTlBQUgzVlk2VWx2Z0VhcE9rbE5IcjRIMHQtbDZDbXhUaHRTUQ?oc=5,https://news.google.com/rss/articles/CBMikgFBVV95cUxQSGFkVVRyRTNRRzVKdUV3T0RhNFFRUHFySTV3SF9YdkYzSEVRUlJOQUZjQUVOTl9fcWFmSkFiQlJoak1JNlNBcHM1QnFoYUFNbWRfSFdxVWhjeFVpSmk5Q09VSmlPYzVMWFpVZDdVUTlBQUgzVlk2VWx2Z0VhcE9rbE5IcjRIMHQtbDZDbXhUaHRTUQ?oc=5,"Thu, 17 Aug 2023 07:00:00 GMT",Crain Currency,CBMikgFBVV95cUxQSGFkVVRyRTNRRzVKdUV3T0RhNFFRUHFySTV3SF9YdkYzSEVRUlJOQUZjQUVOTl9fcWFmSkFiQlJoak1JNlNBcHM1QnFoYUFNbWRfSFdxVWhjeFVpSmk5Q09VSmlPYzVMWFpVZDdVUTlBQUgzVlk2VWx2Z0VhcE9rbE5IcjRIMHQtbDZDbXhUaHRTUQ,Navigating DEI: charting a road map for purposeful family offices Crain Currency,3.0
,,"""Ballentine Partners"" family office investment",Ballentine Partners,"These are the 20 largest fee-only RIAs, ranked by AUM - financial-planning.com",https://news.google.com/rss/articles/CBMiggFBVV95cUxPN0UxX0tScG9XVkdWY1RxVnRrU0Y5MmhVZ3NfVUxDdWw0ZThuV3lyNkYwQzMyNVJabGp5VXJYbGYxZ3JnSUZpUzUxMk8taDJDcWRNVnh4TmpYbHRIT1RpMWxaSEhjbDdoRzg4S3BQaHNHUHdRNVRWRmdHckZibWJMOFJB?oc=5,https://news.google.com/rss/articles/CBMiggFBVV95cUxPN0UxX0tScG9XVkdWY1RxVnRrU0Y5MmhVZ3NfVUxDdWw0ZThuV3lyNkYwQzMyNVJabGp5VXJYbGYxZ3JnSUZpUzUxMk8taDJDcWRNVnh4TmpYbHRIT1RpMWxaSEhjbDdoRzg4S3BQaHNHUHdRNVRWRmdHckZibWJMOFJB?oc=5,"Wed, 18 Oct 2023 07:00:00 GMT",financial-planning.com,CBMiggFBVV95cUxPN0UxX0tScG9XVkdWY1RxVnRrU0Y5MmhVZ3NfVUxDdWw0ZThuV3lyNkYwQzMyNVJabGp5VXJYbGYxZ3JnSUZpUzUxMk8taDJDcWRNVnh4TmpYbHRIT1RpMWxaSEhjbDdoRzg4S3BQaHNHUHdRNVRWRmdHckZibWJMOFJB,"These are the 20 largest fee-only RIAs, ranked by AUM financial-planning.com",4.0
,,"""Ballentine Partners"" family office investment",Ballentine Partners,Ballentine Partners Grows Footprint in the Northeast - PR Newswire,https://news.google.com/rss/articles/CBMirAFBVV95cUxQc1NiaUZlcmYtR1REN1VRNUp2YzhXazdJYVFmYmZSUzJZMDZEQmQ2QTZ1UkhFemw5aGs0NHJ5TVppa1VjWGtQN2s1Ym9NOUpuTEdWcE9ubktYUmR3eWRFRHJ5QUF4WGJaSGt2VVljdWVvYlI2elRmdjVWU2FLSGxCYmp0aW5OSVE5VmpXY04ydm5zeEtNZUlCeG5RMmRuWHg4ZTFEeEFldkI5R216?oc=5,https://news.google.com/rss/articles/CBMirAFBVV95cUxQc1NiaUZlcmYtR1REN1VRNUp2YzhXazdJYVFmYmZSUzJZMDZEQmQ2QTZ1UkhFemw5aGs0NHJ5TVppa1VjWGtQN2s1Ym9NOUpuTEdWcE9ubktYUmR3eWRFRHJ5QUF4WGJaSGt2VVljdWVvYlI2elRmdjVWU2FLSGxCYmp0aW5OSVE5VmpXY04ydm5zeEtNZUlCeG5RMmRuWHg4ZTFEeEFldkI5R216?oc=5,"Thu, 26 Aug 2021 07:00:00 GMT",PR Newswire,CBMirAFBVV95cUxQc1NiaUZlcmYtR1REN1VRNUp2YzhXazdJYVFmYmZSUzJZMDZEQmQ2QTZ1UkhFemw5aGs0NHJ5TVppa1VjWGtQN2s1Ym9NOUpuTEdWcE9ubktYUmR3eWRFRHJ5QUF4WGJaSGt2VVljdWVvYlI2elRmdjVWU2FLSGxCYmp0aW5OSVE5VmpXY04ydm5zeEtNZUlCeG5RMmRuWHg4ZTFEeEFldkI5R216,Ballentine Partners Grows Footprint in the Northeast PR Newswire,5.0
,,"""TwinFocus"" family office investment",TwinFocus,"TwinFocus plans to avoid venture for family office clients, ‘dubious’ on asset class - Venture Capital Journal",https://news.google.com/rss/articles/CBMivAFBVV95cUxNTmRWZWIxZmF2YWRES2dPSGluYXlIdlVHSnFYcWQxRHdINzFUMllleUNEclBSaV90YjhWd01GaVJGNEJvRnRXRDVxN0l1SWNVeDdlYW92bmhzc1diOWFZNU0wc05TRjRkQzlSZDczMVJxejVjWGpoemg5VVF6YVBaOHViYzFuN2N2UUlPTGszd2ZqeUtMLVJ0RFltbXUtUi1LeE1nUXk4eXFxME1ubnQ3RmpfQ2pRUmh1RkVpQQ?oc=5,https://news.google.com/rss/articles/CBMivAFBVV95cUxNTmRWZWIxZmF2YWRES2dPSGluYXlIdlVHSnFYcWQxRHdINzFUMllleUNEclBSaV90YjhWd01GaVJGNEJvRnRXRDVxN0l1SWNVeDdlYW92bmhzc1diOWFZNU0wc05TRjRkQzlSZDczMVJxejVjWGpoemg5VVF6YVBaOHViYzFuN2N2UUlPTGszd2ZqeUtMLVJ0RFltbXUtUi1LeE1nUXk4eXFxME1ubnQ3RmpfQ2pRUmh1RkVpQQ?oc=5,"Mon, 20 Apr 2026 07:00:00 GMT",Venture Capital Journal,CBMivAFBVV95cUxNTmRWZWIxZmF2YWRES2dPSGluYXlIdlVHSnFYcWQxRHdINzFUMllleUNEclBSaV90YjhWd01GaVJGNEJvRnRXRDVxN0l1SWNVeDdlYW92bmhzc1diOWFZNU0wc05TRjRkQzlSZDczMVJxejVjWGpoemg5VVF6YVBaOHViYzFuN2N2UUlPTGszd2ZqeUtMLVJ0RFltbXUtUi1LeE1nUXk4eXFxME1ubnQ3RmpfQ2pRUmh1RkVpQQ,"TwinFocus plans to avoid venture for family office clients, ‘dubious’ on asset class Venture Capital Journal",1.0
,,"""TwinFocus"" family office investment",TwinFocus,Co-founder of TwinFocus: private equity bets increasingly selective amid ‘DPI crisis’ - Buyouts,https://news.google.com/rss/articles/CBMitAFBVV95cUxPMGFQOThIbTl5aU04ZGNLYkRPQk5vQW5XX3AxS2dlTmt2a3BRMmRXMnlIU29tWFJMdDl5b1UxWHBqd250eG1zc1lkclNKZURTSFVGT29NcXM3WlFKdTVXbFhKcUhjTkNsQk5sXzRvRmNmblRBV0JuaVNkeWdGOHVrVVctTjZocUN1ZmVKWmtKTU9CcUdWVVlMck9SOXA5RU4wYTM0MHRiUEc4RXhqR2N5OVkyZEg?oc=5,https://news.google.com/rss/articles/CBMitAFBVV95cUxPMGFQOThIbTl5aU04ZGNLYkRPQk5vQW5XX3AxS2dlTmt2a3BRMmRXMnlIU29tWFJMdDl5b1UxWHBqd250eG1zc1lkclNKZURTSFVGT29NcXM3WlFKdTVXbFhKcUhjTkNsQk5sXzRvRmNmblRBV0JuaVNkeWdGOHVrVVctTjZocUN1ZmVKWmtKTU9CcUdWVVlMck9SOXA5RU4wYTM0MHRiUEc4RXhqR2N5OVkyZEg?oc=5,"Thu, 16 Apr 2026 07:00:00 GMT",Buyouts,CBMitAFBVV95cUxPMGFQOThIbTl5aU04ZGNLYkRPQk5vQW5XX3AxS2dlTmt2a3BRMmRXMnlIU29tWFJMdDl5b1UxWHBqd250eG1zc1lkclNKZURTSFVGT29NcXM3WlFKdTVXbFhKcUhjTkNsQk5sXzRvRmNmblRBV0JuaVNkeWdGOHVrVVctTjZocUN1ZmVKWmtKTU9CcUdWVVlMck9SOXA5RU4wYTM0MHRiUEc4RXhqR2N5OVkyZEg,Co-founder of TwinFocus: private equity bets increasingly selective amid ‘DPI crisis’ Buyouts,2.0
,,"""TwinFocus"" family office investment",TwinFocus,"These are common missteps of UHNW people, says $10B multi-family office founder - InvestmentNews",https://news.google.com/rss/articles/CBMixwFBVV95cUxQSHdSMUpISHFXaW9ZTGp6QkM2TWVrM3JhdmdvaEZtS2gtZTRRdm12RUdWb2xQSElrT0xFMFYxa2d2YmVVRGpUUmlBOXRSVUZPWWk1d0dnVHphU0xWM0JtUHJzUlBXOXVWd2s0Q1NaTnpKYzVONURxQ0xSN052LVRIMi1OckUxV3NBZUFmUTVJSmNCeW01OTNtcUtpNXFNNG9HTWt0cEloOWlFbnNIY1JyWFlYS2dUYURQTFlrSmZKQUFGWU5XWXZR?oc=5,https://news.google.com/rss/articles/CBMixwFBVV95cUxQSHdSMUpISHFXaW9ZTGp6QkM2TWVrM3JhdmdvaEZtS2gtZTRRdm12RUdWb2xQSElrT0xFMFYxa2d2YmVVRGpUUmlBOXRSVUZPWWk1d0dnVHphU0xWM0JtUHJzUlBXOXVWd2s0Q1NaTnpKYzVONURxQ0xSN052LVRIMi1OckUxV3NBZUFmUTVJSmNCeW01OTNtcUtpNXFNNG9HTWt0cEloOWlFbnNIY1JyWFlYS2dUYURQTFlrSmZKQUFGWU5XWXZR?oc=5,"Sun, 14 Sep 2025 07:00:00 GMT",InvestmentNews,CBMixwFBVV95cUxQSHdSMUpISHFXaW9ZTGp6QkM2TWVrM3JhdmdvaEZtS2gtZTRRdm12RUdWb2xQSElrT0xFMFYxa2d2YmVVRGpUUmlBOXRSVUZPWWk1d0dnVHphU0xWM0JtUHJzUlBXOXVWd2s0Q1NaTnpKYzVONURxQ0xSN052LVRIMi1OckUxV3NBZUFmUTVJSmNCeW01OTNtcUtpNXFNNG9HTWt0cEloOWlFbnNIY1JyWFlYS2dUYURQTFlrSmZKQUFGWU5XWXZR,"These are common missteps of UHNW people, says $10B multi-family office founder InvestmentNews",3.0
,,"""TwinFocus"" family office investment",TwinFocus,Philanthropy With Intent: Lessons From The Buffett Family Trust - Family Wealth Report,https://news.google.com/rss/articles/CBMitgFBVV95cUxORXBVU3ZDNHUtR0J3ZXhBLTFmQ194VEZfZHZHNFRYWW1wYzg2WGJBYTQ2dUFRZVVMd2FDWWh4cUd1U0pmYjlJYTdwZzhBQWNXOTNDLTZXdVVNYzRnSGY2b1VDUkoxZXJYbWlVQXZaRkI1djR1NjdORVczTkszUkRoanZhMG5nQXJPNk1RbEVDMUZ2NXZSSlJqM19sa3FHN0JCWWQ4MWx1SF9pcURORFp4cE1qTXNFQQ?oc=5,https://news.google.com/rss/articles/CBMitgFBVV95cUxORXBVU3ZDNHUtR0J3ZXhBLTFmQ194VEZfZHZHNFRYWW1wYzg2WGJBYTQ2dUFRZVVMd2FDWWh4cUd1U0pmYjlJYTdwZzhBQWNXOTNDLTZXdVVNYzRnSGY2b1VDUkoxZXJYbWlVQXZaRkI1djR1NjdORVczTkszUkRoanZhMG5nQXJPNk1RbEVDMUZ2NXZSSlJqM19sa3FHN0JCWWQ4MWx1SF9pcURORFp4cE1qTXNFQQ?oc=5,"Tue, 10 Feb 2026 08:00:00 GMT",Family Wealth Report,CBMitgFBVV95cUxORXBVU3ZDNHUtR0J3ZXhBLTFmQ194VEZfZHZHNFRYWW1wYzg2WGJBYTQ2dUFRZVVMd2FDWWh4cUd1U0pmYjlJYTdwZzhBQWNXOTNDLTZXdVVNYzRnSGY2b1VDUkoxZXJYbWlVQXZaRkI1djR1NjdORVczTkszUkRoanZhMG5nQXJPNk1RbEVDMUZ2NXZSSlJqM19sa3FHN0JCWWQ4MWx1SF9pcURORFp4cE1qTXNFQQ,Philanthropy With Intent: Lessons From The Buffett Family Trust Family Wealth Report,4.0
,,"""TwinFocus"" family office investment",TwinFocus,"Shanghai surprise: U.S.-China trade deadline extension likely, rather than a deal, say pension funds - Pensions & Investments",https://news.google.com/rss/articles/CBMiswFBVV95cUxPOWM1SEtrTWxFMFJOR2c1RGg3ejhqc2h5Z3RzTkRkeU5jR0MxaFlfNWJFaXM3d09LS19Na3hsNGRKZ1FOZnFWUjM3dGkyWGFrX0kxeW9IYk5NeWtiUmVXVFR6REdZOHg1VURrTVBzQ3NUTG1UUzB3dEk2MXFYN3p6eWxOcV8xSzN5QjExbWloVVNCT0NmVll1eFl2NnVXTFFIS3lNdHIyR0laenpiWnRkS2RTOA?oc=5,https://news.google.com/rss/articles/CBMiswFBVV95cUxPOWM1SEtrTWxFMFJOR2c1RGg3ejhqc2h5Z3RzTkRkeU5jR0MxaFlfNWJFaXM3d09LS19Na3hsNGRKZ1FOZnFWUjM3dGkyWGFrX0kxeW9IYk5NeWtiUmVXVFR6REdZOHg1VURrTVBzQ3NUTG1UUzB3dEk2MXFYN3p6eWxOcV8xSzN5QjExbWloVVNCT0NmVll1eFl2NnVXTFFIS3lNdHIyR0laenpiWnRkS2RTOA?oc=5,"Tue, 12 Aug 2025 07:00:00 GMT",Pensions & Investments,CBMiswFBVV95cUxPOWM1SEtrTWxFMFJOR2c1RGg3ejhqc2h5Z3RzTkRkeU5jR0MxaFlfNWJFaXM3d09LS19Na3hsNGRKZ1FOZnFWUjM3dGkyWGFrX0kxeW9IYk5NeWtiUmVXVFR6REdZOHg1VURrTVBzQ3NUTG1UUzB3dEk2MXFYN3p6eWxOcV8xSzN5QjExbWloVVNCT0NmVll1eFl2NnVXTFFIS3lNdHIyR0laenpiWnRkS2RTOA,"Shanghai surprise: U.S.-China trade deadline extension likely, rather than a deal, say pension funds Pensions & Investments",5.0
,,"""Laird Norton Wetherby"" family office investment",Laird Norton Wetherby,Laird Norton Wetherby Continues Leaning Into ESG - Family Wealth Report,https://news.google.com/rss/articles/CBMinAFBVV95cUxOTmtLcjIwV1NXWE1vZmJWRUdaVEdvWTkyTUJPaEhuR3NlUXV6OTJDejBlbUk1cWUwV0VZRXFmcExvaXZOdnRidEtnOFkzS0E3WGxHOGRid1pEQlRvZ3dfcVRJMUttVmtjdC1KcS12bEtTd0NKclBVZzJvaXJzS2lxRmxXWkxWbGg1aU1DZXhWM2x4MVd0Z2JUMFZkM1c?oc=5,https://news.google.com/rss/articles/CBMinAFBVV95cUxOTmtLcjIwV1NXWE1vZmJWRUdaVEdvWTkyTUJPaEhuR3NlUXV6OTJDejBlbUk1cWUwV0VZRXFmcExvaXZOdnRidEtnOFkzS0E3WGxHOGRid1pEQlRvZ3dfcVRJMUttVmtjdC1KcS12bEtTd0NKclBVZzJvaXJzS2lxRmxXWkxWbGg1aU1DZXhWM2x4MVd0Z2JUMFZkM1c?oc=5,"Tue, 02 Dec 2025 08:00:00 GMT",Family Wealth Report,CBMinAFBVV95cUxOTmtLcjIwV1NXWE1vZmJWRUdaVEdvWTkyTUJPaEhuR3NlUXV6OTJDejBlbUk1cWUwV0VZRXFmcExvaXZOdnRidEtnOFkzS0E3WGxHOGRid1pEQlRvZ3dfcVRJMUttVmtjdC1KcS12bEtTd0NKclBVZzJvaXJzS2lxRmxXWkxWbGg1aU1DZXhWM2x4MVd0Z2JUMFZkM1c,Laird Norton Wetherby Continues Leaning Into ESG Family Wealth Report,1.0
,,"""Laird Norton Wetherby"" family office investment",Laird Norton Wetherby,"Laird Norton, Wetherby to bring all offices under new streamlined brand - InvestmentNews",https://news.google.com/rss/articles/CBMiuAFBVV95cUxQSWhkSjVBZWhZYjN6M2RjTG9pUEF4a2oxMGVqdUNuaERsRmtxUWtxVjZGWmprWGtfX192YTV0emFsZkZ2VVFnOXBRdHJXTnZsd3RRMFVmSmxSQXphb3hyVDJnZTlpOUZnUXM4a0xYcDQtWkVEd2NKNVNmLWx3RGNkZzJta3hJRVRxaGlKWENYdnZSSHJZbkdjUlU2NEFCZVhJaEtwTC1rM0xsNlVTYzBibEVId0llNnlm?oc=5,https://news.google.com/rss/articles/CBMiuAFBVV95cUxQSWhkSjVBZWhZYjN6M2RjTG9pUEF4a2oxMGVqdUNuaERsRmtxUWtxVjZGWmprWGtfX192YTV0emFsZkZ2VVFnOXBRdHJXTnZsd3RRMFVmSmxSQXphb3hyVDJnZTlpOUZnUXM4a0xYcDQtWkVEd2NKNVNmLWx3RGNkZzJta3hJRVRxaGlKWENYdnZSSHJZbkdjUlU2NEFCZVhJaEtwTC1rM0xsNlVTYzBibEVId0llNnlm?oc=5,"Tue, 16 Jan 2024 08:00:00 GMT",InvestmentNews,CBMiuAFBVV95cUxQSWhkSjVBZWhZYjN6M2RjTG9pUEF4a2oxMGVqdUNuaERsRmtxUWtxVjZGWmprWGtfX192YTV0emFsZkZ2VVFnOXBRdHJXTnZsd3RRMFVmSmxSQXphb3hyVDJnZTlpOUZnUXM4a0xYcDQtWkVEd2NKNVNmLWx3RGNkZzJta3hJRVRxaGlKWENYdnZSSHJZbkdjUlU2NEFCZVhJaEtwTC1rM0xsNlVTYzBibEVId0llNnlm,"Laird Norton, Wetherby to bring all offices under new streamlined brand InvestmentNews",2.0
,,"""Laird Norton Wetherby"" family office investment",Laird Norton Wetherby,"Multifamily offices shift billions to private equity, infrastructure in 2026 - Crain Currency",https://news.google.com/rss/articles/CBMirgFBVV95cUxPOXpqa1BHUUtFNFNBQWlIdnZrVGZLVHA1Y3praXhqcWhuSnY0RGpKTnd6a1gxQmxwc0pKS1FKWUZhcUpkem11TWJCeWtzYWxpdTVlQUJyTmhDYmctMTk2d2ZGTUtQTVJFbUdQVU1RQUxwX1pZMXB6ejZQbTdDNHFlUi0tZzRUR1B3eUZxSlFRYzNxRVJkT2ttWVFqTHFiSWE2Zk5SQ1IyV2VqQXNLS2c?oc=5,https://news.google.com/rss/articles/CBMirgFBVV95cUxPOXpqa1BHUUtFNFNBQWlIdnZrVGZLVHA1Y3praXhqcWhuSnY0RGpKTnd6a1gxQmxwc0pKS1FKWUZhcUpkem11TWJCeWtzYWxpdTVlQUJyTmhDYmctMTk2d2ZGTUtQTVJFbUdQVU1RQUxwX1pZMXB6ejZQbTdDNHFlUi0tZzRUR1B3eUZxSlFRYzNxRVJkT2ttWVFqTHFiSWE2Zk5SQ1IyV2VqQXNLS2c?oc=5,"Fri, 20 Feb 2026 08:00:00 GMT",Crain Currency,CBMirgFBVV95cUxPOXpqa1BHUUtFNFNBQWlIdnZrVGZLVHA1Y3praXhqcWhuSnY0RGpKTnd6a1gxQmxwc0pKS1FKWUZhcUpkem11TWJCeWtzYWxpdTVlQUJyTmhDYmctMTk2d2ZGTUtQTVJFbUdQVU1RQUxwX1pZMXB6ejZQbTdDNHFlUi0tZzRUR1B3eUZxSlFRYzNxRVJkT2ttWVFqTHFiSWE2Zk5SQ1IyV2VqQXNLS2c,"Multifamily offices shift billions to private equity, infrastructure in 2026 Crain Currency",3.0
,,"""Laird Norton Wetherby"" family office investment",Laird Norton Wetherby,"Laird Norton CEO talks diversification, long-term investments and Seattle business culture - The Business Journals",https://news.google.com/rss/articles/CBMie0FVX3lxTE1nQkxOcW9pSTBSUVdFR1pxYnhieF9xd0gyLVZ5eFN1Zks1aTEzbFN3MnBDY0dJaEF6UEtYMFlSOUx0Sk5Ed3QtRU9DMVl5cTVTd2M1a0c4Mk91QjVVanQtZUh3ZXZqdFdUcU1HQmNVTkI3OEk5X2VWeFUwZw?oc=5,https://news.google.com/rss/articles/CBMie0FVX3lxTE1nQkxOcW9pSTBSUVdFR1pxYnhieF9xd0gyLVZ5eFN1Zks1aTEzbFN3MnBDY0dJaEF6UEtYMFlSOUx0Sk5Ed3QtRU9DMVl5cTVTd2M1a0c4Mk91QjVVanQtZUh3ZXZqdFdUcU1HQmNVTkI3OEk5X2VWeFUwZw?oc=5,"Wed, 27 Aug 2025 07:00:00 GMT",The Business Journals,CBMie0FVX3lxTE1nQkxOcW9pSTBSUVdFR1pxYnhieF9xd0gyLVZ5eFN1Zks1aTEzbFN3MnBDY0dJaEF6UEtYMFlSOUx0Sk5Ed3QtRU9DMVl5cTVTd2M1a0c4Mk91QjVVanQtZUh3ZXZqdFdUcU1HQmNVTkI3OEk5X2VWeFUwZw,"Laird Norton CEO talks diversification, long-term investments and Seattle business culture The Business Journals",4.0
,,"""Laird Norton Wetherby"" family office investment",Laird Norton Wetherby,‘Goldman handful’ and the zombie apocalypse: Takeaways from NEXUS - Private Equity International | PEI,https://news.google.com/rss/articles/CBMiqgFBVV95cUxQcWlqcW1pcDd0S3ZHQ3I2YzJxMG9SWkRtZWxiVnVIYjZRbGwxN0FIZUNlckJPOW5NNUFpN0lWcVBCVlo2eDJHTDhyeHF6LVRxcnpMNnhWRFJuVGlCdWpqWUg0aFR2OWJ6S2tKeWE3RXFWNlV4eVl2a2JXalRnQ21tYUNhVG42bWxxNHh6X29yaG1fRC0xV3hWN1owM0V6R19hZGRNZzdsbG42Zw?oc=5,https://news.google.com/rss/articles/CBMiqgFBVV95cUxQcWlqcW1pcDd0S3ZHQ3I2YzJxMG9SWkRtZWxiVnVIYjZRbGwxN0FIZUNlckJPOW5NNUFpN0lWcVBCVlo2eDJHTDhyeHF6LVRxcnpMNnhWRFJuVGlCdWpqWUg0aFR2OWJ6S2tKeWE3RXFWNlV4eVl2a2JXalRnQ21tYUNhVG42bWxxNHh6X29yaG1fRC0xV3hWN1owM0V6R19hZGRNZzdsbG42Zw?oc=5,"Thu, 26 Feb 2026 08:00:00 GMT",Private Equity International | PEI,CBMiqgFBVV95cUxQcWlqcW1pcDd0S3ZHQ3I2YzJxMG9SWkRtZWxiVnVIYjZRbGwxN0FIZUNlckJPOW5NNUFpN0lWcVBCVlo2eDJHTDhyeHF6LVRxcnpMNnhWRFJuVGlCdWpqWUg0aFR2OWJ6S2tKeWE3RXFWNlV4eVl2a2JXalRnQ21tYUNhVG42bWxxNHh6X29yaG1fRC0xV3hWN1owM0V6R19hZGRNZzdsbG42Zw,‘Goldman handful’ and the zombie apocalypse: Takeaways from NEXUS Private Equity International | PEI,5.0
,,"""Aspiriant"" family office investment",Aspiriant,"People Moves: Bryn Mawr, $16B Aspiriant Bolster Wealth Teams - Wealth Management",https://news.google.com/rss/articles/CBMipgFBVV95cUxPRllaNWRUMVUzV3dURkxfR25RZVBQbjJ0UHI2TkxnZjlDYW5ZdUpfYVhsX00xNk5sczZxcFNJV2ttUVo1MGdCdHhBbTBXWk0yYWpKTmxhbHFaak1EXzR5ZWVnbVV6MExBZmhMUnE0V2JLSXBUWEExVFFKTURpeFU2aGlZSDdlanlLb2VIV0YtR2oyYmZndThQSUp6cm82NXV3SlFmU0xn?oc=5,https://news.google.com/rss/articles/CBMipgFBVV95cUxPRllaNWRUMVUzV3dURkxfR25RZVBQbjJ0UHI2TkxnZjlDYW5ZdUpfYVhsX00xNk5sczZxcFNJV2ttUVo1MGdCdHhBbTBXWk0yYWpKTmxhbHFaak1EXzR5ZWVnbVV6MExBZmhMUnE0V2JLSXBUWEExVFFKTURpeFU2aGlZSDdlanlLb2VIV0YtR2oyYmZndThQSUp6cm82NXV3SlFmU0xn?oc=5,"Tue, 23 Sep 2025 07:00:00 GMT",Wealth Management,CBMipgFBVV95cUxPRllaNWRUMVUzV3dURkxfR25RZVBQbjJ0UHI2TkxnZjlDYW5ZdUpfYVhsX00xNk5sczZxcFNJV2ttUVo1MGdCdHhBbTBXWk0yYWpKTmxhbHFaak1EXzR5ZWVnbVV6MExBZmhMUnE0V2JLSXBUWEExVFFKTURpeFU2aGlZSDdlanlLb2VIV0YtR2oyYmZndThQSUp6cm82NXV3SlFmU0xn,"People Moves: Bryn Mawr, $16B Aspiriant Bolster Wealth Teams Wealth Management",1.0
,,"""Aspiriant"" family office investment",Aspiriant,"California “Billionaire Tax” Proposal Raises Residency, Liquidity And Legal Concerns For Wealth Managers - Family Wealth Report",https://news.google.com/rss/articles/CBMiiwJBVV95cUxPNDQxZWtCRmt0dEZMeGtSVHMtZTdFVnpJRTFsTnhfZkdBcUppcWVzZUt0cGVNTUpBTFBwVGRKdVlodS1iNG9ycTdTbExGQ2lPeWVjOUVSNmJzcG1OQnJZR3NFek9sNTYyRFpvMDJadEZaZ3ZLUFYydXFwbHdfWFlSYjBnR0t2LWU5Yko1RHVpQkdXZ3JRTmV1d0tOUE5aSjdYR3NyWEhhNFpldVk1N1o2WnYySW93MFd6bVpTanNmSzFQaEpiWThOeDYzMl9sZllfZ2lvSjFzUTdGTFRjbnJVV3RqdFhLVzZXZmFqa0p3NTljenMzRWVobXE1TDh6SUZEaGNLcTRtWGNiOFU?oc=5,https://news.google.com/rss/articles/CBMiiwJBVV95cUxPNDQxZWtCRmt0dEZMeGtSVHMtZTdFVnpJRTFsTnhfZkdBcUppcWVzZUt0cGVNTUpBTFBwVGRKdVlodS1iNG9ycTdTbExGQ2lPeWVjOUVSNmJzcG1OQnJZR3NFek9sNTYyRFpvMDJadEZaZ3ZLUFYydXFwbHdfWFlSYjBnR0t2LWU5Yko1RHVpQkdXZ3JRTmV1d0tOUE5aSjdYR3NyWEhhNFpldVk1N1o2WnYySW93MFd6bVpTanNmSzFQaEpiWThOeDYzMl9sZllfZ2lvSjFzUTdGTFRjbnJVV3RqdFhLVzZXZmFqa0p3NTljenMzRWVobXE1TDh6SUZEaGNLcTRtWGNiOFU?oc=5,"Tue, 20 Jan 2026 08:00:00 GMT",Family Wealth Report,CBMiiwJBVV95cUxPNDQxZWtCRmt0dEZMeGtSVHMtZTdFVnpJRTFsTnhfZkdBcUppcWVzZUt0cGVNTUpBTFBwVGRKdVlodS1iNG9ycTdTbExGQ2lPeWVjOUVSNmJzcG1OQnJZR3NFek9sNTYyRFpvMDJadEZaZ3ZLUFYydXFwbHdfWFlSYjBnR0t2LWU5Yko1RHVpQkdXZ3JRTmV1d0tOUE5aSjdYR3NyWEhhNFpldVk1N1o2WnYySW93MFd6bVpTanNmSzFQaEpiWThOeDYzMl9sZllfZ2lvSjFzUTdGTFRjbnJVV3RqdFhLVzZXZmFqa0p3NTljenMzRWVobXE1TDh6SUZEaGNLcTRtWGNiOFU,"California “Billionaire Tax” Proposal Raises Residency, Liquidity And Legal Concerns For Wealth Managers Family Wealth Report",2.0
,,"""Aspiriant"" family office investment",Aspiriant,Rob Francais on the coming wave of adviser retirements and the future of succession planning - Crain Currency,https://news.google.com/rss/articles/CBMiqwFBVV95cUxNU29RTmxiMDJFVncwTEhQR0ZVVUtyaXRTaml2eGFqLUl6LWkzWFJDa3lMLUJha2lRRjBzT3hrSTdEWUxQQXRSaWVoTlR1TDJEeFlrS1pheXd2d3ZqUV9pZE1sQ3owNy1raTg1Mmk2WWo1T0VKeUNad25GX0YtSGFzZVFNR3Y4cXFuREhpckhXUGNacnp4NDV3RHhZTXlzSXZ6T1JGa0NBWWFtUFU?oc=5,https://news.google.com/rss/articles/CBMiqwFBVV95cUxNU29RTmxiMDJFVncwTEhQR0ZVVUtyaXRTaml2eGFqLUl6LWkzWFJDa3lMLUJha2lRRjBzT3hrSTdEWUxQQXRSaWVoTlR1TDJEeFlrS1pheXd2d3ZqUV9pZE1sQ3owNy1raTg1Mmk2WWo1T0VKeUNad25GX0YtSGFzZVFNR3Y4cXFuREhpckhXUGNacnp4NDV3RHhZTXlzSXZ6T1JGa0NBWWFtUFU?oc=5,"Wed, 28 May 2025 07:00:00 GMT",Crain Currency,CBMiqwFBVV95cUxNU29RTmxiMDJFVncwTEhQR0ZVVUtyaXRTaml2eGFqLUl6LWkzWFJDa3lMLUJha2lRRjBzT3hrSTdEWUxQQXRSaWVoTlR1TDJEeFlrS1pheXd2d3ZqUV9pZE1sQ3owNy1raTg1Mmk2WWo1T0VKeUNad25GX0YtSGFzZVFNR3Y4cXFuREhpckhXUGNacnp4NDV3RHhZTXlzSXZ6T1JGa0NBWWFtUFU,Rob Francais on the coming wave of adviser retirements and the future of succession planning Crain Currency,3.0
,,"""Aspiriant"" family office investment",Aspiriant,Aspiriant Names Four New Partners Across San Francisco And Los Angeles Offices - Pulse 2.0,https://news.google.com/rss/articles/CBMinwFBVV95cUxOUFZuclZoT1c5YnBFSW1jb3JPQXRKUmZLQnU5ZjRYRlhvZGdfOF92dFpkcXZnUmhxN3Q1UXB5cHlMMjJucDM2TlZHMEVpY0xmZmc5aWFwYlozOWl4SFZvcHJNNDYwMUxyNkxQT2x6NWRiUHFULU5QM0tYNzhNUS1BTTlsUnBCRjdOcjgwVWpvZnZzeFJRMG5Tc3dyVTFKb0XSAaQBQVVfeXFMT3lFeWd4c2Z0NUdzbWFhSTlFamFhVXRuVW1WRi04bVQ2ZG45MVBqOFBrSFluYXdJemxoN1hsR2dSY3AydndmaUtfWVROdVM3UVdPcnQ4eGIwQTI3VVY5NGJnTndxU213YlVzUUpMVUpFZ2NfZWQtUHdWd3hqSGFpdElZQ2Q5RVUxc0VRWE9pYmtHOTZ1NmE4RGQzbU95WHRmR2VXbm4?oc=5,https://news.google.com/rss/articles/CBMinwFBVV95cUxOUFZuclZoT1c5YnBFSW1jb3JPQXRKUmZLQnU5ZjRYRlhvZGdfOF92dFpkcXZnUmhxN3Q1UXB5cHlMMjJucDM2TlZHMEVpY0xmZmc5aWFwYlozOWl4SFZvcHJNNDYwMUxyNkxQT2x6NWRiUHFULU5QM0tYNzhNUS1BTTlsUnBCRjdOcjgwVWpvZnZzeFJRMG5Tc3dyVTFKb0XSAaQBQVVfeXFMT3lFeWd4c2Z0NUdzbWFhSTlFamFhVXRuVW1WRi04bVQ2ZG45MVBqOFBrSFluYXdJemxoN1hsR2dSY3AydndmaUtfWVROdVM3UVdPcnQ4eGIwQTI3VVY5NGJnTndxU213YlVzUUpMVUpFZ2NfZWQtUHdWd3hqSGFpdElZQ2Q5RVUxc0VRWE9pYmtHOTZ1NmE4RGQzbU95WHRmR2VXbm4?oc=5,"Thu, 07 May 2026 19:38:46 GMT",Pulse 2.0,CBMinwFBVV95cUxOUFZuclZoT1c5YnBFSW1jb3JPQXRKUmZLQnU5ZjRYRlhvZGdfOF92dFpkcXZnUmhxN3Q1UXB5cHlMMjJucDM2TlZHMEVpY0xmZmc5aWFwYlozOWl4SFZvcHJNNDYwMUxyNkxQT2x6NWRiUHFULU5QM0tYNzhNUS1BTTlsUnBCRjdOcjgwVWpvZnZzeFJRMG5Tc3dyVTFKb0XSAaQBQVVfeXFMT3lFeWd4c2Z0NUdzbWFhSTlFamFhVXRuVW1WRi04bVQ2ZG45MVBqOFBrSFluYXdJemxoN1hsR2dSY3AydndmaUtfWVROdVM3UVdPcnQ4eGIwQTI3VVY5NGJnTndxU213YlVzUUpMVUpFZ2NfZWQtUHdWd3hqSGFpdElZQ2Q5RVUxc0VRWE9pYmtHOTZ1NmE4RGQzbU95WHRmR2VXbm4,Aspiriant Names Four New Partners Across San Francisco And Los Angeles Offices Pulse 2.0,4.0
,,"""Aspiriant"" family office investment",Aspiriant,"These are the 20 largest fee-only RIAs, ranked by AUM - financial-planning.com",https://news.google.com/rss/articles/CBMiggFBVV95cUxPN0UxX0tScG9XVkdWY1RxVnRrU0Y5MmhVZ3NfVUxDdWw0ZThuV3lyNkYwQzMyNVJabGp5VXJYbGYxZ3JnSUZpUzUxMk8taDJDcWRNVnh4TmpYbHRIT1RpMWxaSEhjbDdoRzg4S3BQaHNHUHdRNVRWRmdHckZibWJMOFJB?oc=5,https://news.google.com/rss/articles/CBMiggFBVV95cUxPN0UxX0tScG9XVkdWY1RxVnRrU0Y5MmhVZ3NfVUxDdWw0ZThuV3lyNkYwQzMyNVJabGp5VXJYbGYxZ3JnSUZpUzUxMk8taDJDcWRNVnh4TmpYbHRIT1RpMWxaSEhjbDdoRzg4S3BQaHNHUHdRNVRWRmdHckZibWJMOFJB?oc=5,"Wed, 18 Oct 2023 07:00:00 GMT",financial-planning.com,CBMiggFBVV95cUxPN0UxX0tScG9XVkdWY1RxVnRrU0Y5MmhVZ3NfVUxDdWw0ZThuV3lyNkYwQzMyNVJabGp5VXJYbGYxZ3JnSUZpUzUxMk8taDJDcWRNVnh4TmpYbHRIT1RpMWxaSEhjbDdoRzg4S3BQaHNHUHdRNVRWRmdHckZibWJMOFJB,"These are the 20 largest fee-only RIAs, ranked by AUM financial-planning.com",5.0
,,"""Homrich Berg"" family office investment",Homrich Berg,$18B RIA Homrich Berg welcomes tax planning lead to boost UHNW service - InvestmentNews,https://news.google.com/rss/articles/CBMitwFBVV95cUxQSWRDclpSMnpMb0hkU1BHWHdGcVVDa1hJSFV1a2dzeEZSU1EwN0dkNWNQaklSVlhYQlNkaFUteTg1cUVZNzFMaTdLUGoyY0pmRk1OR29kbk85R2FYTXdKYnJPel9XMlppajY5TnhGWXR5eTVhSFY4TFB2bkx2NXZXbHJibmFubE5MZzdXcmFseVZPVDFXNndiX0h4aUFMakxqMWhLMmdxUjhGV1B6NzRWbm50TjFodlU?oc=5,https://news.google.com/rss/articles/CBMitwFBVV95cUxQSWRDclpSMnpMb0hkU1BHWHdGcVVDa1hJSFV1a2dzeEZSU1EwN0dkNWNQaklSVlhYQlNkaFUteTg1cUVZNzFMaTdLUGoyY0pmRk1OR29kbk85R2FYTXdKYnJPel9XMlppajY5TnhGWXR5eTVhSFY4TFB2bkx2NXZXbHJibmFubE5MZzdXcmFseVZPVDFXNndiX0h4aUFMakxqMWhLMmdxUjhGV1B6NzRWbm50TjFodlU?oc=5,"Mon, 06 Jan 2025 08:00:00 GMT",InvestmentNews,CBMitwFBVV95cUxQSWRDclpSMnpMb0hkU1BHWHdGcVVDa1hJSFV1a2dzeEZSU1EwN0dkNWNQaklSVlhYQlNkaFUteTg1cUVZNzFMaTdLUGoyY0pmRk1OR29kbk85R2FYTXdKYnJPel9XMlppajY5TnhGWXR5eTVhSFY4TFB2bkx2NXZXbHJibmFubE5MZzdXcmFseVZPVDFXNndiX0h4aUFMakxqMWhLMmdxUjhGV1B6NzRWbm50TjFodlU,$18B RIA Homrich Berg welcomes tax planning lead to boost UHNW service InvestmentNews,1.0
,,"""Homrich Berg"" family office investment",Homrich Berg,Homrich Berg to acquire Maryland RIA WMS Partners - Private Banker International,https://news.google.com/rss/articles/CBMieEFVX3lxTE5CdndsS19LZ3F2emd4SEpfUjZoa2xIZ1dmaGltS2N1ZUVKVUUzT1ZRcjJtcEJLdGVKVTNVM29JcUlvZHNZeGluWkV4X3Q3aUw2S2NJZTlJOUdzN0JNVTdOaDVjSFRvTHROaTRRTE9WVXpvM2dpVlVvZQ?oc=5,https://news.google.com/rss/articles/CBMieEFVX3lxTE5CdndsS19LZ3F2emd4SEpfUjZoa2xIZ1dmaGltS2N1ZUVKVUUzT1ZRcjJtcEJLdGVKVTNVM29JcUlvZHNZeGluWkV4X3Q3aUw2S2NJZTlJOUdzN0JNVTdOaDVjSFRvTHROaTRRTE9WVXpvM2dpVlVvZQ?oc=5,"Thu, 12 Dec 2024 08:00:00 GMT",Private Banker International,CBMieEFVX3lxTE5CdndsS19LZ3F2emd4SEpfUjZoa2xIZ1dmaGltS2N1ZUVKVUUzT1ZRcjJtcEJLdGVKVTNVM29JcUlvZHNZeGluWkV4X3Q3aUw2S2NJZTlJOUdzN0JNVTdOaDVjSFRvTHROaTRRTE9WVXpvM2dpVlVvZQ,Homrich Berg to acquire Maryland RIA WMS Partners Private Banker International,2.0
,,"""Homrich Berg"" family office investment",Homrich Berg,Homrich Berg Adds Depth to HB Family Office Team with New Principal and Director - Business Wire,https://news.google.com/rss/articles/CBMi0wFBVV95cUxOYzdtcHFsNlZ0NGFUNnIzWmtQQ3RSdEFCdUpua0VFN3UxMWNDM2JSZjI4OHd4Q1kyRTNYemdiLW1Ta3diZjg0UHRwdy1US2FhRzZMSmpVV21qaDUzWmpiS0FzWTJJMldKRXdnQVV6SnMxNmR1WkVTdEpsN3c2TmVPLWdtWmtDRlNxTnplRHc1aFR2c2IweE83Qk5lTjIzbkpfNkZYQ0I3QkNLQ205b1A4SWZGOXdIbUUzQlptejdtbkRoQUNhZWN5MUtIR3VBUHBOYnJn?oc=5,https://news.google.com/rss/articles/CBMi0wFBVV95cUxOYzdtcHFsNlZ0NGFUNnIzWmtQQ3RSdEFCdUpua0VFN3UxMWNDM2JSZjI4OHd4Q1kyRTNYemdiLW1Ta3diZjg0UHRwdy1US2FhRzZMSmpVV21qaDUzWmpiS0FzWTJJMldKRXdnQVV6SnMxNmR1WkVTdEpsN3c2TmVPLWdtWmtDRlNxTnplRHc1aFR2c2IweE83Qk5lTjIzbkpfNkZYQ0I3QkNLQ205b1A4SWZGOXdIbUUzQlptejdtbkRoQUNhZWN5MUtIR3VBUHBOYnJn?oc=5,"Mon, 04 Dec 2023 08:00:00 GMT",Business Wire,CBMi0wFBVV95cUxOYzdtcHFsNlZ0NGFUNnIzWmtQQ3RSdEFCdUpua0VFN3UxMWNDM2JSZjI4OHd4Q1kyRTNYemdiLW1Ta3diZjg0UHRwdy1US2FhRzZMSmpVV21qaDUzWmpiS0FzWTJJMldKRXdnQVV6SnMxNmR1WkVTdEpsN3c2TmVPLWdtWmtDRlNxTnplRHc1aFR2c2IweE83Qk5lTjIzbkpfNkZYQ0I3QkNLQ205b1A4SWZGOXdIbUUzQlptejdtbkRoQUNhZWN5MUtIR3VBUHBOYnJn,Homrich Berg Adds Depth to HB Family Office Team with New Principal and Director Business Wire,3.0
,,"""Homrich Berg"" family office investment",Homrich Berg,Homrich Berg grows family office unit with WMS Partners acquisition - Crain Currency,https://news.google.com/rss/articles/CBMipAFBVV95cUxPc2ZJZzlHVE45M0pQb3QzXzh5OFJMdjRvaFBKZWdCNUVybVNmRjVUSDJ3ZlpFU2tvMlJNaHhualNQN1JCdkpBazVCaTBZaEVuQ3Q4N0JhZFdDNTJ4U2hETWZFRll0dU1DVEl1U3dBZlp5SXo4TFJzZ3FCckJsUlUtVDZ1c2lPbkJVNWdNTDlBbGsxUGZZYUptMFFCbWpwb2wyelNDQg?oc=5,https://news.google.com/rss/articles/CBMipAFBVV95cUxPc2ZJZzlHVE45M0pQb3QzXzh5OFJMdjRvaFBKZWdCNUVybVNmRjVUSDJ3ZlpFU2tvMlJNaHhualNQN1JCdkpBazVCaTBZaEVuQ3Q4N0JhZFdDNTJ4U2hETWZFRll0dU1DVEl1U3dBZlp5SXo4TFJzZ3FCckJsUlUtVDZ1c2lPbkJVNWdNTDlBbGsxUGZZYUptMFFCbWpwb2wyelNDQg?oc=5,"Thu, 12 Dec 2024 08:00:00 GMT",Crain Currency,CBMipAFBVV95cUxPc2ZJZzlHVE45M0pQb3QzXzh5OFJMdjRvaFBKZWdCNUVybVNmRjVUSDJ3ZlpFU2tvMlJNaHhualNQN1JCdkpBazVCaTBZaEVuQ3Q4N0JhZFdDNTJ4U2hETWZFRll0dU1DVEl1U3dBZlp5SXo4TFJzZ3FCckJsUlUtVDZ1c2lPbkJVNWdNTDlBbGsxUGZZYUptMFFCbWpwb2wyelNDQg,Homrich Berg grows family office unit with WMS Partners acquisition Crain Currency,4.0
,,"""Homrich Berg"" family office investment",Homrich Berg,Homrich Berg To Buy $6.4 Billion WMS Partners Multi-Family Office And RIA - Pulse 2.0,https://news.google.com/rss/articles/CBMilwFBVV95cUxQZGx6N0Q4T0M5U2VkZHZPS1VtOHdJbFNNampIUFRua1pycWN1SFpjOXdTTjdLaWRmaHFoeVJjajNRQl9rUjctcVlUbHV6WmFVZ01NR1RRM1h2Yi1iXzdGOTFyT0tUbW0zc05xOWFHS2E0Y3pLd2hLU3BXbmE2VkIzM0h1Z0RkZWpaWlQ5THRPTWNhenJxYjFj0gGcAUFVX3lxTE53UVozYVN1eVF2UGJwbGlPWW1memVldmlZc2VCLWxUY0tPYWgwLXJZTDloUTIydGtDLVMzOUlmalRncjdGX0Fad2RLbEw2VlI4b21LMGEza09OcUNjVFpheDYwUkpqUDRZYWJYcjBFRFJMTDQ5bnRoR1VJMGFfRy1md2RBY2tOX09OT3BGQmd2U2JfQVRLcEg4SlQyeQ?oc=5,https://news.google.com/rss/articles/CBMilwFBVV95cUxQZGx6N0Q4T0M5U2VkZHZPS1VtOHdJbFNNampIUFRua1pycWN1SFpjOXdTTjdLaWRmaHFoeVJjajNRQl9rUjctcVlUbHV6WmFVZ01NR1RRM1h2Yi1iXzdGOTFyT0tUbW0zc05xOWFHS2E0Y3pLd2hLU3BXbmE2VkIzM0h1Z0RkZWpaWlQ5THRPTWNhenJxYjFj0gGcAUFVX3lxTE53UVozYVN1eVF2UGJwbGlPWW1memVldmlZc2VCLWxUY0tPYWgwLXJZTDloUTIydGtDLVMzOUlmalRncjdGX0Fad2RLbEw2VlI4b21LMGEza09OcUNjVFpheDYwUkpqUDRZYWJYcjBFRFJMTDQ5bnRoR1VJMGFfRy1md2RBY2tOX09OT3BGQmd2U2JfQVRLcEg4SlQyeQ?oc=5,"Mon, 16 Dec 2024 08:00:00 GMT",Pulse 2.0,CBMilwFBVV95cUxQZGx6N0Q4T0M5U2VkZHZPS1VtOHdJbFNNampIUFRua1pycWN1SFpjOXdTTjdLaWRmaHFoeVJjajNRQl9rUjctcVlUbHV6WmFVZ01NR1RRM1h2Yi1iXzdGOTFyT0tUbW0zc05xOWFHS2E0Y3pLd2hLU3BXbmE2VkIzM0h1Z0RkZWpaWlQ5THRPTWNhenJxYjFj0gGcAUFVX3lxTE53UVozYVN1eVF2UGJwbGlPWW1memVldmlZc2VCLWxUY0tPYWgwLXJZTDloUTIydGtDLVMzOUlmalRncjdGX0Fad2RLbEw2VlI4b21LMGEza09OcUNjVFpheDYwUkpqUDRZYWJYcjBFRFJMTDQ5bnRoR1VJMGFfRy1md2RBY2tOX09OT3BGQmd2U2JfQVRLcEg4SlQyeQ,Homrich Berg To Buy $6.4 Billion WMS Partners Multi-Family Office And RIA Pulse 2.0,5.0
,,"""Tolleson Wealth Management"" family office investment",Tolleson Wealth Management,Tolleson Wealth Management Establishes Tolleson Trust Company - The Business Journals,https://news.google.com/rss/articles/CBMikgFBVV95cUxOM0RHbDZfNXcwTmI3ZGVhR3daMlVOZlcwc0ZqdDQxemtrUjI0ZE04TFp1blJCZkFFMkNKbXVtOHE2OS1DdVNaSnd2NXppN1ZkMXhIM3ZUX3hrS0E4MzRmTVkwZGJTYXFqUjFTVER6Y0Z5bEJNaXZSZzNINTlUUlVwaFhUd2Jldk5mbGMzVnRtZEVGdw?oc=5,https://news.google.com/rss/articles/CBMikgFBVV95cUxOM0RHbDZfNXcwTmI3ZGVhR3daMlVOZlcwc0ZqdDQxemtrUjI0ZE04TFp1blJCZkFFMkNKbXVtOHE2OS1DdVNaSnd2NXppN1ZkMXhIM3ZUX3hrS0E4MzRmTVkwZGJTYXFqUjFTVER6Y0Z5bEJNaXZSZzNINTlUUlVwaFhUd2Jldk5mbGMzVnRtZEVGdw?oc=5,"Mon, 02 Feb 2026 08:00:00 GMT",The Business Journals,CBMikgFBVV95cUxOM0RHbDZfNXcwTmI3ZGVhR3daMlVOZlcwc0ZqdDQxemtrUjI0ZE04TFp1blJCZkFFMkNKbXVtOHE2OS1DdVNaSnd2NXppN1ZkMXhIM3ZUX3hrS0E4MzRmTVkwZGJTYXFqUjFTVER6Y0Z5bEJNaXZSZzNINTlUUlVwaFhUd2Jldk5mbGMzVnRtZEVGdw,Tolleson Wealth Management Establishes Tolleson Trust Company The Business Journals,1.0
,,"""Tolleson Wealth Management"" family office investment",Tolleson Wealth Management,Business Leader Carter Tolleson Shares Family Office Strategy - D Magazine,https://news.google.com/rss/articles/CBMiqgFBVV95cUxOaTgtN3JEMDJSZWNtM3ZaNTl0aGlWQndWYi1XeVNRWGxvUlV0WXRsbERkRWlsMTFwZU9ZUk42MzNyQUZYZmNIZXBhbzB5c0dXM1o0R2JQZXF5dUl5LThWTFo5TlZpanRXUVp4T2dqeVlqOWtLTURvRlM3NEc3bU5HTVN0X1dMMVZjTkFVNTh2T3R3bzhWcldNZHNLM2p0Y1REbFlmOXR2QTJuZw?oc=5,https://news.google.com/rss/articles/CBMiqgFBVV95cUxOaTgtN3JEMDJSZWNtM3ZaNTl0aGlWQndWYi1XeVNRWGxvUlV0WXRsbERkRWlsMTFwZU9ZUk42MzNyQUZYZmNIZXBhbzB5c0dXM1o0R2JQZXF5dUl5LThWTFo5TlZpanRXUVp4T2dqeVlqOWtLTURvRlM3NEc3bU5HTVN0X1dMMVZjTkFVNTh2T3R3bzhWcldNZHNLM2p0Y1REbFlmOXR2QTJuZw?oc=5,"Thu, 04 Dec 2025 08:00:00 GMT",D Magazine,CBMiqgFBVV95cUxOaTgtN3JEMDJSZWNtM3ZaNTl0aGlWQndWYi1XeVNRWGxvUlV0WXRsbERkRWlsMTFwZU9ZUk42MzNyQUZYZmNIZXBhbzB5c0dXM1o0R2JQZXF5dUl5LThWTFo5TlZpanRXUVp4T2dqeVlqOWtLTURvRlM3NEc3bU5HTVN0X1dMMVZjTkFVNTh2T3R3bzhWcldNZHNLM2p0Y1REbFlmOXR2QTJuZw,Business Leader Carter Tolleson Shares Family Office Strategy D Magazine,2.0
,,"""Tolleson Wealth Management"" family office investment",Tolleson Wealth Management,Tolleson Wealth Management Review - SmartAsset.com,https://news.google.com/rss/articles/CBMif0FVX3lxTFA5aGZtNGQ5V25Sd1NoWk5Odmpwa05UZ2pnVUJKUzhJcXBGbGxZZWtqQ013ZC1DazhZTC1vUkxiNDRzU2pWYlFGTjRoU05aY3E4VFZ4aEJNdXN4UGNOSlVSNGw0WUdpWENYa2Zlbzk5R21uWnh2dXB4T0VJUENfenM?oc=5,https://news.google.com/rss/articles/CBMif0FVX3lxTFA5aGZtNGQ5V25Sd1NoWk5Odmpwa05UZ2pnVUJKUzhJcXBGbGxZZWtqQ013ZC1DazhZTC1vUkxiNDRzU2pWYlFGTjRoU05aY3E4VFZ4aEJNdXN4UGNOSlVSNGw0WUdpWENYa2Zlbzk5R21uWnh2dXB4T0VJUENfenM?oc=5,"Fri, 13 Jun 2025 07:00:00 GMT",SmartAsset.com,CBMif0FVX3lxTFA5aGZtNGQ5V25Sd1NoWk5Odmpwa05UZ2pnVUJKUzhJcXBGbGxZZWtqQ013ZC1DazhZTC1vUkxiNDRzU2pWYlFGTjRoU05aY3E4VFZ4aEJNdXN4UGNOSlVSNGw0WUdpWENYa2Zlbzk5R21uWnh2dXB4T0VJUENfenM,Tolleson Wealth Management Review SmartAsset.com,3.0
,,"""Tolleson Wealth Management"" family office investment",Tolleson Wealth Management,"Now A $100 Billion MFO, What’s Next For Pathstone? - Family Wealth Report",https://news.google.com/rss/articles/CBMivwFBVV95cUxOUTktc1NfanB1NS1nbjByVlVkc25INWpES0JQMzVsQVpndWNSQ01aRkN5a3g3WFVOTnpmaDN6a1hyZzI0TjEtSjlLNDFlTWNLOG4zMHpRQTZtRkFET2pJMHZoc012dHJvZ05hbGlKOElTTzdFT0o0SFZEV2JRWEZVb0Q0MkVuX0JSajkxNzFEQnc1ZGNPRmFtWnl2MnZlNWh6MDIwZzhMUnV1VTA0b3lrMmxaRXNZWVVvRVFRMldQVQ?oc=5,https://news.google.com/rss/articles/CBMivwFBVV95cUxOUTktc1NfanB1NS1nbjByVlVkc25INWpES0JQMzVsQVpndWNSQ01aRkN5a3g3WFVOTnpmaDN6a1hyZzI0TjEtSjlLNDFlTWNLOG4zMHpRQTZtRkFET2pJMHZoc012dHJvZ05hbGlKOElTTzdFT0o0SFZEV2JRWEZVb0Q0MkVuX0JSajkxNzFEQnc1ZGNPRmFtWnl2MnZlNWh6MDIwZzhMUnV1VTA0b3lrMmxaRXNZWVVvRVFRMldQVQ?oc=5,"Wed, 23 Oct 2024 07:00:00 GMT",Family Wealth Report,CBMivwFBVV95cUxOUTktc1NfanB1NS1nbjByVlVkc25INWpES0JQMzVsQVpndWNSQ01aRkN5a3g3WFVOTnpmaDN6a1hyZzI0TjEtSjlLNDFlTWNLOG4zMHpRQTZtRkFET2pJMHZoc012dHJvZ05hbGlKOElTTzdFT0o0SFZEV2JRWEZVb0Q0MkVuX0JSajkxNzFEQnc1ZGNPRmFtWnl2MnZlNWh6MDIwZzhMUnV1VTA0b3lrMmxaRXNZWVVvRVFRMldQVQ,"Now A $100 Billion MFO, What’s Next For Pathstone? Family Wealth Report",4.0
,,"""Tolleson Wealth Management"" family office investment",Tolleson Wealth Management,7 top Dallas wealth management firms - Dallas News,https://news.google.com/rss/articles/CBMijgFBVV95cUxOMjloZHdwTjZZTlcwV3ZQVWxlcXV5WF9wQlJxSDExWm51XzhQNnBEaldvcHpiWlpQdTltTVZLUjFHX1VLTEJEYVJuSDVfaFhVa0Y0dGs1NVBpLUMyOVcwYmtnQkdwOFd4Uk83MGVrWExuUWs0bFI2NV9hX3VpQlVaSDNsRnRKTVdUNVplRXN3?oc=5,https://news.google.com/rss/articles/CBMijgFBVV95cUxOMjloZHdwTjZZTlcwV3ZQVWxlcXV5WF9wQlJxSDExWm51XzhQNnBEaldvcHpiWlpQdTltTVZLUjFHX1VLTEJEYVJuSDVfaFhVa0Y0dGs1NVBpLUMyOVcwYmtnQkdwOFd4Uk83MGVrWExuUWs0bFI2NV9hX3VpQlVaSDNsRnRKTVdUNVplRXN3?oc=5,"Wed, 09 Nov 2022 08:00:00 GMT",Dallas News,CBMijgFBVV95cUxOMjloZHdwTjZZTlcwV3ZQVWxlcXV5WF9wQlJxSDExWm51XzhQNnBEaldvcHpiWlpQdTltTVZLUjFHX1VLTEJEYVJuSDVfaFhVa0Y0dGs1NVBpLUMyOVcwYmtnQkdwOFd4Uk83MGVrWExuUWs0bFI2NV9hX3VpQlVaSDNsRnRKTVdUNVplRXN3,7 top Dallas wealth management firms Dallas News,5.0
,,"""Greycourt"" family office investment",Greycourt,"Global Politics, Talent Woes, Legacy Anxiety And Private Equity Top 2026 Family Office Concerns - Family Wealth Report",https://news.google.com/rss/articles/CBMi3wFBVV95cUxORkVSa2xWWTJXNjBCVkFsREpNZGdvcnhuVkdmZklVOWVSNFIzdkdJblV0ZnVqbS1wMWx4WEZNUXNZLUNlMWZDTkNIcWpUTGxuVktqS3ZjWlM5Wk1jQlgzMDY5WXgyR0tYTHZkaWU4VkJwa0V0UE5DQl9neldDNHg5LU1zLXVDS3dnS25salZpMEIyUE9PdzVPR21oUXlWTVlDTGtmWHNfYURXY1R4MTYtYklBVWJYcHYxTnJfUFRVSkF0R0hBZE03WTdEWFZzLWdBM0UycWpUQldJaWdWbFFF?oc=5,https://news.google.com/rss/articles/CBMi3wFBVV95cUxORkVSa2xWWTJXNjBCVkFsREpNZGdvcnhuVkdmZklVOWVSNFIzdkdJblV0ZnVqbS1wMWx4WEZNUXNZLUNlMWZDTkNIcWpUTGxuVktqS3ZjWlM5Wk1jQlgzMDY5WXgyR0tYTHZkaWU4VkJwa0V0UE5DQl9neldDNHg5LU1zLXVDS3dnS25salZpMEIyUE9PdzVPR21oUXlWTVlDTGtmWHNfYURXY1R4MTYtYklBVWJYcHYxTnJfUFRVSkF0R0hBZE03WTdEWFZzLWdBM0UycWpUQldJaWdWbFFF?oc=5,"Mon, 02 Feb 2026 08:00:00 GMT",Family Wealth Report,CBMi3wFBVV95cUxORkVSa2xWWTJXNjBCVkFsREpNZGdvcnhuVkdmZklVOWVSNFIzdkdJblV0ZnVqbS1wMWx4WEZNUXNZLUNlMWZDTkNIcWpUTGxuVktqS3ZjWlM5Wk1jQlgzMDY5WXgyR0tYTHZkaWU4VkJwa0V0UE5DQl9neldDNHg5LU1zLXVDS3dnS25salZpMEIyUE9PdzVPR21oUXlWTVlDTGtmWHNfYURXY1R4MTYtYklBVWJYcHYxTnJfUFRVSkF0R0hBZE03WTdEWFZzLWdBM0UycWpUQldJaWdWbFFF,"Global Politics, Talent Woes, Legacy Anxiety And Private Equity Top 2026 Family Office Concerns Family Wealth Report",1.0
,,"""Greycourt"" family office investment",Greycourt,Greycourt Hires Wendy Pan as Director - citybiz,https://news.google.com/rss/articles/CBMiggFBVV95cUxOSUZScGwtZ3hTdTY1WXF6ejRRaWluSlhPRUpqMjkzNHd6aklMcHlDQmNpT1JNQmNpaFhxNURiVm1fTkJwLW14enAzcjZhT1VJd0NTRy1pckdBUmpuYU41VDUxWHhyRUN6bk5CM2E4UllvYVJJZTU1MVRaWTRTOHQtbjFn?oc=5,https://news.google.com/rss/articles/CBMiggFBVV95cUxOSUZScGwtZ3hTdTY1WXF6ejRRaWluSlhPRUpqMjkzNHd6aklMcHlDQmNpT1JNQmNpaFhxNURiVm1fTkJwLW14enAzcjZhT1VJd0NTRy1pckdBUmpuYU41VDUxWHhyRUN6bk5CM2E4UllvYVJJZTU1MVRaWTRTOHQtbjFn?oc=5,"Tue, 16 May 2023 07:00:00 GMT",citybiz,CBMiggFBVV95cUxOSUZScGwtZ3hTdTY1WXF6ejRRaWluSlhPRUpqMjkzNHd6aklMcHlDQmNpT1JNQmNpaFhxNURiVm1fTkJwLW14enAzcjZhT1VJd0NTRy1pckdBUmpuYU41VDUxWHhyRUN6bk5CM2E4UllvYVJJZTU1MVRaWTRTOHQtbjFn,Greycourt Hires Wendy Pan as Director citybiz,2.0
,,"""Greycourt"" family office investment",Greycourt,"Gregory Curtis, Greycourt & Co. - Crain Currency",https://news.google.com/rss/articles/CBMia0FVX3lxTE1VZTlCd0QwWjJmM1IxZ3o1VkNwVi00bGZ1enJMMV9nWWtWcFZtVGY3VXA3S18yU2pYcWNEZkRmNlJCSWdTNnV3d0w1NnI0UWx1UkM2T1o5TFV4aTMxbUFHVHVTTHNsaGR0cTdr?oc=5,https://news.google.com/rss/articles/CBMia0FVX3lxTE1VZTlCd0QwWjJmM1IxZ3o1VkNwVi00bGZ1enJMMV9nWWtWcFZtVGY3VXA3S18yU2pYcWNEZkRmNlJCSWdTNnV3d0w1NnI0UWx1UkM2T1o5TFV4aTMxbUFHVHVTTHNsaGR0cTdr?oc=5,"Wed, 15 Feb 2023 08:00:00 GMT",Crain Currency,CBMia0FVX3lxTE1VZTlCd0QwWjJmM1IxZ3o1VkNwVi00bGZ1enJMMV9nWWtWcFZtVGY3VXA3S18yU2pYcWNEZkRmNlJCSWdTNnV3d0w1NnI0UWx1UkM2T1o5TFV4aTMxbUFHVHVTTHNsaGR0cTdr,"Gregory Curtis, Greycourt & Co. Crain Currency",3.0
,,"""Greycourt"" family office investment",Greycourt,"Global Politics, Talent Woes, Legacy Anxiety And Private Equity Seize Family Offices' Attention - Wealth Briefing",https://news.google.com/rss/articles/CBMi4wFBVV95cUxObDhBdERyV3d4Y00yX01XMWlkRVRhNVlhWnpTWFphZ2lsYnQtWVc3aFpxVGZfQ2RLQk53UWItOU5vUjl1LTA0QklWLTlIb2hlV3NLTko1MmcwWUgzRzQ1cmxUQTVVazRpZ3Bqb2ZVc0djeVBYWm5XZHEzaDRZOW1RVmlKYjNNVEJDSHd3bWEwRDIyS1A3dkg5eFB5TlBzTWluNTB0RlBxbmNsS05lVE5CdFhKNHZIYlNQNVZWTFZuNHJNVl9QTTJMU09pRm9mZ1lPUzQtTnVneWhxdlh2RTNqaWxJRQ?oc=5,https://news.google.com/rss/articles/CBMi4wFBVV95cUxObDhBdERyV3d4Y00yX01XMWlkRVRhNVlhWnpTWFphZ2lsYnQtWVc3aFpxVGZfQ2RLQk53UWItOU5vUjl1LTA0QklWLTlIb2hlV3NLTko1MmcwWUgzRzQ1cmxUQTVVazRpZ3Bqb2ZVc0djeVBYWm5XZHEzaDRZOW1RVmlKYjNNVEJDSHd3bWEwRDIyS1A3dkg5eFB5TlBzTWluNTB0RlBxbmNsS05lVE5CdFhKNHZIYlNQNVZWTFZuNHJNVl9QTTJMU09pRm9mZ1lPUzQtTnVneWhxdlh2RTNqaWxJRQ?oc=5,"Tue, 03 Feb 2026 08:00:00 GMT",Wealth Briefing,CBMi4wFBVV95cUxObDhBdERyV3d4Y00yX01XMWlkRVRhNVlhWnpTWFphZ2lsYnQtWVc3aFpxVGZfQ2RLQk53UWItOU5vUjl1LTA0QklWLTlIb2hlV3NLTko1MmcwWUgzRzQ1cmxUQTVVazRpZ3Bqb2ZVc0djeVBYWm5XZHEzaDRZOW1RVmlKYjNNVEJDSHd3bWEwRDIyS1A3dkg5eFB5TlBzTWluNTB0RlBxbmNsS05lVE5CdFhKNHZIYlNQNVZWTFZuNHJNVl9QTTJMU09pRm9mZ1lPUzQtTnVneWhxdlh2RTNqaWxJRQ,"Global Politics, Talent Woes, Legacy Anxiety And Private Equity Seize Family Offices' Attention Wealth Briefing",4.0
,,"""Greycourt"" family office investment",Greycourt,Top 10 RIAs in Pittsburgh | 2025 Guide - dakota.com,https://news.google.com/rss/articles/CBMif0FVX3lxTE1tbDdhVU1tZ3p1OVBmX0ZsMTJ4ZGI0YlVFWU1La255V2Y4YzY1RnR0dXRDSUNRRzFObzFPMDhNdVVYX013RW9XdEFrUzRyYVJobnF3N3NyUTZRRlpweXotc0JxRUtVTk1Rdm5fU0w1bG9hYTZKckhCcHNFcDkzRUU?oc=5,https://news.google.com/rss/articles/CBMif0FVX3lxTE1tbDdhVU1tZ3p1OVBmX0ZsMTJ4ZGI0YlVFWU1La255V2Y4YzY1RnR0dXRDSUNRRzFObzFPMDhNdVVYX013RW9XdEFrUzRyYVJobnF3N3NyUTZRRlpweXotc0JxRUtVTk1Rdm5fU0w1bG9hYTZKckhCcHNFcDkzRUU?oc=5,"Tue, 30 Sep 2025 07:00:00 GMT",dakota.com,CBMif0FVX3lxTE1tbDdhVU1tZ3p1OVBmX0ZsMTJ4ZGI0YlVFWU1La255V2Y4YzY1RnR0dXRDSUNRRzFObzFPMDhNdVVYX013RW9XdEFrUzRyYVJobnF3N3NyUTZRRlpweXotc0JxRUtVTk1Rdm5fU0w1bG9hYTZKckhCcHNFcDkzRUU,Top 10 RIAs in Pittsburgh | 2025 Guide dakota.com,5.0
,,"""Matter Family Office"" family office investment",Matter Family Office,Matter Family Office and IWP Family Office Combine to Offer One of the Most Comprehensive Family Office Solutions for Ultra-High-Net-Worth Families - Yahoo Finance,https://news.google.com/rss/articles/CBMigwFBVV95cUxNNWd5bXlXUDFwY1RXd3VvXzQwY25RbXNHV3Eza01EVkhNbjMzUUZFLUJXSVBwWlZQVUkyMnJsaXhILU5vMGJaek1pSENjRTJ3SC03RklNMFhpaUdHS1dkNGYwYzJBVG9vYmRhRmY0VVYyMmVwZHRxZ1JpdEszS2lTR0dOdw?oc=5,https://news.google.com/rss/articles/CBMigwFBVV95cUxNNWd5bXlXUDFwY1RXd3VvXzQwY25RbXNHV3Eza01EVkhNbjMzUUZFLUJXSVBwWlZQVUkyMnJsaXhILU5vMGJaek1pSENjRTJ3SC03RklNMFhpaUdHS1dkNGYwYzJBVG9vYmRhRmY0VVYyMmVwZHRxZ1JpdEszS2lTR0dOdw?oc=5,"Mon, 17 Nov 2025 08:00:00 GMT",Yahoo Finance,CBMigwFBVV95cUxNNWd5bXlXUDFwY1RXd3VvXzQwY25RbXNHV3Eza01EVkhNbjMzUUZFLUJXSVBwWlZQVUkyMnJsaXhILU5vMGJaek1pSENjRTJ3SC03RklNMFhpaUdHS1dkNGYwYzJBVG9vYmRhRmY0VVYyMmVwZHRxZ1JpdEszS2lTR0dOdw,Matter Family Office and IWP Family Office Combine to Offer One of the Most Comprehensive Family Office Solutions for Ultra-High-Net-Worth Families Yahoo Finance,1.0
,,"""Matter Family Office"" family office investment",Matter Family Office,"EXCLUSIVE: US Family Offices Merge, Form $10 Billion Firm - Family Wealth Report",https://news.google.com/rss/articles/CBMisAFBVV95cUxQWFJXakQtRkVRX0hZOHhjM0xMc1dobzB1M2d2U1JqbnNHSWJFbEE4WXBMazk4TjBEQm90dGdWMExrS3VCR3hsOHM4LVJZWnRjdTJJdHdNMXdydDUxY0ViamZwWkN4azRVSmVmS1o2YUpMcTJDdlhEdGVYS29Vdk9YNEU4cGFDYnhYWVViQmlpSm4ySmRzaE9YQUJaSURUTVJOb3hCOTg0MVBzMEFnNGNzdA?oc=5,https://news.google.com/rss/articles/CBMisAFBVV95cUxQWFJXakQtRkVRX0hZOHhjM0xMc1dobzB1M2d2U1JqbnNHSWJFbEE4WXBMazk4TjBEQm90dGdWMExrS3VCR3hsOHM4LVJZWnRjdTJJdHdNMXdydDUxY0ViamZwWkN4azRVSmVmS1o2YUpMcTJDdlhEdGVYS29Vdk9YNEU4cGFDYnhYWVViQmlpSm4ySmRzaE9YQUJaSURUTVJOb3hCOTg0MVBzMEFnNGNzdA?oc=5,"Mon, 17 Nov 2025 08:00:00 GMT",Family Wealth Report,CBMisAFBVV95cUxQWFJXakQtRkVRX0hZOHhjM0xMc1dobzB1M2d2U1JqbnNHSWJFbEE4WXBMazk4TjBEQm90dGdWMExrS3VCR3hsOHM4LVJZWnRjdTJJdHdNMXdydDUxY0ViamZwWkN4azRVSmVmS1o2YUpMcTJDdlhEdGVYS29Vdk9YNEU4cGFDYnhYWVViQmlpSm4ySmRzaE9YQUJaSURUTVJOb3hCOTg0MVBzMEFnNGNzdA,"EXCLUSIVE: US Family Offices Merge, Form $10 Billion Firm Family Wealth Report",2.0
,,"""Matter Family Office"" family office investment",Matter Family Office,Matter and IWP Merge to Form $10B Multifamily Office - Wealth Management,https://news.google.com/rss/articles/CBMilgFBVV95cUxQMFVibVl0YXZrS3k2eWlUU05PMWhHN1p1VWM5Zml3WWtEb01lRWFQeG9ldnlrNHhxT1VPeUJ2bGhqdERVWTFCTjc0SmltMWJxWktLYWNCUGdyZm9lTy1nOVYxRXpWYjl1eUVxQzVBMXdlOGVhT1dISmZ1akk3VnhCbW5xVFhzakRVVFd6RkJHUFhfYmNHMFE?oc=5,https://news.google.com/rss/articles/CBMilgFBVV95cUxQMFVibVl0YXZrS3k2eWlUU05PMWhHN1p1VWM5Zml3WWtEb01lRWFQeG9ldnlrNHhxT1VPeUJ2bGhqdERVWTFCTjc0SmltMWJxWktLYWNCUGdyZm9lTy1nOVYxRXpWYjl1eUVxQzVBMXdlOGVhT1dISmZ1akk3VnhCbW5xVFhzakRVVFd6RkJHUFhfYmNHMFE?oc=5,"Mon, 17 Nov 2025 08:00:00 GMT",Wealth Management,CBMilgFBVV95cUxQMFVibVl0YXZrS3k2eWlUU05PMWhHN1p1VWM5Zml3WWtEb01lRWFQeG9ldnlrNHhxT1VPeUJ2bGhqdERVWTFCTjc0SmltMWJxWktLYWNCUGdyZm9lTy1nOVYxRXpWYjl1eUVxQzVBMXdlOGVhT1dISmZ1akk3VnhCbW5xVFhzakRVVFd6RkJHUFhfYmNHMFE,Matter and IWP Merge to Form $10B Multifamily Office Wealth Management,3.0
,,"""Matter Family Office"" family office investment",Matter Family Office,Matter Family Office Launches Knowledge Center for Ultra High Net Worth Families - citybiz,https://news.google.com/rss/articles/CBMiuwFBVV95cUxOUjZTamFaT3Y4YUp2M200OHVCeEIwYWw0eW9EYzZIU0JOMEV6VXh1QnJ4WkhpdzVhVF9HM0tDbVZrcWx3MWtCemJqeFN3UmtaV1p4X2cydEc2RUZKTjZfY3ktVWlSWlJIV0V0MjN1cUZzRFBQelZOcVBNRkd6bHVqVE1QZnhXMEE5ancxUzlvNktGS3V1bnJfam9hOW1CSk9fQm43X2J0NndZbWZhYjZ4U3k3TXhSZzk4eFRR?oc=5,https://news.google.com/rss/articles/CBMiuwFBVV95cUxOUjZTamFaT3Y4YUp2M200OHVCeEIwYWw0eW9EYzZIU0JOMEV6VXh1QnJ4WkhpdzVhVF9HM0tDbVZrcWx3MWtCemJqeFN3UmtaV1p4X2cydEc2RUZKTjZfY3ktVWlSWlJIV0V0MjN1cUZzRFBQelZOcVBNRkd6bHVqVE1QZnhXMEE5ancxUzlvNktGS3V1bnJfam9hOW1CSk9fQm43X2J0NndZbWZhYjZ4U3k3TXhSZzk4eFRR?oc=5,"Tue, 28 Apr 2026 07:00:00 GMT",citybiz,CBMiuwFBVV95cUxOUjZTamFaT3Y4YUp2M200OHVCeEIwYWw0eW9EYzZIU0JOMEV6VXh1QnJ4WkhpdzVhVF9HM0tDbVZrcWx3MWtCemJqeFN3UmtaV1p4X2cydEc2RUZKTjZfY3ktVWlSWlJIV0V0MjN1cUZzRFBQelZOcVBNRkd6bHVqVE1QZnhXMEE5ancxUzlvNktGS3V1bnJfam9hOW1CSk9fQm43X2J0NndZbWZhYjZ4U3k3TXhSZzk4eFRR,Matter Family Office Launches Knowledge Center for Ultra High Net Worth Families citybiz,4.0
,,"""Matter Family Office"" family office investment",Matter Family Office,"RIAs eye growth through mergers of equals, despite complexities - InvestmentNews",https://news.google.com/rss/articles/CBMivgFBVV95cUxPdFh2OTAwNkh4TUQxaVozTkJZd3ZrY0tJaEhCVXZvTXZDRm9fbkVQY3EyVy1HUzJxMEl6Vnl1VVFXMVdjcC1GMXBhLUplem00NzBHZmVJWHo1anh4aDNvdmw0Ynp1Wm5hXzlSVnR0UF9ra0tyZVhKSzZvU1cwdjdWNi02YlFuQ19pVThJYS1OaGZ3eGNGUm1heXB4TlQ4NmRqMzE1VkUtLVg4eUk4N0ZWNFdiMEM5UlpDemZrYlhB?oc=5,https://news.google.com/rss/articles/CBMivgFBVV95cUxPdFh2OTAwNkh4TUQxaVozTkJZd3ZrY0tJaEhCVXZvTXZDRm9fbkVQY3EyVy1HUzJxMEl6Vnl1VVFXMVdjcC1GMXBhLUplem00NzBHZmVJWHo1anh4aDNvdmw0Ynp1Wm5hXzlSVnR0UF9ra0tyZVhKSzZvU1cwdjdWNi02YlFuQ19pVThJYS1OaGZ3eGNGUm1heXB4TlQ4NmRqMzE1VkUtLVg4eUk4N0ZWNFdiMEM5UlpDemZrYlhB?oc=5,"Wed, 19 Nov 2025 08:00:00 GMT",InvestmentNews,CBMivgFBVV95cUxPdFh2OTAwNkh4TUQxaVozTkJZd3ZrY0tJaEhCVXZvTXZDRm9fbkVQY3EyVy1HUzJxMEl6Vnl1VVFXMVdjcC1GMXBhLUplem00NzBHZmVJWHo1anh4aDNvdmw0Ynp1Wm5hXzlSVnR0UF9ra0tyZVhKSzZvU1cwdjdWNi02YlFuQ19pVThJYS1OaGZ3eGNGUm1heXB4TlQ4NmRqMzE1VkUtLVg4eUk4N0ZWNFdiMEM5UlpDemZrYlhB,"RIAs eye growth through mergers of equals, despite complexities InvestmentNews",5.0
,,"""Fiduciary Trust International"" family office investment",Fiduciary Trust International,Growing an icon in the age of AI - InvestmentNews,https://news.google.com/rss/articles/CBMilAFBVV95cUxQd3dTUWNYblFOdFZfMXZJT0FIUlRvaHcxdnpQOGg2WUJsRE45Y2dWMVlXUFdOZERZa1RMcklKeGtET3RkS3lyNTlTa2xjYkU3aTV3U043SFRUdlpkc2VfR3ppZ1dvNTdjQlRtcVhad2hMLUZlWnRReEQ5MzNVLVJyU0VUbDdwZzFmdkM0TFBjTmFwTFN0?oc=5,https://news.google.com/rss/articles/CBMilAFBVV95cUxQd3dTUWNYblFOdFZfMXZJT0FIUlRvaHcxdnpQOGg2WUJsRE45Y2dWMVlXUFdOZERZa1RMcklKeGtET3RkS3lyNTlTa2xjYkU3aTV3U043SFRUdlpkc2VfR3ppZ1dvNTdjQlRtcVhad2hMLUZlWnRReEQ5MzNVLVJyU0VUbDdwZzFmdkM0TFBjTmFwTFN0?oc=5,"Thu, 26 Feb 2026 08:00:00 GMT",InvestmentNews,CBMilAFBVV95cUxQd3dTUWNYblFOdFZfMXZJT0FIUlRvaHcxdnpQOGg2WUJsRE45Y2dWMVlXUFdOZERZa1RMcklKeGtET3RkS3lyNTlTa2xjYkU3aTV3U043SFRUdlpkc2VfR3ppZ1dvNTdjQlRtcVhad2hMLUZlWnRReEQ5MzNVLVJyU0VUbDdwZzFmdkM0TFBjTmFwTFN0,Growing an icon in the age of AI InvestmentNews,1.0
,,"""Fiduciary Trust International"" family office investment",Fiduciary Trust International,"Family Office Of The Year: Fiduciary Trust, Angeles And Intercontinental - Wealth Solutions Report",https://news.google.com/rss/articles/CBMirgFBVV95cUxPbjBJUllTclU5bTlZd21oWWxFcEtNOVVIR2hDaFdkT2U1enpvVmhVbG8tS2hLME1YVzRCQXpoeGtTby1uT0kyMU0yeTgweXhTbWNVSk9KSlJ0aWtYa3dHVGlWYkxpcmdXWEg3SUZSRlBlZEU2M3YtSUtsNnNRNVdzT05wUEo0SkpwbVlJNXhfdEd4aU9kNHV4dEpZZjZDVktFMnB3MUF6MVFrNU9hdnc?oc=5,https://news.google.com/rss/articles/CBMirgFBVV95cUxPbjBJUllTclU5bTlZd21oWWxFcEtNOVVIR2hDaFdkT2U1enpvVmhVbG8tS2hLME1YVzRCQXpoeGtTby1uT0kyMU0yeTgweXhTbWNVSk9KSlJ0aWtYa3dHVGlWYkxpcmdXWEg3SUZSRlBlZEU2M3YtSUtsNnNRNVdzT05wUEo0SkpwbVlJNXhfdEd4aU9kNHV4dEpZZjZDVktFMnB3MUF6MVFrNU9hdnc?oc=5,"Thu, 23 Oct 2025 07:00:00 GMT",Wealth Solutions Report,CBMirgFBVV95cUxPbjBJUllTclU5bTlZd21oWWxFcEtNOVVIR2hDaFdkT2U1enpvVmhVbG8tS2hLME1YVzRCQXpoeGtTby1uT0kyMU0yeTgweXhTbWNVSk9KSlJ0aWtYa3dHVGlWYkxpcmdXWEg3SUZSRlBlZEU2M3YtSUtsNnNRNVdzT05wUEo0SkpwbVlJNXhfdEd4aU9kNHV4dEpZZjZDVktFMnB3MUF6MVFrNU9hdnc,"Family Office Of The Year: Fiduciary Trust, Angeles And Intercontinental Wealth Solutions Report",2.0
,,"""Fiduciary Trust International"" family office investment",Fiduciary Trust International,"Fiduciary Trust International Continues Expansion in South Florida, Opening New Office in West Palm Beach - Business Wire",https://news.google.com/rss/articles/CBMi8wFBVV95cUxNazFfdzZKWjRPT0RFdS12QVFmX2w5TkdlS1ZrV2o5ZFFhTzJ3bkh0SHd0NkFuLUkwLWdzWTJ5M2wydGFXZEEwYzF1RGdKbTZJN1RtVzg2YmFudzQ3dmFpVVFtaFBQOGxBMXN1YjVZTVoySndtOTNadk16Q0ozWjB6bVVfekVlVkxpN1l0X014MU92ajV6U1AtRUZSWjFwbXhzaXNWNjA0Um50c256ZUdoRUd4WXhyeWg5OXJ6eFNPOEtmUkxsQm5EQ0VxeE10NEd2NFppMXlRcXNBaHkwNTdDVkEtM290UHhQdVY3ZzlWa1JwbGc?oc=5,https://news.google.com/rss/articles/CBMi8wFBVV95cUxNazFfdzZKWjRPT0RFdS12QVFmX2w5TkdlS1ZrV2o5ZFFhTzJ3bkh0SHd0NkFuLUkwLWdzWTJ5M2wydGFXZEEwYzF1RGdKbTZJN1RtVzg2YmFudzQ3dmFpVVFtaFBQOGxBMXN1YjVZTVoySndtOTNadk16Q0ozWjB6bVVfekVlVkxpN1l0X014MU92ajV6U1AtRUZSWjFwbXhzaXNWNjA0Um50c256ZUdoRUd4WXhyeWg5OXJ6eFNPOEtmUkxsQm5EQ0VxeE10NEd2NFppMXlRcXNBaHkwNTdDVkEtM290UHhQdVY3ZzlWa1JwbGc?oc=5,"Thu, 26 Oct 2023 07:00:00 GMT",Business Wire,CBMi8wFBVV95cUxNazFfdzZKWjRPT0RFdS12QVFmX2w5TkdlS1ZrV2o5ZFFhTzJ3bkh0SHd0NkFuLUkwLWdzWTJ5M2wydGFXZEEwYzF1RGdKbTZJN1RtVzg2YmFudzQ3dmFpVVFtaFBQOGxBMXN1YjVZTVoySndtOTNadk16Q0ozWjB6bVVfekVlVkxpN1l0X014MU92ajV6U1AtRUZSWjFwbXhzaXNWNjA0Um50c256ZUdoRUd4WXhyeWg5OXJ6eFNPOEtmUkxsQm5EQ0VxeE10NEd2NFppMXlRcXNBaHkwNTdDVkEtM290UHhQdVY3ZzlWa1JwbGc,"Fiduciary Trust International Continues Expansion in South Florida, Opening New Office in West Palm Beach Business Wire",3.0
,,"""Fiduciary Trust International"" family office investment",Fiduciary Trust International,Fiduciary Trust International Adds Former BoA Private Bank Senior Managers - Family Wealth Report,https://news.google.com/rss/articles/CBMivwFBVV95cUxQcF8xZXBlTHRwdDdqU21IQWdkeDJObHF1U2hVdHNEcG1ZX3RQUXd0M3BFTFFia0RVekpSVGdrdjhSZGhMNzZhdDAwUUdfOGVOSkt1ZVRCZ19WSUFkTC1rTVk2R3BkbU5VaTZOLVJmY1otYzZ4bDVlZFU2YzZWSzNLZWV3bmJyd2JvejBTVC1CQXBUZnk5TlhTc2o4YjJnTWNuSkpyYXJyMVhfOE05R19oWXdPVEJJRnhQMWRvQ0g0TQ?oc=5,https://news.google.com/rss/articles/CBMivwFBVV95cUxQcF8xZXBlTHRwdDdqU21IQWdkeDJObHF1U2hVdHNEcG1ZX3RQUXd0M3BFTFFia0RVekpSVGdrdjhSZGhMNzZhdDAwUUdfOGVOSkt1ZVRCZ19WSUFkTC1rTVk2R3BkbU5VaTZOLVJmY1otYzZ4bDVlZFU2YzZWSzNLZWV3bmJyd2JvejBTVC1CQXBUZnk5TlhTc2o4YjJnTWNuSkpyYXJyMVhfOE05R19oWXdPVEJJRnhQMWRvQ0g0TQ?oc=5,"Thu, 27 Jun 2024 07:00:00 GMT",Family Wealth Report,CBMivwFBVV95cUxQcF8xZXBlTHRwdDdqU21IQWdkeDJObHF1U2hVdHNEcG1ZX3RQUXd0M3BFTFFia0RVekpSVGdrdjhSZGhMNzZhdDAwUUdfOGVOSkt1ZVRCZ19WSUFkTC1rTVk2R3BkbU5VaTZOLVJmY1otYzZ4bDVlZFU2YzZWSzNLZWV3bmJyd2JvejBTVC1CQXBUZnk5TlhTc2o4YjJnTWNuSkpyYXJyMVhfOE05R19oWXdPVEJJRnhQMWRvQ0g0TQ,Fiduciary Trust International Adds Former BoA Private Bank Senior Managers Family Wealth Report,4.0
,,"""Fiduciary Trust International"" family office investment",Fiduciary Trust International,"Laura C. Pease, CTFA, and James T. Farmer, CAIA Join Fiduciary Trust International as Managing Directors - citybiz",https://news.google.com/rss/articles/CBMi1AFBVV95cUxPMzVxa1ZzeWRGdUFrTG9jVlJJejd2QU9TZUl1VlgtSTQxc2pSR0JlWVZ6ekl2WDBIeGUySGNTX2phVGQxOGJKZ0NFU1RhWWpFb0dDelJwcXZrZ3RMNTFjZTNLV2RBc28wNmtWMTZ5MFlQS1ZVSTdtajY3dlZncWUyZ3BWSzFuTXRMS1E4VzRvRnBDcldtMXFDVDE1OTJDRGlTckZMQ1EyM0ZZbTF0QlljUHFwLW1nNEFvc2sxdk9wUEtNVERqTWhTRU4xc1NaM2VqMlZrdQ?oc=5,https://news.google.com/rss/articles/CBMi1AFBVV95cUxPMzVxa1ZzeWRGdUFrTG9jVlJJejd2QU9TZUl1VlgtSTQxc2pSR0JlWVZ6ekl2WDBIeGUySGNTX2phVGQxOGJKZ0NFU1RhWWpFb0dDelJwcXZrZ3RMNTFjZTNLV2RBc28wNmtWMTZ5MFlQS1ZVSTdtajY3dlZncWUyZ3BWSzFuTXRMS1E4VzRvRnBDcldtMXFDVDE1OTJDRGlTckZMQ1EyM0ZZbTF0QlljUHFwLW1nNEFvc2sxdk9wUEtNVERqTWhTRU4xc1NaM2VqMlZrdQ?oc=5,"Tue, 25 Jun 2024 07:00:00 GMT",citybiz,CBMi1AFBVV95cUxPMzVxa1ZzeWRGdUFrTG9jVlJJejd2QU9TZUl1VlgtSTQxc2pSR0JlWVZ6ekl2WDBIeGUySGNTX2phVGQxOGJKZ0NFU1RhWWpFb0dDelJwcXZrZ3RMNTFjZTNLV2RBc28wNmtWMTZ5MFlQS1ZVSTdtajY3dlZncWUyZ3BWSzFuTXRMS1E4VzRvRnBDcldtMXFDVDE1OTJDRGlTckZMQ1EyM0ZZbTF0QlljUHFwLW1nNEFvc2sxdk9wUEtNVERqTWhTRU4xc1NaM2VqMlZrdQ,"Laura C. Pease, CTFA, and James T. Farmer, CAIA Join Fiduciary Trust International as Managing Directors citybiz",5.0
,,"""Cerity Partners"" family office investment",Cerity Partners,Mega-RIAs accelerate into institutional assets with Cerity-Verus merger - InvestmentNews,https://news.google.com/rss/articles/CBMiugFBVV95cUxNdjNhRVdEcmtIOFlYN1d5LXFYTkFTdGtkRWxrTUNCTE52c2FKTFZkWmpRVVM3c1R6NUhLRnBMbTVlRGFvUHlSZzZULWVrdUdzTlhoOFJodGxwYlRqbHFIcWhGMHNxYWpMYVlUdFM2ZEk0bE52SHZzeWJfZ2FjV2tlSUVnTzVVMDFRUUNyN0VvMWNEVk84TjNNSktqNFBEVm9JU1QwcDVIWGQxUVZLNFVjMFZVeG00NFNENFE?oc=5,https://news.google.com/rss/articles/CBMiugFBVV95cUxNdjNhRVdEcmtIOFlYN1d5LXFYTkFTdGtkRWxrTUNCTE52c2FKTFZkWmpRVVM3c1R6NUhLRnBMbTVlRGFvUHlSZzZULWVrdUdzTlhoOFJodGxwYlRqbHFIcWhGMHNxYWpMYVlUdFM2ZEk0bE52SHZzeWJfZ2FjV2tlSUVnTzVVMDFRUUNyN0VvMWNEVk84TjNNSktqNFBEVm9JU1QwcDVIWGQxUVZLNFVjMFZVeG00NFNENFE?oc=5,"Thu, 12 Feb 2026 08:00:00 GMT",InvestmentNews,CBMiugFBVV95cUxNdjNhRVdEcmtIOFlYN1d5LXFYTkFTdGtkRWxrTUNCTE52c2FKTFZkWmpRVVM3c1R6NUhLRnBMbTVlRGFvUHlSZzZULWVrdUdzTlhoOFJodGxwYlRqbHFIcWhGMHNxYWpMYVlUdFM2ZEk0bE52SHZzeWJfZ2FjV2tlSUVnTzVVMDFRUUNyN0VvMWNEVk84TjNNSktqNFBEVm9JU1QwcDVIWGQxUVZLNFVjMFZVeG00NFNENFE,Mega-RIAs accelerate into institutional assets with Cerity-Verus merger InvestmentNews,1.0
,,"""Cerity Partners"" family office investment",Cerity Partners,Cerity Partners Review 2026 - WSJ,https://news.google.com/rss/articles/CBMigwFBVV95cUxONDNsNU9XNGFvSDh1UFdTUUJ2OGN0Q3UtM1hVeWhYMWRwcTc4ZWljVzFWZDJfaDhxU1RubFhjMTh2Qll0YzM1MDhEVEFaY0pMT1hpQklVd2doS1NCWWtBMUdtaWhPVjMtTkhuLW96Nnh2NnpSTldvR0xfNV9paTNxRG5fQQ?oc=5,https://news.google.com/rss/articles/CBMigwFBVV95cUxONDNsNU9XNGFvSDh1UFdTUUJ2OGN0Q3UtM1hVeWhYMWRwcTc4ZWljVzFWZDJfaDhxU1RubFhjMTh2Qll0YzM1MDhEVEFaY0pMT1hpQklVd2doS1NCWWtBMUdtaWhPVjMtTkhuLW96Nnh2NnpSTldvR0xfNV9paTNxRG5fQQ?oc=5,"Mon, 09 Feb 2026 08:00:00 GMT",WSJ,CBMigwFBVV95cUxONDNsNU9XNGFvSDh1UFdTUUJ2OGN0Q3UtM1hVeWhYMWRwcTc4ZWljVzFWZDJfaDhxU1RubFhjMTh2Qll0YzM1MDhEVEFaY0pMT1hpQklVd2doS1NCWWtBMUdtaWhPVjMtTkhuLW96Nnh2NnpSTldvR0xfNV9paTNxRG5fQQ,Cerity Partners Review 2026 WSJ,2.0
,,"""Cerity Partners"" family office investment",Cerity Partners,Justyn Volesko - worth.com,https://news.google.com/rss/articles/CBMiUkFVX3lxTFBNZk9wSlVxVDdBWGxaeEZxaGZONVlJVjRQeWo4WXYtNG5ncXVGSHhKcVFCTUhKSF8tQXlEb1hxcFcxT294MkpYcERDY3U2S3o1MFE?oc=5,https://news.google.com/rss/articles/CBMiUkFVX3lxTFBNZk9wSlVxVDdBWGxaeEZxaGZONVlJVjRQeWo4WXYtNG5ncXVGSHhKcVFCTUhKSF8tQXlEb1hxcFcxT294MkpYcERDY3U2S3o1MFE?oc=5,"Thu, 05 Mar 2026 21:08:05 GMT",worth.com,CBMiUkFVX3lxTFBNZk9wSlVxVDdBWGxaeEZxaGZONVlJVjRQeWo4WXYtNG5ncXVGSHhKcVFCTUhKSF8tQXlEb1hxcFcxT294MkpYcERDY3U2S3o1MFE,Justyn Volesko worth.com,3.0
,,"""Cerity Partners"" family office investment",Cerity Partners,Cerity Partners Rides Private Liquidity Trend With Nasdaq Pact - Family Wealth Report,https://news.google.com/rss/articles/CBMirgFBVV95cUxOQ1ZMRVNpb3Zfbzh1czZhV1lmbVhOT0l6SGpybUlRQjY5WXoyUHJlT3VkRFkxSExlRG9XS0dSNmhuNHpSdjBDaS1FRnlmanRWYWdnRjhfeTdMT2xiM2FneXo1d3pucmRPRG5UaHZ5YVlTZEZabmhEX0pwc2xPaE95NmwyVDFLQXNNc1p2Wm03RGptYVlKNm45R09sa3Q3bWdTYVZIWUs4d2pMaUJwbkE?oc=5,https://news.google.com/rss/articles/CBMirgFBVV95cUxOQ1ZMRVNpb3Zfbzh1czZhV1lmbVhOT0l6SGpybUlRQjY5WXoyUHJlT3VkRFkxSExlRG9XS0dSNmhuNHpSdjBDaS1FRnlmanRWYWdnRjhfeTdMT2xiM2FneXo1d3pucmRPRG5UaHZ5YVlTZEZabmhEX0pwc2xPaE95NmwyVDFLQXNNc1p2Wm03RGptYVlKNm45R09sa3Q3bWdTYVZIWUs4d2pMaUJwbkE?oc=5,"Mon, 15 Dec 2025 08:00:00 GMT",Family Wealth Report,CBMirgFBVV95cUxOQ1ZMRVNpb3Zfbzh1czZhV1lmbVhOT0l6SGpybUlRQjY5WXoyUHJlT3VkRFkxSExlRG9XS0dSNmhuNHpSdjBDaS1FRnlmanRWYWdnRjhfeTdMT2xiM2FneXo1d3pucmRPRG5UaHZ5YVlTZEZabmhEX0pwc2xPaE95NmwyVDFLQXNNc1p2Wm03RGptYVlKNm45R09sa3Q3bWdTYVZIWUs4d2pMaUJwbkE,Cerity Partners Rides Private Liquidity Trend With Nasdaq Pact Family Wealth Report,4.0
,,"""Cerity Partners"" family office investment",Cerity Partners,Cerity Partners Adds $1 Billion RIA Covenant Partners in Nashville - Barron's,https://news.google.com/rss/articles/CBMiiwFBVV95cUxPeXl2MnlUNTR3Q3VsOFVrUkpBbW9yRTFNbl8tajdUVXp6QlJXZHJ6VmZYckNycDVnVW41clN0TGlYamJramRNV1VZbDVpWVpGSzFnb0cxWkZLWHdocG9kSERHZmxSYzdhSkc2U1ZyVFdVeG1EUzJGd2Jvekg5N3hOazZaanhxYWZha2dV?oc=5,https://news.google.com/rss/articles/CBMiiwFBVV95cUxPeXl2MnlUNTR3Q3VsOFVrUkpBbW9yRTFNbl8tajdUVXp6QlJXZHJ6VmZYckNycDVnVW41clN0TGlYamJramRNV1VZbDVpWVpGSzFnb0cxWkZLWHdocG9kSERHZmxSYzdhSkc2U1ZyVFdVeG1EUzJGd2Jvekg5N3hOazZaanhxYWZha2dV?oc=5,"Wed, 01 Apr 2026 07:00:00 GMT",Barron's,CBMiiwFBVV95cUxPeXl2MnlUNTR3Q3VsOFVrUkpBbW9yRTFNbl8tajdUVXp6QlJXZHJ6VmZYckNycDVnVW41clN0TGlYamJramRNV1VZbDVpWVpGSzFnb0cxWkZLWHdocG9kSERHZmxSYzdhSkc2U1ZyVFdVeG1EUzJGd2Jvekg5N3hOazZaanhxYWZha2dV,Cerity Partners Adds $1 Billion RIA Covenant Partners in Nashville Barron's,5.0
,,"""Whittier Trust"" family office investment",Whittier Trust,HOW WHITTIER TRUST MANAGES WEALTH BY INVESTING IN CLIENTS - San Francisco Examiner,https://news.google.com/rss/articles/CBMi4AFBVV95cUxQT2dZaGhYMWFLV25tNzlwQ3JxN2lRdGFvUUlOdE5NdFhfZG9aYzYxMW15RE41NGtDS2xlU2NFWEFMVV9sdDhTbjh0alh5eDNMRGU4UDNBdUxKOFVnUEZSY1JscFpVMWhPNlNZb1p5eWdpZ09HcmhQaUU4blJ3RlA1WlNJbTFMbnRfTm95azhWNWhUM1V0aDJEanhGQkpXNzVfdjlYSUpkazBxQ3hMQ1RUdDU2dTJsaUJRUXoyRmNmR1dxQ01nU0E2eUM0ay12YXhrMWM1SDZXTFdJd2lfNWZMcw?oc=5,https://news.google.com/rss/articles/CBMi4AFBVV95cUxQT2dZaGhYMWFLV25tNzlwQ3JxN2lRdGFvUUlOdE5NdFhfZG9aYzYxMW15RE41NGtDS2xlU2NFWEFMVV9sdDhTbjh0alh5eDNMRGU4UDNBdUxKOFVnUEZSY1JscFpVMWhPNlNZb1p5eWdpZ09HcmhQaUU4blJ3RlA1WlNJbTFMbnRfTm95azhWNWhUM1V0aDJEanhGQkpXNzVfdjlYSUpkazBxQ3hMQ1RUdDU2dTJsaUJRUXoyRmNmR1dxQ01nU0E2eUM0ay12YXhrMWM1SDZXTFdJd2lfNWZMcw?oc=5,"Tue, 27 Jan 2026 08:00:00 GMT",San Francisco Examiner,CBMi4AFBVV95cUxQT2dZaGhYMWFLV25tNzlwQ3JxN2lRdGFvUUlOdE5NdFhfZG9aYzYxMW15RE41NGtDS2xlU2NFWEFMVV9sdDhTbjh0alh5eDNMRGU4UDNBdUxKOFVnUEZSY1JscFpVMWhPNlNZb1p5eWdpZ09HcmhQaUU4blJ3RlA1WlNJbTFMbnRfTm95azhWNWhUM1V0aDJEanhGQkpXNzVfdjlYSUpkazBxQ3hMQ1RUdDU2dTJsaUJRUXoyRmNmR1dxQ01nU0E2eUM0ay12YXhrMWM1SDZXTFdJd2lfNWZMcw,HOW WHITTIER TRUST MANAGES WEALTH BY INVESTING IN CLIENTS San Francisco Examiner,1.0
,,"""Whittier Trust"" family office investment",Whittier Trust,"Whittier Trust Adds Christy Mason as Vice President, Client Advisor in Newport Beach - citybiz",https://news.google.com/rss/articles/CBMivwFBVV95cUxPOXRJWmVaakdWQTA3X1h3YmkzLVBnclZ2cF82NXhpb01nYjlDWXZjVVRzZUc2WUY0MWtrT1pfN2NnM0xxUDZHYVNhUFpYOUo3OVoxSzdZX0RDbkM1YW1TQjM1akNDUTdoZzdqVkxiMkx6ekdSeUhDRVp3UEVMSHUyQ2RIRm1oNXRzZjdEeVR5dnZhbDhFa01kTkE1UGY1RV96b0NYWHg1VFRpMThXdFFCdDZ2eXV5U1VNMVN3b2lrcw?oc=5,https://news.google.com/rss/articles/CBMivwFBVV95cUxPOXRJWmVaakdWQTA3X1h3YmkzLVBnclZ2cF82NXhpb01nYjlDWXZjVVRzZUc2WUY0MWtrT1pfN2NnM0xxUDZHYVNhUFpYOUo3OVoxSzdZX0RDbkM1YW1TQjM1akNDUTdoZzdqVkxiMkx6ekdSeUhDRVp3UEVMSHUyQ2RIRm1oNXRzZjdEeVR5dnZhbDhFa01kTkE1UGY1RV96b0NYWHg1VFRpMThXdFFCdDZ2eXV5U1VNMVN3b2lrcw?oc=5,"Tue, 21 Apr 2026 07:00:00 GMT",citybiz,CBMivwFBVV95cUxPOXRJWmVaakdWQTA3X1h3YmkzLVBnclZ2cF82NXhpb01nYjlDWXZjVVRzZUc2WUY0MWtrT1pfN2NnM0xxUDZHYVNhUFpYOUo3OVoxSzdZX0RDbkM1YW1TQjM1akNDUTdoZzdqVkxiMkx6ekdSeUhDRVp3UEVMSHUyQ2RIRm1oNXRzZjdEeVR5dnZhbDhFa01kTkE1UGY1RV96b0NYWHg1VFRpMThXdFFCdDZ2eXV5U1VNMVN3b2lrcw,"Whittier Trust Adds Christy Mason as Vice President, Client Advisor in Newport Beach citybiz",2.0
,,"""Whittier Trust"" family office investment",Whittier Trust,The Wealth Equation: Balancing Money and Stress - Kiplinger,https://news.google.com/rss/articles/CBMiigFBVV95cUxPYWNHMVVwY2M4cUFEbkNmb2RpNThSbEVBS0htZ3JEUVN6eW5jYmRRUDludE5yOUFiTjJvR1FDcGU4eFBBSVFCUk0zMG5pZGMwNWRVVWZPLUU2SlJpQ1NqcUNkcTZ3NmplMHE4dXdqTGYxNVFaT3h4cDVBZDZuRWs5c1VlSG5SY3dsT2c?oc=5,https://news.google.com/rss/articles/CBMiigFBVV95cUxPYWNHMVVwY2M4cUFEbkNmb2RpNThSbEVBS0htZ3JEUVN6eW5jYmRRUDludE5yOUFiTjJvR1FDcGU4eFBBSVFCUk0zMG5pZGMwNWRVVWZPLUU2SlJpQ1NqcUNkcTZ3NmplMHE4dXdqTGYxNVFaT3h4cDVBZDZuRWs5c1VlSG5SY3dsT2c?oc=5,"Mon, 05 Jan 2026 16:15:33 GMT",Kiplinger,CBMiigFBVV95cUxPYWNHMVVwY2M4cUFEbkNmb2RpNThSbEVBS0htZ3JEUVN6eW5jYmRRUDludE5yOUFiTjJvR1FDcGU4eFBBSVFCUk0zMG5pZGMwNWRVVWZPLUU2SlJpQ1NqcUNkcTZ3NmplMHE4dXdqTGYxNVFaT3h4cDVBZDZuRWs5c1VlSG5SY3dsT2c,The Wealth Equation: Balancing Money and Stress Kiplinger,3.0
,,"""Whittier Trust"" family office investment",Whittier Trust,"Advisor moves: NewEdge Wealth, Whittier Trust welcome seasoned senior advisors - InvestmentNews",https://news.google.com/rss/articles/CBMiwAFBVV95cUxQNkUwMk9UOWR5MmVob2FZaTdsbUNaLWNJRzh5aGdBcEg4TW5WQUQtREtob0pZQ2RvQWw0azF0T3hDc1lWM2Y4aEhYMENGaEVURXZDeWVGVnM3RkpDMVFDQlpTZmdQRGpxa2xrWFdwanhxRXVhd0tKRVd6cENBMWUtaGpjMU0yQnYyS3VfWWYta3RnVzk5VTg0N0NRS2dkdnRfSmNhQVhPY2cybXN3UEl5bG9LSG5BM3BrdHR5X3lxRFQ?oc=5,https://news.google.com/rss/articles/CBMiwAFBVV95cUxQNkUwMk9UOWR5MmVob2FZaTdsbUNaLWNJRzh5aGdBcEg4TW5WQUQtREtob0pZQ2RvQWw0azF0T3hDc1lWM2Y4aEhYMENGaEVURXZDeWVGVnM3RkpDMVFDQlpTZmdQRGpxa2xrWFdwanhxRXVhd0tKRVd6cENBMWUtaGpjMU0yQnYyS3VfWWYta3RnVzk5VTg0N0NRS2dkdnRfSmNhQVhPY2cybXN3UEl5bG9LSG5BM3BrdHR5X3lxRFQ?oc=5,"Thu, 17 Jul 2025 07:00:00 GMT",InvestmentNews,CBMiwAFBVV95cUxQNkUwMk9UOWR5MmVob2FZaTdsbUNaLWNJRzh5aGdBcEg4TW5WQUQtREtob0pZQ2RvQWw0azF0T3hDc1lWM2Y4aEhYMENGaEVURXZDeWVGVnM3RkpDMVFDQlpTZmdQRGpxa2xrWFdwanhxRXVhd0tKRVd6cENBMWUtaGpjMU0yQnYyS3VfWWYta3RnVzk5VTg0N0NRS2dkdnRfSmNhQVhPY2cybXN3UEl5bG9LSG5BM3BrdHR5X3lxRFQ,"Advisor moves: NewEdge Wealth, Whittier Trust welcome seasoned senior advisors InvestmentNews",4.0
,,"""Whittier Trust"" family office investment",Whittier Trust,Whittier Trust Promotes Jessica Guzman and William Dodds to Vice President - citybiz,https://news.google.com/rss/articles/CBMiswFBVV95cUxPa3FpWTJnTmtpNmhuSXRtZDdoMjFXb1ZFM3FucGhHMzVtampaTW5udGtPRksybFBDdkIwZTZJWWpKYTNTQU0yVzdWOVI4S3JIQVdHUjJmaVBFNlNKWVFiY0FCS2VCSFBlam9wQ2FHSFh6eXZrVi15VTlScWlnRFdwdGpSMDJOSnk0eUpab0FxLS1fRHhBRUd6ZjhkUlZxcklob2w5Rm9zam15WnFrdWNiLUdXdw?oc=5,https://news.google.com/rss/articles/CBMiswFBVV95cUxPa3FpWTJnTmtpNmhuSXRtZDdoMjFXb1ZFM3FucGhHMzVtampaTW5udGtPRksybFBDdkIwZTZJWWpKYTNTQU0yVzdWOVI4S3JIQVdHUjJmaVBFNlNKWVFiY0FCS2VCSFBlam9wQ2FHSFh6eXZrVi15VTlScWlnRFdwdGpSMDJOSnk0eUpab0FxLS1fRHhBRUd6ZjhkUlZxcklob2w5Rm9zam15WnFrdWNiLUdXdw?oc=5,"Thu, 18 Sep 2025 07:00:00 GMT",citybiz,CBMiswFBVV95cUxPa3FpWTJnTmtpNmhuSXRtZDdoMjFXb1ZFM3FucGhHMzVtampaTW5udGtPRksybFBDdkIwZTZJWWpKYTNTQU0yVzdWOVI4S3JIQVdHUjJmaVBFNlNKWVFiY0FCS2VCSFBlam9wQ2FHSFh6eXZrVi15VTlScWlnRFdwdGpSMDJOSnk0eUpab0FxLS1fRHhBRUd6ZjhkUlZxcklob2w5Rm9zam15WnFrdWNiLUdXdw,Whittier Trust Promotes Jessica Guzman and William Dodds to Vice President citybiz,5.0
,,"""Silvercrest Asset Management"" family office investment",Silvercrest Asset Management,"Who's Moving Where In Wealth Management? – Raymond James, Rossby, Silvercrest - Family Wealth Report",https://news.google.com/rss/articles/CBMi5AFBVV95cUxQeVotS1lEUkZCcTB6WGhpWE1fc3ZwMjNNMUswYTBnYmd6Mk51eHlLSTNJazg5NzlJeUdyTmFzVGswNUh4bjhTLW5OZXVaV0s2T2Z6WkNiTkdlaEItX19adXAxMVIxTE5GSGtYTERpYWI1UXlLeWpoSGlCeTRjS2xKd1BTMzZTN0c3eTFCdXotMFdUMFMySU5BVnEtSmNhaVVmYmZYeXdzd3dCZGRhX2ZaZGQwMFV1WTBoVXFfcXJ5TXRqMktxSEY3b0JaQTdoVXRZLW9GVDlha2lpMlJBYUhLclNaRWE?oc=5,https://news.google.com/rss/articles/CBMi5AFBVV95cUxQeVotS1lEUkZCcTB6WGhpWE1fc3ZwMjNNMUswYTBnYmd6Mk51eHlLSTNJazg5NzlJeUdyTmFzVGswNUh4bjhTLW5OZXVaV0s2T2Z6WkNiTkdlaEItX19adXAxMVIxTE5GSGtYTERpYWI1UXlLeWpoSGlCeTRjS2xKd1BTMzZTN0c3eTFCdXotMFdUMFMySU5BVnEtSmNhaVVmYmZYeXdzd3dCZGRhX2ZaZGQwMFV1WTBoVXFfcXJ5TXRqMktxSEY3b0JaQTdoVXRZLW9GVDlha2lpMlJBYUhLclNaRWE?oc=5,"Fri, 24 Apr 2026 07:00:00 GMT",Family Wealth Report,CBMi5AFBVV95cUxQeVotS1lEUkZCcTB6WGhpWE1fc3ZwMjNNMUswYTBnYmd6Mk51eHlLSTNJazg5NzlJeUdyTmFzVGswNUh4bjhTLW5OZXVaV0s2T2Z6WkNiTkdlaEItX19adXAxMVIxTE5GSGtYTERpYWI1UXlLeWpoSGlCeTRjS2xKd1BTMzZTN0c3eTFCdXotMFdUMFMySU5BVnEtSmNhaVVmYmZYeXdzd3dCZGRhX2ZaZGQwMFV1WTBoVXFfcXJ5TXRqMktxSEY3b0JaQTdoVXRZLW9GVDlha2lpMlJBYUhLclNaRWE,"Who's Moving Where In Wealth Management? – Raymond James, Rossby, Silvercrest Family Wealth Report",1.0
,,"""Silvercrest Asset Management"" family office investment",Silvercrest Asset Management,"Silvercrest Establishes Atlanta Office, Hires Brittain Prigge - The Globe and Mail",https://news.google.com/rss/articles/CBMi4AFBVV95cUxOU3pnVkc1Q0tNd2dYUkRKOVRUT3dXNjU2R253dVJ3aHQ1OERXS3V1Z2dYMkVhQzV4czJXWkpTaUFUa21pb3dnbTI5STgwWWprNEZBZktnNHJQbXB2dzZRVnVxakVKb291YnU1MGkyXzBBS0FWU0dzWFJZYnlYVnZxYmZEOVFVVTBtWm5iMVpIT01oc3ZVV3ZEQUczbF9zX1k3dTZfcExXMHJRWUJLbTNMaXFZaDE0NDhVYVFEbmJRb3MwVGFPWVZwQmVaRTVQWDFiQjcwTXNSR2xucnBfdDVjcg?oc=5,https://news.google.com/rss/articles/CBMi4AFBVV95cUxOU3pnVkc1Q0tNd2dYUkRKOVRUT3dXNjU2R253dVJ3aHQ1OERXS3V1Z2dYMkVhQzV4czJXWkpTaUFUa21pb3dnbTI5STgwWWprNEZBZktnNHJQbXB2dzZRVnVxakVKb291YnU1MGkyXzBBS0FWU0dzWFJZYnlYVnZxYmZEOVFVVTBtWm5iMVpIT01oc3ZVV3ZEQUczbF9zX1k3dTZfcExXMHJRWUJLbTNMaXFZaDE0NDhVYVFEbmJRb3MwVGFPWVZwQmVaRTVQWDFiQjcwTXNSR2xucnBfdDVjcg?oc=5,"Wed, 29 Apr 2026 07:00:00 GMT",The Globe and Mail,CBMi4AFBVV95cUxOU3pnVkc1Q0tNd2dYUkRKOVRUT3dXNjU2R253dVJ3aHQ1OERXS3V1Z2dYMkVhQzV4czJXWkpTaUFUa21pb3dnbTI5STgwWWprNEZBZktnNHJQbXB2dzZRVnVxakVKb291YnU1MGkyXzBBS0FWU0dzWFJZYnlYVnZxYmZEOVFVVTBtWm5iMVpIT01oc3ZVV3ZEQUczbF9zX1k3dTZfcExXMHJRWUJLbTNMaXFZaDE0NDhVYVFEbmJRb3MwVGFPWVZwQmVaRTVQWDFiQjcwTXNSR2xucnBfdDVjcg,"Silvercrest Establishes Atlanta Office, Hires Brittain Prigge The Globe and Mail",2.0
,,"""Silvercrest Asset Management"" family office investment",Silvercrest Asset Management,Silvercrest (NASDAQ: SAMG) plans May 12 call on Q1 2026 results - Stock Titan,https://news.google.com/rss/articles/CBMixgFBVV95cUxOS0stX1NNODFEckIwV0w5cXIyYmg0UDJZT1BaeVhFcURfMF9WY0RnbHFLb1MtbkxsSnhQY2xXMC1yU25LM3o4UUdFZ1JqRWQ2V2NsWXhaUnViaWN2S0dUTTMzVEtfTlB1MGd4U2RlVi1iYkNRdHlGS29XcjhYTHVXNGg3UG5zek1oalh4N1NGWmNIM3Y4aHBBRGpFSGlHRVpYMXpYOFQwTVQtMEhnWWVHWFU1N08tSE90WW4yYTY2RFBiU3VJdlE?oc=5,https://news.google.com/rss/articles/CBMixgFBVV95cUxOS0stX1NNODFEckIwV0w5cXIyYmg0UDJZT1BaeVhFcURfMF9WY0RnbHFLb1MtbkxsSnhQY2xXMC1yU25LM3o4UUdFZ1JqRWQ2V2NsWXhaUnViaWN2S0dUTTMzVEtfTlB1MGd4U2RlVi1iYkNRdHlGS29XcjhYTHVXNGg3UG5zek1oalh4N1NGWmNIM3Y4aHBBRGpFSGlHRVpYMXpYOFQwTVQtMEhnWWVHWFU1N08tSE90WW4yYTY2RFBiU3VJdlE?oc=5,"Tue, 05 May 2026 07:00:00 GMT",Stock Titan,CBMixgFBVV95cUxOS0stX1NNODFEckIwV0w5cXIyYmg0UDJZT1BaeVhFcURfMF9WY0RnbHFLb1MtbkxsSnhQY2xXMC1yU25LM3o4UUdFZ1JqRWQ2V2NsWXhaUnViaWN2S0dUTTMzVEtfTlB1MGd4U2RlVi1iYkNRdHlGS29XcjhYTHVXNGg3UG5zek1oalh4N1NGWmNIM3Y4aHBBRGpFSGlHRVpYMXpYOFQwTVQtMEhnWWVHWFU1N08tSE90WW4yYTY2RFBiU3VJdlE,Silvercrest (NASDAQ: SAMG) plans May 12 call on Q1 2026 results Stock Titan,3.0
,,"""Silvercrest Asset Management"" family office investment",Silvercrest Asset Management,"Press Release: Silvercrest Establishes Atlanta Office, Hires Brittain Prigge - Moomoo",https://news.google.com/rss/articles/CBMi5gFBVV95cUxNTXBLQjhaQy11dTBtQTI4QWlXLUl6aGdaYmlHZkJpOXVOMzZSNy1RemJVVHM5RTB0WUxtR0V1Z2ZJZWRkNUt5QjIwUnhKdWFyR3dQZTJJX01BOUQ5TmxybHc0elNkUWlxZWJ1VlBKTGRic19hZ0lMU0tRcjQ0UmxKZFlEQklHeGhiWUExckJkRFZWRzdnc1N6OWJZVTJuUW85SUVkZHNwMTFTVk5abGswUVpRbURtMXZjc1hiTkRNT3RwUjJTQVRiSTJ4bDR0ZjAtLWFfeExGMENkRkZUenJwcEZnWWthdw?oc=5,https://news.google.com/rss/articles/CBMi5gFBVV95cUxNTXBLQjhaQy11dTBtQTI4QWlXLUl6aGdaYmlHZkJpOXVOMzZSNy1RemJVVHM5RTB0WUxtR0V1Z2ZJZWRkNUt5QjIwUnhKdWFyR3dQZTJJX01BOUQ5TmxybHc0elNkUWlxZWJ1VlBKTGRic19hZ0lMU0tRcjQ0UmxKZFlEQklHeGhiWUExckJkRFZWRzdnc1N6OWJZVTJuUW85SUVkZHNwMTFTVk5abGswUVpRbURtMXZjc1hiTkRNT3RwUjJTQVRiSTJ4bDR0ZjAtLWFfeExGMENkRkZUenJwcEZnWWthdw?oc=5,"Wed, 29 Apr 2026 07:00:00 GMT",Moomoo,CBMi5gFBVV95cUxNTXBLQjhaQy11dTBtQTI4QWlXLUl6aGdaYmlHZkJpOXVOMzZSNy1RemJVVHM5RTB0WUxtR0V1Z2ZJZWRkNUt5QjIwUnhKdWFyR3dQZTJJX01BOUQ5TmxybHc0elNkUWlxZWJ1VlBKTGRic19hZ0lMU0tRcjQ0UmxKZFlEQklHeGhiWUExckJkRFZWRzdnc1N6OWJZVTJuUW85SUVkZHNwMTFTVk5abGswUVpRbURtMXZjc1hiTkRNT3RwUjJTQVRiSTJ4bDR0ZjAtLWFfeExGMENkRkZUenJwcEZnWWthdw,"Press Release: Silvercrest Establishes Atlanta Office, Hires Brittain Prigge Moomoo",4.0
,,"""Silvercrest Asset Management"" family office investment",Silvercrest Asset Management,The top investment managers winning the family office race in 2025 - Crain Currency,https://news.google.com/rss/articles/CBMinAFBVV95cUxNRnBnM0gtQTZNUllkMEJuaWlhU1d1SE1WQWdVN0VZYVNpeFVlS3M2MEdLQkZwckdtc0laaWNCczFlMHo2QlFhMXQ2aGZ1bHdKRkNVR1pRZFI5VndSZ2tEcmRxUzZHdGZjOWFHT3A0NEhxX3ZsTFZzYUNScnRScVY3Y2I3Z1lVQ3Q0VXI4SGJIaTl6Qmp2UU4yRW5Tc0c?oc=5,https://news.google.com/rss/articles/CBMinAFBVV95cUxNRnBnM0gtQTZNUllkMEJuaWlhU1d1SE1WQWdVN0VZYVNpeFVlS3M2MEdLQkZwckdtc0laaWNCczFlMHo2QlFhMXQ2aGZ1bHdKRkNVR1pRZFI5VndSZ2tEcmRxUzZHdGZjOWFHT3A0NEhxX3ZsTFZzYUNScnRScVY3Y2I3Z1lVQ3Q0VXI4SGJIaTl6Qmp2UU4yRW5Tc0c?oc=5,"Thu, 07 Aug 2025 07:00:00 GMT",Crain Currency,CBMinAFBVV95cUxNRnBnM0gtQTZNUllkMEJuaWlhU1d1SE1WQWdVN0VZYVNpeFVlS3M2MEdLQkZwckdtc0laaWNCczFlMHo2QlFhMXQ2aGZ1bHdKRkNVR1pRZFI5VndSZ2tEcmRxUzZHdGZjOWFHT3A0NEhxX3ZsTFZzYUNScnRScVY3Y2I3Z1lVQ3Q0VXI4SGJIaTl6Qmp2UU4yRW5Tc0c,The top investment managers winning the family office race in 2025 Crain Currency,5.0
,,"""Wren Investment Office"" family office investment",Wren Investment Office,Family offices seek value beyond returns - Professional Wealth Management,https://news.google.com/rss/articles/CBMidkFVX3lxTE9MUzVRMjBOWlNCZ3JhcnNfTmJ3LXRnaURuWlZYREN4aktORTZsYlVYUWVJYXVRNl81VHoteU5kSVd5UkNuTUtNZms0UDhCLVFZeWpRUzVMVEtVY3NreV95VDJwNERfX1JuY25hWDE5N0tHaW5GUWc?oc=5,https://news.google.com/rss/articles/CBMidkFVX3lxTE9MUzVRMjBOWlNCZ3JhcnNfTmJ3LXRnaURuWlZYREN4aktORTZsYlVYUWVJYXVRNl81VHoteU5kSVd5UkNuTUtNZms0UDhCLVFZeWpRUzVMVEtVY3NreV95VDJwNERfX1JuY25hWDE5N0tHaW5GUWc?oc=5,"Thu, 05 Mar 2026 08:00:00 GMT",Professional Wealth Management,CBMidkFVX3lxTE9MUzVRMjBOWlNCZ3JhcnNfTmJ3LXRnaURuWlZYREN4aktORTZsYlVYUWVJYXVRNl81VHoteU5kSVd5UkNuTUtNZms0UDhCLVFZeWpRUzVMVEtVY3NreV95VDJwNERfX1JuY25hWDE5N0tHaW5GUWc,Family offices seek value beyond returns Professional Wealth Management,1.0
,,"""Wren Investment Office"" family office investment",Wren Investment Office,"Wren Investment Office Marks Fifth Year, Appoints New CIO - Wealth Briefing",https://news.google.com/rss/articles/CBMiqwFBVV95cUxPNTNxbkdRQTBFUlZXeV9hQTJmWGM3UEJvTEFhT1VOM0JMYjBwZlA0LTBTbmpHdkZ6MlhjOHQyNTZDUWhfd09VZ19MRG5mT1J6SW8zdTNfS3NSeU9MY2lrZ2RYQVk0Tk54WEVRT0VNVG1hMWFuYlpEYjJCRC1oaHJPcXJhekE5YXBrbUlXV1Q3c1dzOHF0SzJKcWQ3dWg2LUJJLXFNTHpVZTZ4clk?oc=5,https://news.google.com/rss/articles/CBMiqwFBVV95cUxPNTNxbkdRQTBFUlZXeV9hQTJmWGM3UEJvTEFhT1VOM0JMYjBwZlA0LTBTbmpHdkZ6MlhjOHQyNTZDUWhfd09VZ19MRG5mT1J6SW8zdTNfS3NSeU9MY2lrZ2RYQVk0Tk54WEVRT0VNVG1hMWFuYlpEYjJCRC1oaHJPcXJhekE5YXBrbUlXV1Q3c1dzOHF0SzJKcWQ3dWg2LUJJLXFNTHpVZTZ4clk?oc=5,"Fri, 18 Feb 2022 08:00:00 GMT",Wealth Briefing,CBMiqwFBVV95cUxPNTNxbkdRQTBFUlZXeV9hQTJmWGM3UEJvTEFhT1VOM0JMYjBwZlA0LTBTbmpHdkZ6MlhjOHQyNTZDUWhfd09VZ19MRG5mT1J6SW8zdTNfS3NSeU9MY2lrZ2RYQVk0Tk54WEVRT0VNVG1hMWFuYlpEYjJCRC1oaHJPcXJhekE5YXBrbUlXV1Q3c1dzOHF0SzJKcWQ3dWg2LUJJLXFNTHpVZTZ4clk,"Wren Investment Office Marks Fifth Year, Appoints New CIO Wealth Briefing",2.0
,,"""Wren Investment Office"" family office investment",Wren Investment Office,Top 10 Family Offices in the United Kingdom: 2026 Guide - dakota.com,https://news.google.com/rss/articles/CBMijgFBVV95cUxQVFFVdzhabGhILU9OLXdZV3NJcmVrM3NRdVliZUJYb3FPNVExal9sLTk4ZDhXNG5HeGhfVmVJYkpXeGl2dnRKdUFtRzRXcVh0SW9FRllicWtMVTNWekF5WVpyVzJ4XzN0bUhFVUlSRG1vcEJkMUNFaG1kejJGZ1hSZjlGaVpQOGxxRU96QjZn?oc=5,https://news.google.com/rss/articles/CBMijgFBVV95cUxQVFFVdzhabGhILU9OLXdZV3NJcmVrM3NRdVliZUJYb3FPNVExal9sLTk4ZDhXNG5HeGhfVmVJYkpXeGl2dnRKdUFtRzRXcVh0SW9FRllicWtMVTNWekF5WVpyVzJ4XzN0bUhFVUlSRG1vcEJkMUNFaG1kejJGZ1hSZjlGaVpQOGxxRU96QjZn?oc=5,"Thu, 08 Feb 2024 08:00:00 GMT",dakota.com,CBMijgFBVV95cUxQVFFVdzhabGhILU9OLXdZV3NJcmVrM3NRdVliZUJYb3FPNVExal9sLTk4ZDhXNG5HeGhfVmVJYkpXeGl2dnRKdUFtRzRXcVh0SW9FRllicWtMVTNWekF5WVpyVzJ4XzN0bUhFVUlSRG1vcEJkMUNFaG1kejJGZ1hSZjlGaVpQOGxxRU96QjZn,Top 10 Family Offices in the United Kingdom: 2026 Guide dakota.com,3.0
,,"""Wren Investment Office"" family office investment",Wren Investment Office,WE Family Offices and MdF Family Partners Join Forces to Support the Launch of a London-Based Independent Family Office - Funds Society,https://news.google.com/rss/articles/CBMihgJBVV95cUxPWTNFc21ybzZGWDFEZ3JBUmRvVzJ6LUxzNGk4Q215S1F2MDBEZjA2WEtUNm54YnhqTnJZTE5MYlNraTd3MXVHcjlFbnpnRkZkYTl0MUJfYjNkOERHV2pGNVJaSHVQQ0p1RXk3ZUNXLVpRaHhPMmctS2JHS3lYdjhVVTdmMDBsZ0c3bC1pNUY4TUN2WmFjM2x3UXBVTUN2UHZsNGFXVWdFM1JST2ViQjE4VEkyZmdyNDdTaG9rNE9lU1ZuMTVaWU9zeWROdDFXemdKc1drRld6SGp3bGxKZU1wN1ozUkctdG85VFFsTXl2VUFSRThhOTFEM1VoOVQwcGtHbTIyNWpR?oc=5,https://news.google.com/rss/articles/CBMihgJBVV95cUxPWTNFc21ybzZGWDFEZ3JBUmRvVzJ6LUxzNGk4Q215S1F2MDBEZjA2WEtUNm54YnhqTnJZTE5MYlNraTd3MXVHcjlFbnpnRkZkYTl0MUJfYjNkOERHV2pGNVJaSHVQQ0p1RXk3ZUNXLVpRaHhPMmctS2JHS3lYdjhVVTdmMDBsZ0c3bC1pNUY4TUN2WmFjM2x3UXBVTUN2UHZsNGFXVWdFM1JST2ViQjE4VEkyZmdyNDdTaG9rNE9lU1ZuMTVaWU9zeWROdDFXemdKc1drRld6SGp3bGxKZU1wN1ozUkctdG85VFFsTXl2VUFSRThhOTFEM1VoOVQwcGtHbTIyNWpR?oc=5,"Tue, 20 Sep 2016 07:00:00 GMT",Funds Society,CBMihgJBVV95cUxPWTNFc21ybzZGWDFEZ3JBUmRvVzJ6LUxzNGk4Q215S1F2MDBEZjA2WEtUNm54YnhqTnJZTE5MYlNraTd3MXVHcjlFbnpnRkZkYTl0MUJfYjNkOERHV2pGNVJaSHVQQ0p1RXk3ZUNXLVpRaHhPMmctS2JHS3lYdjhVVTdmMDBsZ0c3bC1pNUY4TUN2WmFjM2x3UXBVTUN2UHZsNGFXVWdFM1JST2ViQjE4VEkyZmdyNDdTaG9rNE9lU1ZuMTVaWU9zeWROdDFXemdKc1drRld6SGp3bGxKZU1wN1ozUkctdG85VFFsTXl2VUFSRThhOTFEM1VoOVQwcGtHbTIyNWpR,WE Family Offices and MdF Family Partners Join Forces to Support the Launch of a London-Based Independent Family Office Funds Society,4.0
,,"""Wren Investment Office"" family office investment",Wren Investment Office,A 'remarkable' year: our top 10 family office stories of 2018 - Citywire,https://news.google.com/rss/articles/CBMirAFBVV95cUxNLXdiNng2T1l5OW5USkFTeEFSZlVoQnltME14Zi1aaEtKSUJON3hCTFJTUEtEQkFCYlh2aUhaZ1hTUDRneEVfQzhnYUFRbTdkei1hSWU0SEc0azZNRE94QnROMkI2ZE5xNXdvdlZ3ZWR4WnlvMVJBUE9mX3RkbW1TQTJYV1BvU0dKZFRqX0RkT05Uc0tsd2lURU5rek1TeEhIcDNkZHpfT3RMeFZs?oc=5,https://news.google.com/rss/articles/CBMirAFBVV95cUxNLXdiNng2T1l5OW5USkFTeEFSZlVoQnltME14Zi1aaEtKSUJON3hCTFJTUEtEQkFCYlh2aUhaZ1hTUDRneEVfQzhnYUFRbTdkei1hSWU0SEc0azZNRE94QnROMkI2ZE5xNXdvdlZ3ZWR4WnlvMVJBUE9mX3RkbW1TQTJYV1BvU0dKZFRqX0RkT05Uc0tsd2lURU5rek1TeEhIcDNkZHpfT3RMeFZs?oc=5,"Thu, 16 Dec 2021 12:36:20 GMT",Citywire,CBMirAFBVV95cUxNLXdiNng2T1l5OW5USkFTeEFSZlVoQnltME14Zi1aaEtKSUJON3hCTFJTUEtEQkFCYlh2aUhaZ1hTUDRneEVfQzhnYUFRbTdkei1hSWU0SEc0azZNRE94QnROMkI2ZE5xNXdvdlZ3ZWR4WnlvMVJBUE9mX3RkbW1TQTJYV1BvU0dKZFRqX0RkT05Uc0tsd2lURU5rek1TeEhIcDNkZHpfT3RMeFZs,A 'remarkable' year: our top 10 family office stories of 2018 Citywire,5.0
