source_id,record_id,family_office_name,source_url,source_domain,source_type,source_rank,source_owner,http_ok,http_status_code,final_url,captured_at,retrieval_method,notes
fo_001_src_01,fo_001,Cat Trail Capital,https://www.cattrail.com/,cattrail.com,official_site,primary,first_party,True,200,https://www.cattrail.com/,2026-05-17,live_http_check,Official website explicitly says single-family office serving the Dekker family and describes investment management
fo_001_src_02,fo_001,Cat Trail Capital,https://www.cattrail.com/#About,cattrail.com,official_site,primary,first_party,True,200,https://www.cattrail.com/#About,2026-05-17,live_http_check,Official website explicitly says single-family office serving the Dekker family and describes investment management
fo_001_src_03,fo_001,Cat Trail Capital,https://www.cattrail.com/#Team,cattrail.com,official_site,primary,first_party,True,200,https://www.cattrail.com/#Team,2026-05-17,live_http_check,Official website explicitly says single-family office serving the Dekker family and describes investment management
fo_002_src_01,fo_002,Ralph Family Office,https://www.ralphfamilyoffice.com/,ralphfamilyoffice.com,official_site,primary,first_party,True,200,https://www.ralphfamilyoffice.com/,2026-05-17,live_http_check,Official website states it is a UK-registered private investment company operating as a dedicated single-family office and Companies House validates the legal entity
fo_002_src_02,fo_002,Ralph Family Office,https://find-and-update.company-information.service.gov.uk/company/11031775,find-and-update.company-information.service.gov.uk,registry,primary,third_party_or_regulator,True,200,https://find-and-update.company-information.service.gov.uk/company/11031775,2026-05-17,live_http_check,Official website states it is a UK-registered private investment company operating as a dedicated single-family office and Companies House validates the legal entity
fo_003_src_01,fo_003,Ohana Advisors,https://www.ohanaadvisors.com/,ohanaadvisors.com,official_site,primary,first_party,True,200,https://www.ohanaadvisors.com/,2026-05-17,live_http_check,Official disclosures page explicitly states multi-family office services and SEC registered investment adviser status
fo_003_src_02,fo_003,Ohana Advisors,https://www.ohanaadvisors.com/disclosures-form-adv,ohanaadvisors.com,official_site,primary,first_party,True,200,https://www.ohanaadvisors.com/disclosures-form-adv,2026-05-17,live_http_check,Official disclosures page explicitly states multi-family office services and SEC registered investment adviser status
fo_004_src_01,fo_004,Longwall Family Office,https://www.longwallfamilyoffice.com/,longwallfamilyoffice.com,official_site,primary,first_party,True,200,https://www.longwallfamilyoffice.com/,2026-05-17,live_http_check,Official site describes what a family office is and states Longwall offers these services
fo_004_src_02,fo_004,Longwall Family Office,https://www.longwallfamilyoffice.com/what-we-do,longwallfamilyoffice.com,official_site,primary,first_party,True,200,https://www.longwallfamilyoffice.com/what-we-do,2026-05-17,live_http_check,Official site describes what a family office is and states Longwall offers these services
fo_004_src_03,fo_004,Longwall Family Office,https://www.longwallfamilyoffice.com/disclosures,longwallfamilyoffice.com,official_site,primary,first_party,True,200,https://www.longwallfamilyoffice.com/disclosures,2026-05-17,live_http_check,Official site describes what a family office is and states Longwall offers these services
fo_005_src_01,fo_005,SJS Investment Services,https://www.sjsinvest.com/,sjsinvest.com,official_site,primary,first_party,True,200,https://www.sjsinvest.com/,2026-05-17,live_http_check,Official multi-family office page describes services threshold and family wealth use cases
fo_005_src_02,fo_005,SJS Investment Services,https://www.sjsinvest.com/multi-family-office,sjsinvest.com,official_site,primary,first_party,True,200,https://www.sjsinvest.com/multi-family-office,2026-05-17,live_http_check,Official multi-family office page describes services threshold and family wealth use cases
fo_006_src_01,fo_006,CM Wealth,https://www.cmwealthadvisors.com/,cmwealthadvisors.com,official_site,primary,first_party,True,200,https://www.cmwealthadvisors.com/,2026-05-17,live_http_check,Official site gives origin story as single-family office plus assets and service model
fo_006_src_02,fo_006,CM Wealth,https://www.cmwealthadvisors.com/services,cmwealthadvisors.com,official_site,primary,first_party,True,200,https://www.cmwealthadvisors.com/services,2026-05-17,live_http_check,Official site gives origin story as single-family office plus assets and service model
fo_006_src_03,fo_006,CM Wealth,https://www.cmwealthadvisors.com/s/2026-03-24-Form-ADV-Part-2A-Final.pdf,cmwealthadvisors.com,official_disclosure,primary,first_party,True,200,https://static1.squarespace.com/static/641f02a5dcca762202019580/t/69fb8699e5674c5aa7466597/1778091673766/2026+03-24+Form+ADV+Part+2A+Final.pdf,2026-05-17,live_http_check,Official site gives origin story as single-family office plus assets and service model
fo_007_src_01,fo_007,JFG Family Office,https://jfgfamilyoffice.com/,jfgfamilyoffice.com,official_site,primary,first_party,True,200,https://jfgfamilyoffice.com/,2026-05-17,live_http_check,Official site states single-family-office origin and current family office model
fo_007_src_02,fo_007,JFG Family Office,https://jfgfamilyoffice.com/better-way,jfgfamilyoffice.com,official_site,primary,first_party,True,200,https://jfgfamilyoffice.com/better-way,2026-05-17,live_http_check,Official site states single-family-office origin and current family office model
fo_007_src_03,fo_007,JFG Family Office,https://jfgfamilyoffice.com/pdf/JFG-Family-Office-Form-CRS.pdf,jfgfamilyoffice.com,official_disclosure,primary,first_party,True,200,https://jfgfamilyoffice.com/pdf/JFG-Family-Office-Form-CRS.pdf,2026-05-17,live_http_check,Official site states single-family-office origin and current family office model
fo_008_src_01,fo_008,Lennertz & Co.,https://www.lennertz.com/en,lennertz.com,official_site,primary,first_party,True,200,https://www.lennertz.com/en,2026-05-17,live_http_check,Official website describes owner-managed family office and family office services
fo_008_src_02,fo_008,Lennertz & Co.,https://www.lennertz.com/en#family-office,lennertz.com,official_site,primary,first_party,True,200,https://www.lennertz.com/en#family-office,2026-05-17,live_http_check,Official website describes owner-managed family office and family office services
fo_009_src_01,fo_009,Venitage,https://venitage.com/,venitage.com,official_site,primary,first_party,True,200,https://venitage.com/,2026-05-17,live_http_check,Official site describes Venitage as a Twin Cities-based multi-family office
fo_009_src_02,fo_009,Venitage,https://venitage.com/lander,venitage.com,official_site,primary,first_party,True,200,https://venitage.com/lander,2026-05-17,live_http_check,Official site describes Venitage as a Twin Cities-based multi-family office
fo_010_src_01,fo_010,Boston Multi Family Office,https://bostonmfo.com/,bostonmfo.com,official_site,primary,first_party,True,200,https://bostonmfo.com/,2026-05-17,live_http_check,Official family office service page states single-family-office origin and multi-family office model
fo_010_src_02,fo_010,Boston Multi Family Office,https://bostonmfo.com/services/family-office/,bostonmfo.com,official_site,primary,first_party,True,200,https://bostonmfo.com/services/family-office/,2026-05-17,live_http_check,Official family office service page states single-family-office origin and multi-family office model
fo_011_src_01,fo_011,The O'Donnell Group,https://www.ogwealth.com/,ogwealth.com,official_site,primary,first_party,True,200,https://www.ogwealth.com/,2026-05-17,live_http_check,Official family office services page and ADV brochure provide primary corroboration
fo_011_src_02,fo_011,The O'Donnell Group,https://www.ogwealth.com/our-services/family-office,ogwealth.com,official_site,primary,first_party,True,200,https://www.ogwealth.com/our-services/family-office,2026-05-17,live_http_check,Official family office services page and ADV brochure provide primary corroboration
fo_011_src_03,fo_011,The O'Donnell Group,https://www.ogwealth.com/s/OG-Wealth_Form-ADV-Part-2A-Chico-Wealth-RIA-INC_02-02-2026_FINAL.pdf,ogwealth.com,official_disclosure,primary,first_party,True,200,https://static1.squarespace.com/static/67c73bfcb468854016375e93/t/698cc5166e34686207aaa2c6/1770833174321/OG+Wealth_Form+ADV+Part+2A+-+Chico+Wealth+RIA+INC_02-02-2026_FINAL.pdf,2026-05-17,live_http_check,Official family office services page and ADV brochure provide primary corroboration
fo_012_src_01,fo_012,SSA Swiss Advisors AG,https://www.ssa-wa.com/,ssa-wa.com,official_site,primary,first_party,True,200,https://www.ssa-wa.com/,2026-05-17,live_http_check,Official ADV brochure states multi-family office services and SEC registration
fo_012_src_02,fo_012,SSA Swiss Advisors AG,https://www.ssa-wa.com/files/SSA-Form-ADVPart2A.pdf,ssa-wa.com,official_disclosure,primary,first_party,True,200,https://www.ssa-wa.com/files/SSA-Form-ADVPart2A.pdf,2026-05-17,live_http_check,Official ADV brochure states multi-family office services and SEC registration
fo_013_src_01,fo_013,Scott Capital Partners,https://scottcp.com/,scottcp.com,official_site,primary,first_party,True,200,https://scottcp.com/,2026-05-17,live_http_check,Official ADV brochure explicitly describes the firm as an independent multi-family office
fo_013_src_02,fo_013,Scott Capital Partners,https://scottcp.com/wp-content/uploads/2025/06/Brochure-Form-ADV-Part-2A.pdf,scottcp.com,official_disclosure,primary,first_party,True,200,https://scottcp.com/wp-content/uploads/2025/06/Brochure-Form-ADV-Part-2A.pdf,2026-05-17,live_http_check,Official ADV brochure explicitly describes the firm as an independent multi-family office
fo_014_src_01,fo_014,Third View Private Wealth,https://www.thirdviewpw.com/,thirdviewpw.com,official_site,primary,first_party,True,200,https://www.thirdviewpw.com/,2026-05-17,live_http_check,Official site and official launch release state multi-family office service model
fo_014_src_02,fo_014,Third View Private Wealth,https://www.thirdviewpw.com/our-services,thirdviewpw.com,official_site,primary,first_party,True,200,https://www.thirdviewpw.com/our-services,2026-05-17,live_http_check,Official site and official launch release state multi-family office service model
fo_014_src_03,fo_014,Third View Private Wealth,https://www.thirdviewpw.com/press/third-view-private-wealth-officially-launches-with-advisors-previously-managing-approximately-%241-billion-in-client-assets,thirdviewpw.com,official_site,primary,first_party,True,200,https://www.thirdviewpw.com/press/third-view-private-wealth-officially-launches-with-advisors-previously-managing-approximately-%241-billion-in-client-assets,2026-05-17,live_http_check,Official site and official launch release state multi-family office service model
fo_015_src_01,fo_015,Haven Private,https://www.havenprivate.com/,havenprivate.com,official_site,primary,first_party,True,200,https://www.havenprivate.com/,2026-05-17,live_http_check,Official website describes multi-family office positioning and provides team/service context
fo_015_src_02,fo_015,Haven Private,https://www.havenprivate.com/about-1,havenprivate.com,official_site,primary,first_party,True,200,https://www.havenprivate.com/about-1,2026-05-17,live_http_check,Official website describes multi-family office positioning and provides team/service context
fo_016_src_01,fo_016,PremjiInvest,https://www.premjiinvest.com/,premjiinvest.com,official_site,primary,first_party,True,200,https://www.premjiinvest.com/,2026-05-17,live_http_check,Official site purpose and team pages support investment-office identity and public family context
fo_016_src_02,fo_016,PremjiInvest,https://www.premjiinvest.com/purpose,premjiinvest.com,official_site,primary,first_party,True,200,https://www.premjiinvest.com/purpose,2026-05-17,live_http_check,Official site purpose and team pages support investment-office identity and public family context
fo_016_src_03,fo_016,PremjiInvest,https://www.premjiinvest.com/team,premjiinvest.com,official_site,primary,first_party,True,200,https://www.premjiinvest.com/team,2026-05-17,live_http_check,Official site purpose and team pages support investment-office identity and public family context
fo_017_src_01,fo_017,Wildcat Capital Management,https://www.wildcatcap.com/,wildcatcap.com,official_site,primary,first_party,True,200,https://www.wildcatcap.com/,2026-05-17,live_http_check,Official website and SEC IAPD summary replace prior directory-based validation
fo_017_src_02,fo_017,Wildcat Capital Management,https://www.wildcatcap.com/legal-notices-and-website-terms-of-use,wildcatcap.com,official_site,primary,first_party,True,200,https://www.wildcatcap.com/legal-notices-and-website-terms-of-use,2026-05-17,live_http_check,Official website and SEC IAPD summary replace prior directory-based validation
fo_017_src_03,fo_017,Wildcat Capital Management,https://adviserinfo.sec.gov/firm/summary/162178,adviserinfo.sec.gov,regulator,primary,third_party_or_regulator,True,200,https://adviserinfo.sec.gov/firm/summary/162178,2026-05-17,live_http_check,Official website and SEC IAPD summary replace prior directory-based validation
fo_018_src_01,fo_018,AT Capital Group,https://atcapital.com.sg/,atcapital.com.sg,official_site,primary,first_party,True,200,https://atcapital.com.sg/,2026-05-17,live_http_check,Official about and investment pages support family office and sector classification
fo_018_src_02,fo_018,AT Capital Group,https://atcapital.com.sg/about-us/,atcapital.com.sg,official_site,primary,first_party,True,200,https://atcapital.com.sg/about-us/,2026-05-17,live_http_check,Official about and investment pages support family office and sector classification
fo_018_src_03,fo_018,AT Capital Group,https://atcapital.com.sg/our-investments/,atcapital.com.sg,official_site,primary,first_party,True,200,https://atcapital.com.sg/our-investments/,2026-05-17,live_http_check,Official about and investment pages support family office and sector classification
fo_019_src_01,fo_019,East Rock Capital,https://eastrockcap.com/,eastrockcap.com,official_site,primary,first_party,True,200,https://eastrockcap.com/,2026-05-17,live_http_check,Official site and family-focused investment article replace directory corroboration
fo_019_src_02,fo_019,East Rock Capital,https://eastrockcap.com/public/private-markets-investing-an-alternative-approach-for-families/,eastrockcap.com,official_site,primary,first_party,True,200,https://eastrockcap.com/public/private-markets-investing-an-alternative-approach-for-families/,2026-05-17,live_http_check,Official site and family-focused investment article replace directory corroboration
fo_020_src_01,fo_020,Verlinvest,https://www.verlinvest.com/,verlinvest.com,official_site,primary,first_party,True,200,https://www.verlinvest.com/,2026-05-17,live_http_check,Official approach and team pages support investment mandate and family-backed context
fo_020_src_02,fo_020,Verlinvest,https://www.verlinvest.com/approach/,verlinvest.com,official_site,primary,first_party,True,200,https://www.verlinvest.com/approach/,2026-05-17,live_http_check,Official approach and team pages support investment mandate and family-backed context
fo_020_src_03,fo_020,Verlinvest,https://www.verlinvest.com/team/,verlinvest.com,official_site,primary,first_party,True,200,https://www.verlinvest.com/team/,2026-05-17,live_http_check,Official approach and team pages support investment mandate and family-backed context
fo_021_src_01,fo_021,Okabena Company,https://okabena.com/,okabena.com,official_site,primary,first_party,True,200,https://okabena.com/,2026-05-17,live_http_check,Official site and team page support family office identity
fo_021_src_02,fo_021,Okabena Company,https://okabena.com/team/,okabena.com,official_site,primary,first_party,True,200,https://okabena.com/team/,2026-05-17,live_http_check,Official site and team page support family office identity
fo_022_src_01,fo_022,Major Domus,https://www.mdmfo.com/public-access/about-us/,mdmfo.com,official_site,primary,first_party,True,200,https://www.mdmfo.com/public-access/about-us/,2026-05-17,live_http_check,Official about page explicitly defines the firm as a multi-family office
fo_022_src_02,fo_022,Major Domus,https://www.mdmfo.com/vip-access/?mepr-unauth-page=11739&redirect_to=%2Fvip%2Fservices-and-products%2F,mdmfo.com,official_site,primary,first_party,True,200,https://www.mdmfo.com/vip-access/?mepr-unauth-page=11739&redirect_to=%2Fvip%2Fservices-and-products%2F,2026-05-17,live_http_check,Official about page explicitly defines the firm as a multi-family office
fo_023_src_01,fo_023,Persimmon Capital Management,https://www.persimmoncapital.com/,persimmoncapital.com,official_site,primary,first_party,True,200,https://www.persimmoncapital.com/,2026-05-17,live_http_check,Official Form ADV brochure states multi-family office and investment consulting firm
fo_023_src_02,fo_023,Persimmon Capital Management,https://www.persimmoncapital.com/files/pcm_form_adv_part_2a_3-6-2026.pdf,persimmoncapital.com,official_disclosure,primary,first_party,True,200,https://www.persimmoncapital.com/files/pcm_form_adv_part_2a_3-6-2026.pdf,2026-05-17,live_http_check,Official Form ADV brochure states multi-family office and investment consulting firm
fo_024_src_01,fo_024,Cypress Point Wealth Management,https://www.cypresspointwealth.com/,cypresspointwealth.com,official_site,primary,first_party,True,200,https://www.cypresspointwealth.com/,2026-05-17,live_http_check,Official Form ADV brochure describes daily family office services for a select group of families
fo_024_src_02,fo_024,Cypress Point Wealth Management,https://www.cypresspointwealth.com/wp-content/uploads/2025/06/2025-Cypress-Point-ADV-CRS.pdf,cypresspointwealth.com,official_disclosure,primary,first_party,True,200,https://www.cypresspointwealth.com/wp-content/uploads/2025/06/2025-Cypress-Point-ADV-CRS.pdf,2026-05-17,live_http_check,Official Form ADV brochure describes daily family office services for a select group of families
fo_025_src_01,fo_025,Hamilton Gray Wealth Management,https://www.hamiltongraywealth.com/,hamiltongraywealth.com,official_site,primary,first_party,True,200,https://www.hamiltongraywealth.com/,2026-05-17,live_http_check,Official about page states multi-family office service model and links to Form ADV availability
fo_025_src_02,fo_025,Hamilton Gray Wealth Management,https://www.hamiltongraywealth.com/about-hgwm,hamiltongraywealth.com,official_site,primary,first_party,True,200,https://www.hamiltongraywealth.com/about-hgwm,2026-05-17,live_http_check,Official about page states multi-family office service model and links to Form ADV availability
fo_026_src_01,fo_026,Yamauchi No. 10 Family Office,https://y-n10.com/,y-n10.com,official_site,primary,first_party,True,200,https://y-n10.com/,2026-05-17,live_http_check,Official website and investment page support family office identity and mandate
fo_026_src_02,fo_026,Yamauchi No. 10 Family Office,https://y-n10.com/investment/,y-n10.com,official_site,primary,first_party,True,200,https://y-n10.com/investment/,2026-05-17,live_http_check,Official website and investment page support family office identity and mandate
fo_027_src_01,fo_027,Indie Asset Partners,https://indieasset.com/,indieasset.com,official_site,primary,first_party,True,200,https://indieasset.com/,2026-05-17,live_http_check,Official Form ADV brochure describes multi-family office services and capabilities
fo_027_src_02,fo_027,Indie Asset Partners,https://indieasset.com/wp-content/uploads/2019/01/Indie_Asset_Partners_LLC_ADV_Part_2A_December_2018.pdf,indieasset.com,official_disclosure,primary,first_party,True,200,https://indieasset.com/wp-content/uploads/2019/01/Indie_Asset_Partners_LLC_ADV_Part_2A_December_2018.pdf,2026-05-17,live_http_check,Official Form ADV brochure describes multi-family office services and capabilities
fo_028_src_01,fo_028,Marinya Capital,https://marinya.com.au/,marinya.com.au,official_site,primary,first_party,True,200,https://marinya.com.au/,2026-05-17,live_http_check,Official about and investment strategy pages support family investment office classification
fo_028_src_02,fo_028,Marinya Capital,https://marinya.com.au/about/,marinya.com.au,official_site,primary,first_party,True,200,https://marinya.com.au/about/,2026-05-17,live_http_check,Official about and investment strategy pages support family investment office classification
fo_028_src_03,fo_028,Marinya Capital,https://marinya.com.au/investment-strategy/,marinya.com.au,official_site,primary,first_party,True,200,https://marinya.com.au/investment-strategy/,2026-05-17,live_http_check,Official about and investment strategy pages support family investment office classification
fo_029_src_01,fo_029,Reimann Investors,https://www.reimann-investors.com/,reimann-investors.com,official_site,primary,first_party,True,200,https://www.reimann-investors.com/,2026-05-17,live_http_check,Official family office page supports family-backed investment firm classification
fo_029_src_02,fo_029,Reimann Investors,https://www.reimann-investors.com/family-office,reimann-investors.com,official_site,primary,first_party,True,200,https://www.reimann-investors.com/family-office,2026-05-17,live_http_check,Official family office page supports family-backed investment firm classification
fo_030_src_01,fo_030,Private Wealth Asset Management,https://privatewealth.com/,privatewealth.com,official_site,primary,first_party,True,200,https://privatewealth.com/,2026-05-17,live_http_check,Official site states multi-family office focus and service pages support family and institutional advisory model
fo_030_src_02,fo_030,Private Wealth Asset Management,https://privatewealth.com/who-we-serve/,privatewealth.com,official_site,primary,first_party,True,200,https://privatewealth.com/who-we-serve/,2026-05-17,live_http_check,Official site states multi-family office focus and service pages support family and institutional advisory model
fo_030_src_03,fo_030,Private Wealth Asset Management,https://privatewealth.com/wp-content/uploads/20260327-Private-Wealth-ADV-Part-2A-FINAL.pdf,privatewealth.com,official_disclosure,primary,first_party,True,200,https://privatewealth.com/wp-content/uploads/20260327-Private-Wealth-ADV-Part-2A-FINAL.pdf,2026-05-17,live_http_check,Official site states multi-family office focus and service pages support family and institutional advisory model
fo_031_src_01,fo_031,Bessemer Trust,https://www.bessemertrust.com/,bessemertrust.com,official_site,primary,first_party,True,200,https://www.bessemertrust.com/,2026-05-17,live_http_check,Official pages used for multi-family office capabilities and service validation
fo_031_src_02,fo_031,Bessemer Trust,https://www.bessemertrust.com/bessemer-experience/deep-family-office-expertise,bessemertrust.com,official_site,primary,first_party,True,200,https://www.bessemertrust.com/bessemer-experience/deep-family-office-expertise,2026-05-17,live_http_check,Official pages used for multi-family office capabilities and service validation
fo_032_src_01,fo_032,Pathstone,https://pathstone.com/,pathstone.com,official_site,primary,first_party,True,200,https://pathstone.com/,2026-05-17,live_http_check,Official site and about page used for entity and service validation
fo_032_src_02,fo_032,Pathstone,https://pathstone.com/about-us/,pathstone.com,official_site,primary,first_party,True,200,https://pathstone.com/about-us/,2026-05-17,live_http_check,Official site and about page used for entity and service validation
fo_033_src_01,fo_033,Cresset,https://cressetcapital.com/,cressetcapital.com,official_site,primary,first_party,True,200,https://cressetcapital.com/,2026-05-17,live_http_check,Official site and family office services page used for validation
fo_033_src_02,fo_033,Cresset,https://cressetcapital.com/family-office-services/,cressetcapital.com,official_site,primary,first_party,True,200,https://cressetcapital.com/family-office-services/,2026-05-17,live_http_check,Official site and family office services page used for validation
fo_034_src_01,fo_034,AlTi Tiedemann Global,https://alti-global.com/,alti-global.com,official_site,primary,first_party,True,200,https://alti-global.com/,2026-05-17,live_http_check,Official site and AlTi family office research release used for validation
fo_034_src_02,fo_034,AlTi Tiedemann Global,https://alti-global.com/news/new-family-office-research-reveals-that-cross-border-wealth-is-on-the-rise-and-defining-purpose-unlocks-next-gen-engagement,alti-global.com,official_site,primary,first_party,True,200,https://alti-global.com/new-family-office-research-reveals-that-cross-border-wealth-is-on-the-rise-and-defining-purpose-unlocks-next-gen-engagement/,2026-05-17,live_http_check,Official site and AlTi family office research release used for validation
fo_035_src_01,fo_035,WE Family Offices,https://www.wefamilyoffices.com/,wefamilyoffices.com,official_site,primary,first_party,True,200,https://www.wefamilyoffices.com/,2026-05-17,live_http_check,Official site and firm profile page used for validation
fo_035_src_02,fo_035,WE Family Offices,https://www.wefamilyoffices.com/we-family-offices/,wefamilyoffices.com,official_site,primary,first_party,True,200,https://www.wefamilyoffices.com/we-family-offices/,2026-05-17,live_http_check,Official site and firm profile page used for validation
fo_036_src_01,fo_036,Stonehage Fleming,https://www.stonehagefleming.com/,stonehagefleming.com,official_site,primary,first_party,True,200,https://www.stonehagefleming.com/,2026-05-17,live_http_check,Official site and services page used for validation
fo_036_src_02,fo_036,Stonehage Fleming,https://www.stonehagefleming.com/services/,stonehagefleming.com,official_site,primary,first_party,True,200,https://www.stonehagefleming.com/services/,2026-05-17,live_http_check,Official site and services page used for validation
fo_037_src_01,fo_037,Omnia Family Wealth,https://omniawealth.com/,omniawealth.com,official_site,primary,first_party,True,200,https://omniawealth.com/,2026-05-17,live_http_check,Official website and ADV summary page explicitly identify Omnia as a multi-family office
fo_037_src_02,fo_037,Omnia Family Wealth,https://omniawealth.com/contact/adv-summary/,omniawealth.com,official_site,primary,first_party,True,200,https://omniawealth.com/contact/adv-summary/,2026-05-17,live_http_check,Official website and ADV summary page explicitly identify Omnia as a multi-family office
fo_038_src_01,fo_038,Ballentine Partners,https://ballentinepartners.com/,ballentinepartners.com,official_site,primary,first_party,True,200,https://ballentinepartners.com/,2026-05-17,live_http_check,Official site and wealth advisory page used for validation
fo_038_src_02,fo_038,Ballentine Partners,https://ballentinepartners.com/wealth-advisory/,ballentinepartners.com,official_site,primary,first_party,True,200,https://ballentinepartners.com/wealth-advisory/,2026-05-17,live_http_check,Official site and wealth advisory page used for validation
fo_039_src_01,fo_039,TwinFocus,https://twinfocus.com/,twinfocus.com,official_site,primary,first_party,True,200,https://twinfocus.com/,2026-05-17,live_http_check,Official site and family office management page used for validation
fo_039_src_02,fo_039,TwinFocus,https://twinfocus.com/what-we-do/family-office-management/,twinfocus.com,official_site,primary,first_party,True,200,https://twinfocus.com/what-we-do/family-office-management/,2026-05-17,live_http_check,Official site and family office management page used for validation
fo_040_src_01,fo_040,Laird Norton Wetherby,https://lnwadvisors.com/,lnwadvisors.com,official_site,primary,first_party,True,200,https://lnwadvisors.com/,2026-05-17,live_http_check,Official site and integrated services page used for validation
fo_040_src_02,fo_040,Laird Norton Wetherby,https://lnwadvisors.com/integrated-services/,lnwadvisors.com,official_site,primary,first_party,True,200,https://lnwadvisors.com/integrated-services/,2026-05-17,live_http_check,Official site and integrated services page used for validation
fo_041_src_01,fo_041,Aspiriant,https://aspiriant.com/,aspiriant.com,official_site,primary,first_party,True,200,https://aspiriant.com/,2026-05-17,live_http_check,Official site and multi-family office page used for validation
fo_041_src_02,fo_041,Aspiriant,https://aspiriant.com/multi-family-office/,aspiriant.com,official_site,primary,first_party,True,200,https://aspiriant.com/multi-family-office/,2026-05-17,live_http_check,Official site and multi-family office page used for validation
fo_042_src_01,fo_042,Homrich Berg,https://hbwealth.com/,hbwealth.com,official_site,primary,first_party,True,200,https://hbwealth.com/,2026-05-17,live_http_check,Official site and HB Family Office page used for validation
fo_042_src_02,fo_042,Homrich Berg,https://homrichberg.com/our-services/family-office/,homrichberg.com,secondary_source,tertiary,third_party_or_regulator,True,200,https://hbwealth.com/our-services/family-office/,2026-05-17,live_http_check,Official site and HB Family Office page used for validation
fo_043_src_01,fo_043,Tolleson Wealth Management,https://www.tollesonwealth.com/,tollesonwealth.com,official_site,primary,first_party,True,200,https://www.tollesonwealth.com/,2026-05-17,live_http_check,Official site and services page used for validation
fo_043_src_02,fo_043,Tolleson Wealth Management,https://www.tollesonwealth.com/services/,tollesonwealth.com,official_site,primary,first_party,True,200,https://www.tollesonwealth.com/services/,2026-05-17,live_http_check,Official site and services page used for validation
fo_044_src_01,fo_044,Greycourt,https://www.greycourt.com/,greycourt.com,official_site,primary,first_party,True,200,https://www.greycourt.com/,2026-05-17,live_http_check,Official site and expertise page used for validation
fo_044_src_02,fo_044,Greycourt,https://www.greycourt.com/expertise/,greycourt.com,official_site,primary,first_party,True,200,https://www.greycourt.com/expertise/,2026-05-17,live_http_check,Official site and expertise page used for validation
fo_045_src_01,fo_045,Matter Family Office,https://www.matterfamilyoffice.com/,matterfamilyoffice.com,official_site,primary,first_party,True,200,https://www.matterfamilyoffice.com/,2026-05-17,live_http_check,Official site and services page used for validation
fo_045_src_02,fo_045,Matter Family Office,https://www.matterfamilyoffice.com/what-we-do/,matterfamilyoffice.com,official_site,primary,first_party,True,200,https://www.matterfamilyoffice.com/what-we-do/,2026-05-17,live_http_check,Official site and services page used for validation
fo_046_src_01,fo_046,Fiduciary Trust International,https://www.fiduciarytrust.com/,fiduciarytrust.com,official_site,primary,first_party,True,200,https://www.fiduciarytrust.com/,2026-05-17,live_http_check,Official site and family office services page used for validation
fo_046_src_02,fo_046,Fiduciary Trust International,https://www.fiduciarytrust.com/services/family-office-services,fiduciarytrust.com,official_site,primary,first_party,True,200,https://www.fiduciarytrust.com/services/family-office-services,2026-05-17,live_http_check,Official site and family office services page used for validation
fo_047_src_01,fo_047,Cerity Partners,https://ceritypartners.com/,ceritypartners.com,official_site,primary,first_party,True,200,https://ceritypartners.com/,2026-05-17,live_http_check,Official site and family office page used for validation
fo_047_src_02,fo_047,Cerity Partners,https://ceritypartners.com/individuals-and-families/family-office/,ceritypartners.com,official_site,primary,first_party,True,200,https://ceritypartners.com/individuals-and-families/family-office/,2026-05-17,live_http_check,Official site and family office page used for validation
fo_048_src_01,fo_048,Whittier Trust,https://www.whittiertrust.com/,whittiertrust.com,official_site,primary,first_party,True,200,https://www.whittiertrust.com/,2026-05-17,live_http_check,Official site and family office page used for validation
fo_048_src_02,fo_048,Whittier Trust,https://www.whittiertrust.com/family-office/,whittiertrust.com,official_site,primary,first_party,True,200,https://www.whittiertrust.com/family-office/,2026-05-17,live_http_check,Official site and family office page used for validation
fo_049_src_01,fo_049,Silvercrest Asset Management,https://www.silvercrestgroup.com/,silvercrestgroup.com,official_site,primary,first_party,True,200,https://www.silvercrestgroup.com/,2026-05-17,live_http_check,Official site and individuals and families page used for validation
fo_049_src_02,fo_049,Silvercrest Asset Management,https://www.silvercrestgroup.com/who-we-serve/individuals-and-families/,silvercrestgroup.com,official_site,primary,first_party,True,200,https://www.silvercrestgroup.com/who-we-serve/individuals-and-families/,2026-05-17,live_http_check,Official site and individuals and families page used for validation
fo_050_src_01,fo_050,Wren Investment Office,https://www.wreninvestmentoffice.com/,wreninvestmentoffice.com,official_site,primary,first_party,True,200,https://www.wreninvestmentoffice.com/,2026-05-17,live_http_check,Official site and services page used for validation
fo_050_src_02,fo_050,Wren Investment Office,https://www.wreninvestmentoffice.com/services,wreninvestmentoffice.com,official_site,primary,first_party,True,200,https://www.wreninvestmentoffice.com/services,2026-05-17,live_http_check,Official site and services page used for validation
fo_001_audit_src_001,fo_001,Cat Trail Capital,https://www.linkedin.com/company/cattrail-capital-llc,linkedin.com,linkedin,corroborating,third_party_or_regulator,,,https://www.linkedin.com/company/cattrail-capital-llc,2026-05-18,field_evidence_reference_registry_backfill,Backfilled so field_evidence source reference fo_001_augmented_corporate_linkedin_url is represented in the registry.
fo_001_audit_src_002,fo_001,Cat Trail Capital,data/evidence/sec_iapd_2026_05_17/fo_001.json,,local_evidence_artifact,primary_or_audit_artifact,local_artifact,,,data/evidence/sec_iapd_2026_05_17/fo_001.json,2026-05-18,field_evidence_reference_registry_backfill,Backfilled so field_evidence source reference fo_001_augmented_sec_registered is represented in the registry.
fo_001_audit_src_003,fo_001,Cat Trail Capital,reports/methodology_summary.md,,methodology_or_report,primary_or_audit_artifact,local_artifact,,,reports/methodology_summary.md,2026-05-18,field_evidence_reference_registry_backfill,Backfilled so field_evidence source reference fo_001_augmented_recent_activity_type is represented in the registry.
fo_002_audit_src_004,fo_002,Ralph Family Office,data/evidence/sec_iapd_2026_05_17/fo_002.json,,local_evidence_artifact,primary_or_audit_artifact,local_artifact,,,data/evidence/sec_iapd_2026_05_17/fo_002.json,2026-05-18,field_evidence_reference_registry_backfill,Backfilled so field_evidence source reference fo_002_augmented_sec_registered is represented in the registry.
fo_002_audit_src_005,fo_002,Ralph Family Office,reports/methodology_summary.md,,methodology_or_report,primary_or_audit_artifact,local_artifact,,,reports/methodology_summary.md,2026-05-18,field_evidence_reference_registry_backfill,Backfilled so field_evidence source reference fo_002_augmented_recent_activity_type is represented in the registry.
fo_003_audit_src_006,fo_003,Ohana Advisors,https://www.linkedin.com/company/ohana-advisors-llc,linkedin.com,linkedin,corroborating,third_party_or_regulator,,,https://www.linkedin.com/company/ohana-advisors-llc,2026-05-18,field_evidence_reference_registry_backfill,Backfilled so field_evidence source reference fo_003_augmented_corporate_linkedin_url is represented in the registry.
fo_003_audit_src_007,fo_003,Ohana Advisors,https://www.google.com/maps/search/?api=1&query=OHANA%20ADVISORS&query_place_id=ChIJde2t_4SXhYARZwKntoIpvtY,google.com,google_or_news,corroborating,third_party_or_regulator,,,https://www.google.com/maps/search/?api=1&query=OHANA%20ADVISORS&query_place_id=ChIJde2t_4SXhYARZwKntoIpvtY,2026-05-18,field_evidence_reference_registry_backfill,Backfilled so field_evidence source reference fo_003_augmented_google_places_phone is represented in the registry.
fo_003_audit_src_008,fo_003,Ohana Advisors,https://adviserinfo.sec.gov/firm/summary/158515,adviserinfo.sec.gov,regulator,primary_or_audit_artifact,third_party_or_regulator,,,https://adviserinfo.sec.gov/firm/summary/158515,2026-05-18,field_evidence_reference_registry_backfill,Backfilled so field_evidence source reference fo_003_augmented_sec_crd_number is represented in the registry.
fo_003_audit_src_009,fo_003,Ohana Advisors,https://reports.adviserinfo.sec.gov/reports/ADV/158515/PDF/158515.pdf,reports.adviserinfo.sec.gov,regulator,primary_or_audit_artifact,third_party_or_regulator,,,https://reports.adviserinfo.sec.gov/reports/ADV/158515/PDF/158515.pdf,2026-05-18,field_evidence_reference_registry_backfill,Backfilled so field_evidence source reference fo_003_augmented_sec_aum_usd is represented in the registry.
fo_003_audit_src_010,fo_003,Ohana Advisors,reports/methodology_summary.md,,methodology_or_report,primary_or_audit_artifact,local_artifact,,,reports/methodology_summary.md,2026-05-18,field_evidence_reference_registry_backfill,Backfilled so field_evidence source reference fo_003_augmented_recent_activity_type is represented in the registry.
fo_004_audit_src_011,fo_004,Longwall Family Office,https://www.linkedin.com/company/longwall-family-office,linkedin.com,linkedin,corroborating,third_party_or_regulator,,,https://www.linkedin.com/company/longwall-family-office,2026-05-18,field_evidence_reference_registry_backfill,Backfilled so field_evidence source reference fo_004_augmented_corporate_linkedin_url is represented in the registry.
fo_004_audit_src_012,fo_004,Longwall Family Office,https://adviserinfo.sec.gov/firm/summary/324336,adviserinfo.sec.gov,regulator,primary_or_audit_artifact,third_party_or_regulator,,,https://adviserinfo.sec.gov/firm/summary/324336,2026-05-18,field_evidence_reference_registry_backfill,Backfilled so field_evidence source reference fo_004_augmented_sec_crd_number is represented in the registry.
fo_004_audit_src_013,fo_004,Longwall Family Office,https://reports.adviserinfo.sec.gov/reports/ADV/324336/PDF/324336.pdf,reports.adviserinfo.sec.gov,regulator,primary_or_audit_artifact,third_party_or_regulator,,,https://reports.adviserinfo.sec.gov/reports/ADV/324336/PDF/324336.pdf,2026-05-18,field_evidence_reference_registry_backfill,Backfilled so field_evidence source reference fo_004_augmented_sec_aum_usd is represented in the registry.
fo_004_audit_src_014,fo_004,Longwall Family Office,reports/methodology_summary.md,,methodology_or_report,primary_or_audit_artifact,local_artifact,,,reports/methodology_summary.md,2026-05-18,field_evidence_reference_registry_backfill,Backfilled so field_evidence source reference fo_004_augmented_recent_activity_type is represented in the registry.
fo_005_audit_src_015,fo_005,SJS Investment Services,https://www.linkedin.com/company/sjs-investment-services,linkedin.com,linkedin,corroborating,third_party_or_regulator,,,https://www.linkedin.com/company/sjs-investment-services,2026-05-18,field_evidence_reference_registry_backfill,Backfilled so field_evidence source reference fo_005_augmented_corporate_linkedin_url is represented in the registry.
fo_005_audit_src_016,fo_005,SJS Investment Services,https://www.google.com/maps/search/?api=1&query=SJS%20Investment%20Services&query_place_id=ChIJlfWhPbF9PIgR0y-vmyIszuo,google.com,google_or_news,corroborating,third_party_or_regulator,,,https://www.google.com/maps/search/?api=1&query=SJS%20Investment%20Services&query_place_id=ChIJlfWhPbF9PIgR0y-vmyIszuo,2026-05-18,field_evidence_reference_registry_backfill,Backfilled so field_evidence source reference fo_005_augmented_google_places_phone is represented in the registry.
fo_005_audit_src_017,fo_005,SJS Investment Services,https://adviserinfo.sec.gov/firm/summary/107219,adviserinfo.sec.gov,regulator,primary_or_audit_artifact,third_party_or_regulator,,,https://adviserinfo.sec.gov/firm/summary/107219,2026-05-18,field_evidence_reference_registry_backfill,Backfilled so field_evidence source reference fo_005_augmented_sec_crd_number is represented in the registry.
fo_005_audit_src_018,fo_005,SJS Investment Services,https://reports.adviserinfo.sec.gov/reports/ADV/107219/PDF/107219.pdf,reports.adviserinfo.sec.gov,regulator,primary_or_audit_artifact,third_party_or_regulator,,,https://reports.adviserinfo.sec.gov/reports/ADV/107219/PDF/107219.pdf,2026-05-18,field_evidence_reference_registry_backfill,Backfilled so field_evidence source reference fo_005_augmented_sec_aum_usd is represented in the registry.
fo_005_audit_src_019,fo_005,SJS Investment Services,reports/methodology_summary.md,,methodology_or_report,primary_or_audit_artifact,local_artifact,,,reports/methodology_summary.md,2026-05-18,field_evidence_reference_registry_backfill,Backfilled so field_evidence source reference fo_005_augmented_recent_activity_type is represented in the registry.
fo_006_audit_src_020,fo_006,CM Wealth,https://www.google.com/maps/search/?api=1&query=CM%20Wealth%20Advisors&query_place_id=ChIJceWAEiIDMYgRpoaJ5KsqrKM,google.com,google_or_news,corroborating,third_party_or_regulator,,,https://www.google.com/maps/search/?api=1&query=CM%20Wealth%20Advisors&query_place_id=ChIJceWAEiIDMYgRpoaJ5KsqrKM,2026-05-18,field_evidence_reference_registry_backfill,Backfilled so field_evidence source reference fo_006_augmented_google_places_phone is represented in the registry.
fo_006_audit_src_021,fo_006,CM Wealth,https://adviserinfo.sec.gov/firm/summary/119467,adviserinfo.sec.gov,regulator,primary_or_audit_artifact,third_party_or_regulator,,,https://adviserinfo.sec.gov/firm/summary/119467,2026-05-18,field_evidence_reference_registry_backfill,Backfilled so field_evidence source reference fo_006_augmented_sec_crd_number is represented in the registry.
fo_006_audit_src_022,fo_006,CM Wealth,https://reports.adviserinfo.sec.gov/reports/ADV/119467/PDF/119467.pdf,reports.adviserinfo.sec.gov,regulator,primary_or_audit_artifact,third_party_or_regulator,,,https://reports.adviserinfo.sec.gov/reports/ADV/119467/PDF/119467.pdf,2026-05-18,field_evidence_reference_registry_backfill,Backfilled so field_evidence source reference fo_006_augmented_sec_aum_usd is represented in the registry.
fo_006_audit_src_023,fo_006,CM Wealth,https://news.google.com/rss/articles/CBMiqgFBVV95cUxPQVRCR0d1dVRXNmVUVlVJUk44aHpyc3ppV0NnVURhb25FMGVHa0hmRFZfcEsxaTNodlVhSkx1c3R4UUdXTlB0akR2eWxwRHg0N2NYYlo1dmVLaEtaTkRPbGNKdFpiNE1GTG9EOUs1a2xpYU1mUTBMckxMUkNzWm40aTMwMm9wVEpRVndGYWJMX0tGSlVPUDc0bjJ2Nng2eGl2eWVlQV9TOUxJUdIBrwFBVV95cUxQX29tWHNLLUJrbmlKel9JUnhYejd4M2l4eUR1ZDNRTGlDdmtVVF9tMThnVVFNUW81NXBtaGxWMDl3OFh0M2h3LWZyUloyQTZFcGR2a0dHdEtuc1lKVm1aZjVYajVFSVNITFlWeVhFNmZrRE1wZE8yS0RBODU1SXVsb1hMNzZhV3ZRcldiZFJrZmJRSDgxNUZ4cDZvb0VvQkVxMXpsclVIZTJKTmlBWnNZ?oc=5,news.google.com,google_or_news,corroborating,third_party_or_regulator,,,https://news.google.com/rss/articles/CBMiqgFBVV95cUxPQVRCR0d1dVRXNmVUVlVJUk44aHpyc3ppV0NnVURhb25FMGVHa0hmRFZfcEsxaTNodlVhSkx1c3R4UUdXTlB0akR2eWxwRHg0N2NYYlo1dmVLaEtaTkRPbGNKdFpiNE1GTG9EOUs1a2xpYU1mUTBMckxMUkNzWm40aTMwMm9wVEpRVndGYWJMX0tGSlVPUDc0bjJ2Nng2eGl2eWVlQV9TOUxJUdIBrwFBVV95cUxQX29tWHNLLUJrbmlKel9JUnhYejd4M2l4eUR1ZDNRTGlDdmtVVF9tMThnVVFNUW81NXBtaGxWMDl3OFh0M2h3LWZyUloyQTZFcGR2a0dHdEtuc1lKVm1aZjVYajVFSVNITFlWeVhFNmZrRE1wZE8yS0RBODU1SXVsb1hMNzZhV3ZRcldiZFJrZmJRSDgxNUZ4cDZvb0VvQkVxMXpsclVIZTJKTmlBWnNZ?oc=5,2026-05-18,field_evidence_reference_registry_backfill,Backfilled so field_evidence source reference fo_006_augmented_recent_activity is represented in the registry.
fo_006_audit_src_024,fo_006,CM Wealth,reports/methodology_summary.md,,methodology_or_report,primary_or_audit_artifact,local_artifact,,,reports/methodology_summary.md,2026-05-18,field_evidence_reference_registry_backfill,Backfilled so field_evidence source reference fo_006_augmented_data_completion_score_text is represented in the registry.
fo_007_audit_src_025,fo_007,JFG Family Office,https://adviserinfo.sec.gov/firm/summary/125101,adviserinfo.sec.gov,regulator,primary_or_audit_artifact,third_party_or_regulator,,,https://adviserinfo.sec.gov/firm/summary/125101,2026-05-18,field_evidence_reference_registry_backfill,Backfilled so field_evidence source reference fo_007_augmented_sec_crd_number is represented in the registry.
fo_007_audit_src_026,fo_007,JFG Family Office,https://reports.adviserinfo.sec.gov/reports/ADV/125101/PDF/125101.pdf,reports.adviserinfo.sec.gov,regulator,primary_or_audit_artifact,third_party_or_regulator,,,https://reports.adviserinfo.sec.gov/reports/ADV/125101/PDF/125101.pdf,2026-05-18,field_evidence_reference_registry_backfill,Backfilled so field_evidence source reference fo_007_augmented_sec_aum_usd is represented in the registry.
fo_007_audit_src_027,fo_007,JFG Family Office,"https://jfgfamilyoffice.com/bio/brandon-c-johnson,-cfa",jfgfamilyoffice.com,official_site,primary_or_audit_artifact,first_party,,,"https://jfgfamilyoffice.com/bio/brandon-c-johnson,-cfa",2026-05-18,field_evidence_reference_registry_backfill,Backfilled so field_evidence source reference fo_007_augmented_principal_1_name is represented in the registry.
fo_007_audit_src_028,fo_007,JFG Family Office,"https://jfgfamilyoffice.com/bio/wendy-m-johnson,-esq",jfgfamilyoffice.com,official_site,primary_or_audit_artifact,first_party,,,"https://jfgfamilyoffice.com/bio/wendy-m-johnson,-esq",2026-05-18,field_evidence_reference_registry_backfill,Backfilled so field_evidence source reference fo_007_augmented_principal_2_name is represented in the registry.
fo_007_audit_src_029,fo_007,JFG Family Office,https://jfgfamilyoffice.com/bio/bert-w-williams,jfgfamilyoffice.com,official_site,primary_or_audit_artifact,first_party,,,https://jfgfamilyoffice.com/bio/bert-w-williams,2026-05-18,field_evidence_reference_registry_backfill,Backfilled so field_evidence source reference fo_007_augmented_principal_3_name is represented in the registry.
fo_007_audit_src_030,fo_007,JFG Family Office,https://news.google.com/rss/articles/CBMiogFBVV95cUxORW02WHh2Q3NSd0RoUjhTSW5VMXExZGJVeG1IdTdxWldLUjhyQmZETEhpUExObmN3V0lLMXpmSkE5YmVJNVZRZ0RSems0MkJGYnRyTURQd3RCMnpRNmlrNHNod1cwclVPM1NlNHl1Z2ZSLUlJQTB2bGppMGplbEhVZTlGemdEcjRUc2F1ZzBJUmhpOTdzT0ZSWFVjOGxZS1JJcHc?oc=5,news.google.com,google_or_news,corroborating,third_party_or_regulator,,,https://news.google.com/rss/articles/CBMiogFBVV95cUxORW02WHh2Q3NSd0RoUjhTSW5VMXExZGJVeG1IdTdxWldLUjhyQmZETEhpUExObmN3V0lLMXpmSkE5YmVJNVZRZ0RSems0MkJGYnRyTURQd3RCMnpRNmlrNHNod1cwclVPM1NlNHl1Z2ZSLUlJQTB2bGppMGplbEhVZTlGemdEcjRUc2F1ZzBJUmhpOTdzT0ZSWFVjOGxZS1JJcHc?oc=5,2026-05-18,field_evidence_reference_registry_backfill,Backfilled so field_evidence source reference fo_007_augmented_recent_activity is represented in the registry.
fo_007_audit_src_031,fo_007,JFG Family Office,reports/methodology_summary.md,,methodology_or_report,primary_or_audit_artifact,local_artifact,,,reports/methodology_summary.md,2026-05-18,field_evidence_reference_registry_backfill,Backfilled so field_evidence source reference fo_007_augmented_data_completion_score_text is represented in the registry.
fo_008_audit_src_032,fo_008,Lennertz & Co.,data/evidence/sec_iapd_2026_05_17/fo_008.json,,local_evidence_artifact,primary_or_audit_artifact,local_artifact,,,data/evidence/sec_iapd_2026_05_17/fo_008.json,2026-05-18,field_evidence_reference_registry_backfill,Backfilled so field_evidence source reference fo_008_augmented_sec_registered is represented in the registry.
fo_008_audit_src_033,fo_008,Lennertz & Co.,reports/methodology_summary.md,,methodology_or_report,primary_or_audit_artifact,local_artifact,,,reports/methodology_summary.md,2026-05-18,field_evidence_reference_registry_backfill,Backfilled so field_evidence source reference fo_008_augmented_recent_activity_type is represented in the registry.
fo_009_audit_src_034,fo_009,Venitage,https://adviserinfo.sec.gov/firm/summary/295330,adviserinfo.sec.gov,regulator,primary_or_audit_artifact,third_party_or_regulator,,,https://adviserinfo.sec.gov/firm/summary/295330,2026-05-18,field_evidence_reference_registry_backfill,Backfilled so field_evidence source reference fo_009_augmented_sec_crd_number is represented in the registry.
fo_009_audit_src_035,fo_009,Venitage,https://reports.adviserinfo.sec.gov/reports/ADV/295330/PDF/295330.pdf,reports.adviserinfo.sec.gov,regulator,primary_or_audit_artifact,third_party_or_regulator,,,https://reports.adviserinfo.sec.gov/reports/ADV/295330/PDF/295330.pdf,2026-05-18,field_evidence_reference_registry_backfill,Backfilled so field_evidence source reference fo_009_augmented_sec_fee_structure is represented in the registry.
fo_009_audit_src_036,fo_009,Venitage,reports/methodology_summary.md,,methodology_or_report,primary_or_audit_artifact,local_artifact,,,reports/methodology_summary.md,2026-05-18,field_evidence_reference_registry_backfill,Backfilled so field_evidence source reference fo_009_augmented_recent_activity_type is represented in the registry.
fo_010_audit_src_037,fo_010,Boston Multi Family Office,https://www.linkedin.com/company/boston-group-ltd,linkedin.com,linkedin,corroborating,third_party_or_regulator,,,https://www.linkedin.com/company/boston-group-ltd,2026-05-18,field_evidence_reference_registry_backfill,Backfilled so field_evidence source reference fo_010_augmented_corporate_linkedin_url is represented in the registry.
fo_010_audit_src_038,fo_010,Boston Multi Family Office,https://www.google.com/maps/search/?api=1&query=Boston%20Multi%20Family%20Office%20(Isle%20of%20Man)&query_place_id=ChIJKxBDlRaFY0gRR9IAhK_ME3M,google.com,google_or_news,corroborating,third_party_or_regulator,,,https://www.google.com/maps/search/?api=1&query=Boston%20Multi%20Family%20Office%20(Isle%20of%20Man)&query_place_id=ChIJKxBDlRaFY0gRR9IAhK_ME3M,2026-05-18,field_evidence_reference_registry_backfill,Backfilled so field_evidence source reference fo_010_augmented_google_places_phone is represented in the registry.
fo_010_audit_src_039,fo_010,Boston Multi Family Office,https://adviserinfo.sec.gov/firm/summary/107141,adviserinfo.sec.gov,regulator,primary_or_audit_artifact,third_party_or_regulator,,,https://adviserinfo.sec.gov/firm/summary/107141,2026-05-18,field_evidence_reference_registry_backfill,Backfilled so field_evidence source reference fo_010_augmented_sec_crd_number is represented in the registry.
fo_010_audit_src_040,fo_010,Boston Multi Family Office,https://reports.adviserinfo.sec.gov/reports/ADV/107141/PDF/107141.pdf,reports.adviserinfo.sec.gov,regulator,primary_or_audit_artifact,third_party_or_regulator,,,https://reports.adviserinfo.sec.gov/reports/ADV/107141/PDF/107141.pdf,2026-05-18,field_evidence_reference_registry_backfill,Backfilled so field_evidence source reference fo_010_augmented_sec_aum_usd is represented in the registry.
fo_010_audit_src_041,fo_010,Boston Multi Family Office,https://news.google.com/rss/articles/CBMikAFBVV95cUxOcEtST2JFMTU4N256bUcxUFlEWDNQNFdoLWxZY0pjRXI0T19LS1JIRUZCcFp3V2ZLMGhnTnNjUFBwNUprTkg2aWtabDJ2UVlUZWpNNEgyaldEcS1fRVJvSUFaZW5SckE2TnR6ZldZT3Z2UFFuNVpVSzZRMVFjLUhYU0ZRUXhwMnNybTlhaFBsUFo?oc=5,news.google.com,google_or_news,corroborating,third_party_or_regulator,,,https://news.google.com/rss/articles/CBMikAFBVV95cUxOcEtST2JFMTU4N256bUcxUFlEWDNQNFdoLWxZY0pjRXI0T19LS1JIRUZCcFp3V2ZLMGhnTnNjUFBwNUprTkg2aWtabDJ2UVlUZWpNNEgyaldEcS1fRVJvSUFaZW5SckE2TnR6ZldZT3Z2UFFuNVpVSzZRMVFjLUhYU0ZRUXhwMnNybTlhaFBsUFo?oc=5,2026-05-18,field_evidence_reference_registry_backfill,Backfilled so field_evidence source reference fo_010_augmented_recent_activity is represented in the registry.
fo_010_audit_src_042,fo_010,Boston Multi Family Office,reports/methodology_summary.md,,methodology_or_report,primary_or_audit_artifact,local_artifact,,,reports/methodology_summary.md,2026-05-18,field_evidence_reference_registry_backfill,Backfilled so field_evidence source reference fo_010_augmented_data_completion_score_text is represented in the registry.
fo_011_audit_src_043,fo_011,The O'Donnell Group,https://www.google.com/maps/search/?api=1&query=OG%20Private%20Wealth&query_place_id=ChIJrb3Yc_gng4ARIFaoFuwR3zU,google.com,google_or_news,corroborating,third_party_or_regulator,,,https://www.google.com/maps/search/?api=1&query=OG%20Private%20Wealth&query_place_id=ChIJrb3Yc_gng4ARIFaoFuwR3zU,2026-05-18,field_evidence_reference_registry_backfill,Backfilled so field_evidence source reference fo_011_augmented_google_places_phone is represented in the registry.
fo_011_audit_src_044,fo_011,The O'Donnell Group,https://adviserinfo.sec.gov/firm/summary/162562,adviserinfo.sec.gov,regulator,primary_or_audit_artifact,third_party_or_regulator,,,https://adviserinfo.sec.gov/firm/summary/162562,2026-05-18,field_evidence_reference_registry_backfill,Backfilled so field_evidence source reference fo_011_augmented_sec_crd_number is represented in the registry.
fo_011_audit_src_045,fo_011,The O'Donnell Group,https://reports.adviserinfo.sec.gov/reports/ADV/162562/PDF/162562.pdf,reports.adviserinfo.sec.gov,regulator,primary_or_audit_artifact,third_party_or_regulator,,,https://reports.adviserinfo.sec.gov/reports/ADV/162562/PDF/162562.pdf,2026-05-18,field_evidence_reference_registry_backfill,Backfilled so field_evidence source reference fo_011_augmented_sec_aum_usd is represented in the registry.
fo_011_audit_src_046,fo_011,The O'Donnell Group,reports/methodology_summary.md,,methodology_or_report,primary_or_audit_artifact,local_artifact,,,reports/methodology_summary.md,2026-05-18,field_evidence_reference_registry_backfill,Backfilled so field_evidence source reference fo_011_augmented_recent_activity_type is represented in the registry.
fo_012_audit_src_047,fo_012,SSA Swiss Advisors AG,https://adviserinfo.sec.gov/firm/summary/161357,adviserinfo.sec.gov,regulator,primary_or_audit_artifact,third_party_or_regulator,,,https://adviserinfo.sec.gov/firm/summary/161357,2026-05-18,field_evidence_reference_registry_backfill,Backfilled so field_evidence source reference fo_012_augmented_sec_crd_number is represented in the registry.
fo_012_audit_src_048,fo_012,SSA Swiss Advisors AG,https://reports.adviserinfo.sec.gov/reports/ADV/161357/PDF/161357.pdf,reports.adviserinfo.sec.gov,regulator,primary_or_audit_artifact,third_party_or_regulator,,,https://reports.adviserinfo.sec.gov/reports/ADV/161357/PDF/161357.pdf,2026-05-18,field_evidence_reference_registry_backfill,Backfilled so field_evidence source reference fo_012_augmented_sec_aum_usd is represented in the registry.
fo_012_audit_src_049,fo_012,SSA Swiss Advisors AG,reports/methodology_summary.md,,methodology_or_report,primary_or_audit_artifact,local_artifact,,,reports/methodology_summary.md,2026-05-18,field_evidence_reference_registry_backfill,Backfilled so field_evidence source reference fo_012_augmented_recent_activity_type is represented in the registry.
fo_013_audit_src_050,fo_013,Scott Capital Partners,https://www.linkedin.com/company/scott-capital-partners-llp,linkedin.com,linkedin,corroborating,third_party_or_regulator,,,https://www.linkedin.com/company/scott-capital-partners-llp,2026-05-18,field_evidence_reference_registry_backfill,Backfilled so field_evidence source reference fo_013_augmented_linkedin_employee_count is represented in the registry.
fo_013_audit_src_051,fo_013,Scott Capital Partners,https://adviserinfo.sec.gov/firm/summary/332026,adviserinfo.sec.gov,regulator,primary_or_audit_artifact,third_party_or_regulator,,,https://adviserinfo.sec.gov/firm/summary/332026,2026-05-18,field_evidence_reference_registry_backfill,Backfilled so field_evidence source reference fo_013_augmented_sec_crd_number is represented in the registry.
fo_013_audit_src_052,fo_013,Scott Capital Partners,https://reports.adviserinfo.sec.gov/reports/ADV/332026/PDF/332026.pdf,reports.adviserinfo.sec.gov,regulator,primary_or_audit_artifact,third_party_or_regulator,,,https://reports.adviserinfo.sec.gov/reports/ADV/332026/PDF/332026.pdf,2026-05-18,field_evidence_reference_registry_backfill,Backfilled so field_evidence source reference fo_013_augmented_sec_aum_usd is represented in the registry.
fo_013_audit_src_053,fo_013,Scott Capital Partners,https://news.google.com/rss/articles/CBMi0gFBVV95cUxQZXA1N2xUQS05Q1NWcHJjNkc1a2dTZE8tazBXOTREaXhlTjFsakU5RTd2NFZtaXo3QjVpdTE2V3FrRTEyMFVBUndLRWEtZFBSNnB0Qk1ybGpOcmFab1c0Z0czOWZKbjR0SXZqc2Via0l1YXhrNThIWi05Tk5OYVNXU2RGeHlTMTlCOU9hMjJxdm1OdVBaM0tScGRaSnNHMXdpczBGalhUY3pEWkFkQWptNXc2OVNEaWYxd2hXaTV5TUlGMFlDWTY4QjZJYzN5ZEU0UXc?oc=5,news.google.com,google_or_news,corroborating,third_party_or_regulator,,,https://news.google.com/rss/articles/CBMi0gFBVV95cUxQZXA1N2xUQS05Q1NWcHJjNkc1a2dTZE8tazBXOTREaXhlTjFsakU5RTd2NFZtaXo3QjVpdTE2V3FrRTEyMFVBUndLRWEtZFBSNnB0Qk1ybGpOcmFab1c0Z0czOWZKbjR0SXZqc2Via0l1YXhrNThIWi05Tk5OYVNXU2RGeHlTMTlCOU9hMjJxdm1OdVBaM0tScGRaSnNHMXdpczBGalhUY3pEWkFkQWptNXc2OVNEaWYxd2hXaTV5TUlGMFlDWTY4QjZJYzN5ZEU0UXc?oc=5,2026-05-18,field_evidence_reference_registry_backfill,Backfilled so field_evidence source reference fo_013_augmented_recent_activity is represented in the registry.
fo_013_audit_src_054,fo_013,Scott Capital Partners,reports/methodology_summary.md,,methodology_or_report,primary_or_audit_artifact,local_artifact,,,reports/methodology_summary.md,2026-05-18,field_evidence_reference_registry_backfill,Backfilled so field_evidence source reference fo_013_augmented_data_completion_score_text is represented in the registry.
fo_014_audit_src_055,fo_014,Third View Private Wealth,https://www.linkedin.com/company/third-view-private-wealth,linkedin.com,linkedin,corroborating,third_party_or_regulator,,,https://www.linkedin.com/company/third-view-private-wealth,2026-05-18,field_evidence_reference_registry_backfill,Backfilled so field_evidence source reference fo_014_augmented_linkedin_employee_count is represented in the registry.
fo_014_audit_src_056,fo_014,Third View Private Wealth,https://www.google.com/maps/search/?api=1&query=Third%20View%20Private%20Wealth&query_place_id=ChIJMcIc9v0b6IkRypK349brnU8,google.com,google_or_news,corroborating,third_party_or_regulator,,,https://www.google.com/maps/search/?api=1&query=Third%20View%20Private%20Wealth&query_place_id=ChIJMcIc9v0b6IkRypK349brnU8,2026-05-18,field_evidence_reference_registry_backfill,Backfilled so field_evidence source reference fo_014_augmented_google_places_phone is represented in the registry.
fo_014_audit_src_057,fo_014,Third View Private Wealth,https://adviserinfo.sec.gov/firm/summary/335591,adviserinfo.sec.gov,regulator,primary_or_audit_artifact,third_party_or_regulator,,,https://adviserinfo.sec.gov/firm/summary/335591,2026-05-18,field_evidence_reference_registry_backfill,Backfilled so field_evidence source reference fo_014_augmented_sec_crd_number is represented in the registry.
fo_014_audit_src_058,fo_014,Third View Private Wealth,https://reports.adviserinfo.sec.gov/reports/ADV/335591/PDF/335591.pdf,reports.adviserinfo.sec.gov,regulator,primary_or_audit_artifact,third_party_or_regulator,,,https://reports.adviserinfo.sec.gov/reports/ADV/335591/PDF/335591.pdf,2026-05-18,field_evidence_reference_registry_backfill,Backfilled so field_evidence source reference fo_014_augmented_sec_aum_usd is represented in the registry.
fo_014_audit_src_059,fo_014,Third View Private Wealth,https://news.google.com/rss/articles/CBMijAJBVV95cUxQcVVPTGtaNUxuTzh2VDJ3VnMwTFM0bnU2YnhBWVNVdEljb2lBVDhuUHEyWHg4R3BaRDhEQUFPMWlWTFZoZjVqNl9ianRrUFlaY1F5X2hFdVNubjltQ1hnTWYzeldtdzhvWUdpS0h1ODBINEEtenJjQndqa0xwemJ4d3dVX0tBRlBkWDJqZHcxb05Ldi1Hem55MmF4US13bU9PdjQzeE8tWnptT0h4d0RWQkdISUVYRTVVUzRLNTdWLUFvU2N0em4xSDZFZ2ZwUlRmQUhBOHE4VWtKeXcwNEl1N0VnUWc1U190Z3JXWHNGeW90WDFRTDR2bkc5aGxwOGdVNmlhRWQtS3hKc3V1?oc=5,news.google.com,google_or_news,corroborating,third_party_or_regulator,,,https://news.google.com/rss/articles/CBMijAJBVV95cUxQcVVPTGtaNUxuTzh2VDJ3VnMwTFM0bnU2YnhBWVNVdEljb2lBVDhuUHEyWHg4R3BaRDhEQUFPMWlWTFZoZjVqNl9ianRrUFlaY1F5X2hFdVNubjltQ1hnTWYzeldtdzhvWUdpS0h1ODBINEEtenJjQndqa0xwemJ4d3dVX0tBRlBkWDJqZHcxb05Ldi1Hem55MmF4US13bU9PdjQzeE8tWnptT0h4d0RWQkdISUVYRTVVUzRLNTdWLUFvU2N0em4xSDZFZ2ZwUlRmQUhBOHE4VWtKeXcwNEl1N0VnUWc1U190Z3JXWHNGeW90WDFRTDR2bkc5aGxwOGdVNmlhRWQtS3hKc3V1?oc=5,2026-05-18,field_evidence_reference_registry_backfill,Backfilled so field_evidence source reference fo_014_augmented_recent_activity is represented in the registry.
fo_014_audit_src_060,fo_014,Third View Private Wealth,reports/methodology_summary.md,,methodology_or_report,primary_or_audit_artifact,local_artifact,,,reports/methodology_summary.md,2026-05-18,field_evidence_reference_registry_backfill,Backfilled so field_evidence source reference fo_014_augmented_data_completion_score_text is represented in the registry.
fo_015_audit_src_061,fo_015,Haven Private,https://adviserinfo.sec.gov/firm/summary/329012,adviserinfo.sec.gov,regulator,primary_or_audit_artifact,third_party_or_regulator,,,https://adviserinfo.sec.gov/firm/summary/329012,2026-05-18,field_evidence_reference_registry_backfill,Backfilled so field_evidence source reference fo_015_augmented_sec_crd_number is represented in the registry.
fo_015_audit_src_062,fo_015,Haven Private,https://reports.adviserinfo.sec.gov/reports/ADV/329012/PDF/329012.pdf,reports.adviserinfo.sec.gov,regulator,primary_or_audit_artifact,third_party_or_regulator,,,https://reports.adviserinfo.sec.gov/reports/ADV/329012/PDF/329012.pdf,2026-05-18,field_evidence_reference_registry_backfill,Backfilled so field_evidence source reference fo_015_augmented_sec_aum_usd is represented in the registry.
fo_015_audit_src_063,fo_015,Haven Private,reports/methodology_summary.md,,methodology_or_report,primary_or_audit_artifact,local_artifact,,,reports/methodology_summary.md,2026-05-18,field_evidence_reference_registry_backfill,Backfilled so field_evidence source reference fo_015_augmented_recent_activity_type is represented in the registry.
fo_016_audit_src_064,fo_016,PremjiInvest,https://www.linkedin.com/company/premji-invest,linkedin.com,linkedin,corroborating,third_party_or_regulator,,,https://www.linkedin.com/company/premji-invest,2026-05-18,field_evidence_reference_registry_backfill,Backfilled so field_evidence source reference fo_016_augmented_linkedin_employee_count is represented in the registry.
fo_016_audit_src_065,fo_016,PremjiInvest,data/evidence/sec_iapd_2026_05_17/fo_016.json,,local_evidence_artifact,primary_or_audit_artifact,local_artifact,,,data/evidence/sec_iapd_2026_05_17/fo_016.json,2026-05-18,field_evidence_reference_registry_backfill,Backfilled so field_evidence source reference fo_016_augmented_sec_registered is represented in the registry.
fo_016_audit_src_066,fo_016,PremjiInvest,https://news.google.com/rss/articles/CBMiiAFBVV95cUxOZGdYamN0LTgzVkx3dnYyVk1hM0ZKeUwxbEJmQlVaSDU3Q2d5b2dKNjk2Q1BWQktpa19YY1c1WVh2RWp1UHRDNWRhZF9sNVg1RTc4akFVdXlZUnRQZkl3SWVhZ2lvR2RySkdmZDl3S0M3NExCbWJic1FpVmhBdEltTUJYazZYWDNx?oc=5,news.google.com,google_or_news,corroborating,third_party_or_regulator,,,https://news.google.com/rss/articles/CBMiiAFBVV95cUxOZGdYamN0LTgzVkx3dnYyVk1hM0ZKeUwxbEJmQlVaSDU3Q2d5b2dKNjk2Q1BWQktpa19YY1c1WVh2RWp1UHRDNWRhZF9sNVg1RTc4akFVdXlZUnRQZkl3SWVhZ2lvR2RySkdmZDl3S0M3NExCbWJic1FpVmhBdEltTUJYazZYWDNx?oc=5,2026-05-18,field_evidence_reference_registry_backfill,Backfilled so field_evidence source reference fo_016_augmented_recent_activity is represented in the registry.
fo_016_audit_src_067,fo_016,PremjiInvest,reports/methodology_summary.md,,methodology_or_report,primary_or_audit_artifact,local_artifact,,,reports/methodology_summary.md,2026-05-18,field_evidence_reference_registry_backfill,Backfilled so field_evidence source reference fo_016_augmented_data_completion_score_text is represented in the registry.
fo_017_audit_src_068,fo_017,Wildcat Capital Management,https://reports.adviserinfo.sec.gov/reports/ADV/162178/PDF/162178.pdf,reports.adviserinfo.sec.gov,regulator,primary_or_audit_artifact,third_party_or_regulator,,,https://reports.adviserinfo.sec.gov/reports/ADV/162178/PDF/162178.pdf,2026-05-18,field_evidence_reference_registry_backfill,Backfilled so field_evidence source reference fo_017_augmented_sec_aum_usd is represented in the registry.
fo_017_audit_src_069,fo_017,Wildcat Capital Management,reports/methodology_summary.md,,methodology_or_report,primary_or_audit_artifact,local_artifact,,,reports/methodology_summary.md,2026-05-18,field_evidence_reference_registry_backfill,Backfilled so field_evidence source reference fo_017_augmented_recent_activity_type is represented in the registry.
fo_018_audit_src_070,fo_018,AT Capital Group,https://www.google.com/maps/search/?api=1&query=AT%20Capital%20Group&query_place_id=ChIJ__8vFgwZ2jERWcFgv4Fg6oo,google.com,google_or_news,corroborating,third_party_or_regulator,,,https://www.google.com/maps/search/?api=1&query=AT%20Capital%20Group&query_place_id=ChIJ__8vFgwZ2jERWcFgv4Fg6oo,2026-05-18,field_evidence_reference_registry_backfill,Backfilled so field_evidence source reference fo_018_augmented_google_places_phone is represented in the registry.
fo_018_audit_src_071,fo_018,AT Capital Group,data/evidence/sec_iapd_2026_05_17/fo_018.json,,local_evidence_artifact,primary_or_audit_artifact,local_artifact,,,data/evidence/sec_iapd_2026_05_17/fo_018.json,2026-05-18,field_evidence_reference_registry_backfill,Backfilled so field_evidence source reference fo_018_augmented_sec_registered is represented in the registry.
fo_018_audit_src_072,fo_018,AT Capital Group,reports/methodology_summary.md,,methodology_or_report,primary_or_audit_artifact,local_artifact,,,reports/methodology_summary.md,2026-05-18,field_evidence_reference_registry_backfill,Backfilled so field_evidence source reference fo_018_augmented_recent_activity_type is represented in the registry.
fo_019_audit_src_073,fo_019,East Rock Capital,https://www.google.com/maps/search/?api=1&query=East%20Rock%20Capital%20LLC&query_place_id=ChIJxTK5lvtYwokRFqS9i8HZPHQ,google.com,google_or_news,corroborating,third_party_or_regulator,,,https://www.google.com/maps/search/?api=1&query=East%20Rock%20Capital%20LLC&query_place_id=ChIJxTK5lvtYwokRFqS9i8HZPHQ,2026-05-18,field_evidence_reference_registry_backfill,Backfilled so field_evidence source reference fo_019_augmented_google_places_phone is represented in the registry.
fo_019_audit_src_074,fo_019,East Rock Capital,https://adviserinfo.sec.gov/firm/summary/157433,adviserinfo.sec.gov,regulator,primary_or_audit_artifact,third_party_or_regulator,,,https://adviserinfo.sec.gov/firm/summary/157433,2026-05-18,field_evidence_reference_registry_backfill,Backfilled so field_evidence source reference fo_019_augmented_sec_crd_number is represented in the registry.
fo_019_audit_src_075,fo_019,East Rock Capital,https://reports.adviserinfo.sec.gov/reports/ADV/157433/PDF/157433.pdf,reports.adviserinfo.sec.gov,regulator,primary_or_audit_artifact,third_party_or_regulator,,,https://reports.adviserinfo.sec.gov/reports/ADV/157433/PDF/157433.pdf,2026-05-18,field_evidence_reference_registry_backfill,Backfilled so field_evidence source reference fo_019_augmented_sec_aum_usd is represented in the registry.
fo_019_audit_src_076,fo_019,East Rock Capital,reports/methodology_summary.md,,methodology_or_report,primary_or_audit_artifact,local_artifact,,,reports/methodology_summary.md,2026-05-18,field_evidence_reference_registry_backfill,Backfilled so field_evidence source reference fo_019_augmented_recent_activity_type is represented in the registry.
fo_020_audit_src_077,fo_020,Verlinvest,https://www.linkedin.com/company/verlinvest,linkedin.com,linkedin,corroborating,third_party_or_regulator,,,https://www.linkedin.com/company/verlinvest,2026-05-18,field_evidence_reference_registry_backfill,Backfilled so field_evidence source reference fo_020_augmented_corporate_linkedin_url is represented in the registry.
fo_020_audit_src_078,fo_020,Verlinvest,https://www.google.com/maps/search/?api=1&query=Verlinvest&query_place_id=ChIJ3YLEntl5uaQR5m1tIq6NIdk,google.com,google_or_news,corroborating,third_party_or_regulator,,,https://www.google.com/maps/search/?api=1&query=Verlinvest&query_place_id=ChIJ3YLEntl5uaQR5m1tIq6NIdk,2026-05-18,field_evidence_reference_registry_backfill,Backfilled so field_evidence source reference fo_020_augmented_google_places_phone is represented in the registry.
fo_020_audit_src_079,fo_020,Verlinvest,data/evidence/sec_iapd_2026_05_17/fo_020.json,,local_evidence_artifact,primary_or_audit_artifact,local_artifact,,,data/evidence/sec_iapd_2026_05_17/fo_020.json,2026-05-18,field_evidence_reference_registry_backfill,Backfilled so field_evidence source reference fo_020_augmented_sec_registered is represented in the registry.
fo_020_audit_src_080,fo_020,Verlinvest,https://www.verlinvest.com/team/roberto-italia/,verlinvest.com,official_site,primary_or_audit_artifact,first_party,,,https://www.verlinvest.com/team/roberto-italia/,2026-05-18,field_evidence_reference_registry_backfill,Backfilled so field_evidence source reference fo_020_augmented_principal_1_name is represented in the registry.
fo_020_audit_src_081,fo_020,Verlinvest,https://www.linkedin.com/in/roberto-italia-2244b82/,linkedin.com,linkedin,corroborating,third_party_or_regulator,,,https://www.linkedin.com/in/roberto-italia-2244b82/,2026-05-18,field_evidence_reference_registry_backfill,Backfilled so field_evidence source reference fo_020_augmented_principal_1_linkedin_url is represented in the registry.
fo_020_audit_src_082,fo_020,Verlinvest,https://www.verlinvest.com/team/rachel-citera/,verlinvest.com,official_site,primary_or_audit_artifact,first_party,,,https://www.verlinvest.com/team/rachel-citera/,2026-05-18,field_evidence_reference_registry_backfill,Backfilled so field_evidence source reference fo_020_augmented_principal_2_name is represented in the registry.
fo_020_audit_src_083,fo_020,Verlinvest,https://www.linkedin.com/in/rachel-citera-a0a949160/,linkedin.com,linkedin,corroborating,third_party_or_regulator,,,https://www.linkedin.com/in/rachel-citera-a0a949160/,2026-05-18,field_evidence_reference_registry_backfill,Backfilled so field_evidence source reference fo_020_augmented_principal_2_linkedin_url is represented in the registry.
fo_020_audit_src_084,fo_020,Verlinvest,https://www.verlinvest.com/team/william-de-vliegher/,verlinvest.com,official_site,primary_or_audit_artifact,first_party,,,https://www.verlinvest.com/team/william-de-vliegher/,2026-05-18,field_evidence_reference_registry_backfill,Backfilled so field_evidence source reference fo_020_augmented_principal_3_name is represented in the registry.
fo_020_audit_src_085,fo_020,Verlinvest,https://www.linkedin.com/in/william-de-vliegher-59386a84/,linkedin.com,linkedin,corroborating,third_party_or_regulator,,,https://www.linkedin.com/in/william-de-vliegher-59386a84/,2026-05-18,field_evidence_reference_registry_backfill,Backfilled so field_evidence source reference fo_020_augmented_principal_3_linkedin_url is represented in the registry.
fo_020_audit_src_086,fo_020,Verlinvest,https://news.google.com/rss/articles/CBMiswFBVV95cUxPRVVPNHRETU9TZkh0RWhoREtsdWtRdkFaOHVFYlJwS3ltM3d6cnd2RXpwWmpZMTQyOVd6WDNac3BiRXF1NWYwWUhoOENLRE1abURORVJ2eWhfWDZybWNjZ1hIenZDdlZ3Qlh5MHdiT01wQVJyVlJ5N2wydG5uRGdmc2gwZFN2amZRMzYxSFNlLUItbHJ4NkNsRW9Td0VBbWxUU1RPVVRSMXZCYVA0MnpfNjluWQ?oc=5,news.google.com,google_or_news,corroborating,third_party_or_regulator,,,https://news.google.com/rss/articles/CBMiswFBVV95cUxPRVVPNHRETU9TZkh0RWhoREtsdWtRdkFaOHVFYlJwS3ltM3d6cnd2RXpwWmpZMTQyOVd6WDNac3BiRXF1NWYwWUhoOENLRE1abURORVJ2eWhfWDZybWNjZ1hIenZDdlZ3Qlh5MHdiT01wQVJyVlJ5N2wydG5uRGdmc2gwZFN2amZRMzYxSFNlLUItbHJ4NkNsRW9Td0VBbWxUU1RPVVRSMXZCYVA0MnpfNjluWQ?oc=5,2026-05-18,field_evidence_reference_registry_backfill,Backfilled so field_evidence source reference fo_020_augmented_recent_activity is represented in the registry.
fo_020_audit_src_087,fo_020,Verlinvest,reports/methodology_summary.md,,methodology_or_report,primary_or_audit_artifact,local_artifact,,,reports/methodology_summary.md,2026-05-18,field_evidence_reference_registry_backfill,Backfilled so field_evidence source reference fo_020_augmented_data_completion_score_text is represented in the registry.
fo_021_audit_src_088,fo_021,Okabena Company,https://www.google.com/maps/search/?api=1&query=Okabena%20Company%20%26%20Okabena%20Investment%20Services%2C%20Inc.&query_place_id=ChIJkbv8OJcys1IR1MfyPSqZ-OQ,google.com,google_or_news,corroborating,third_party_or_regulator,,,https://www.google.com/maps/search/?api=1&query=Okabena%20Company%20%26%20Okabena%20Investment%20Services%2C%20Inc.&query_place_id=ChIJkbv8OJcys1IR1MfyPSqZ-OQ,2026-05-18,field_evidence_reference_registry_backfill,Backfilled so field_evidence source reference fo_021_augmented_google_places_phone is represented in the registry.
fo_021_audit_src_089,fo_021,Okabena Company,https://adviserinfo.sec.gov/firm/summary/111162,adviserinfo.sec.gov,regulator,primary_or_audit_artifact,third_party_or_regulator,,,https://adviserinfo.sec.gov/firm/summary/111162,2026-05-18,field_evidence_reference_registry_backfill,Backfilled so field_evidence source reference fo_021_augmented_sec_crd_number is represented in the registry.
fo_021_audit_src_090,fo_021,Okabena Company,https://reports.adviserinfo.sec.gov/reports/ADV/111162/PDF/111162.pdf,reports.adviserinfo.sec.gov,regulator,primary_or_audit_artifact,third_party_or_regulator,,,https://reports.adviserinfo.sec.gov/reports/ADV/111162/PDF/111162.pdf,2026-05-18,field_evidence_reference_registry_backfill,Backfilled so field_evidence source reference fo_021_augmented_sec_aum_usd is represented in the registry.
fo_021_audit_src_091,fo_021,Okabena Company,reports/methodology_summary.md,,methodology_or_report,primary_or_audit_artifact,local_artifact,,,reports/methodology_summary.md,2026-05-18,field_evidence_reference_registry_backfill,Backfilled so field_evidence source reference fo_021_augmented_recent_activity_type is represented in the registry.
fo_022_audit_src_092,fo_022,Major Domus,data/evidence/sec_iapd_2026_05_17/fo_022.json,,local_evidence_artifact,primary_or_audit_artifact,local_artifact,,,data/evidence/sec_iapd_2026_05_17/fo_022.json,2026-05-18,field_evidence_reference_registry_backfill,Backfilled so field_evidence source reference fo_022_augmented_sec_registered is represented in the registry.
fo_022_audit_src_093,fo_022,Major Domus,reports/methodology_summary.md,,methodology_or_report,primary_or_audit_artifact,local_artifact,,,reports/methodology_summary.md,2026-05-18,field_evidence_reference_registry_backfill,Backfilled so field_evidence source reference fo_022_augmented_recent_activity_type is represented in the registry.
fo_023_audit_src_094,fo_023,Persimmon Capital Management,https://adviserinfo.sec.gov/firm/summary/334563,adviserinfo.sec.gov,regulator,primary_or_audit_artifact,third_party_or_regulator,,,https://adviserinfo.sec.gov/firm/summary/334563,2026-05-18,field_evidence_reference_registry_backfill,Backfilled so field_evidence source reference fo_023_augmented_sec_crd_number is represented in the registry.
fo_023_audit_src_095,fo_023,Persimmon Capital Management,https://reports.adviserinfo.sec.gov/reports/ADV/334563/PDF/334563.pdf,reports.adviserinfo.sec.gov,regulator,primary_or_audit_artifact,third_party_or_regulator,,,https://reports.adviserinfo.sec.gov/reports/ADV/334563/PDF/334563.pdf,2026-05-18,field_evidence_reference_registry_backfill,Backfilled so field_evidence source reference fo_023_augmented_sec_aum_usd is represented in the registry.
fo_023_audit_src_096,fo_023,Persimmon Capital Management,reports/methodology_summary.md,,methodology_or_report,primary_or_audit_artifact,local_artifact,,,reports/methodology_summary.md,2026-05-18,field_evidence_reference_registry_backfill,Backfilled so field_evidence source reference fo_023_augmented_recent_activity_type is represented in the registry.
fo_024_audit_src_097,fo_024,Cypress Point Wealth Management,https://adviserinfo.sec.gov/firm/summary/143771,adviserinfo.sec.gov,regulator,primary_or_audit_artifact,third_party_or_regulator,,,https://adviserinfo.sec.gov/firm/summary/143771,2026-05-18,field_evidence_reference_registry_backfill,Backfilled so field_evidence source reference fo_024_augmented_sec_crd_number is represented in the registry.
fo_024_audit_src_098,fo_024,Cypress Point Wealth Management,https://reports.adviserinfo.sec.gov/reports/ADV/143771/PDF/143771.pdf,reports.adviserinfo.sec.gov,regulator,primary_or_audit_artifact,third_party_or_regulator,,,https://reports.adviserinfo.sec.gov/reports/ADV/143771/PDF/143771.pdf,2026-05-18,field_evidence_reference_registry_backfill,Backfilled so field_evidence source reference fo_024_augmented_sec_aum_usd is represented in the registry.
fo_024_audit_src_099,fo_024,Cypress Point Wealth Management,reports/methodology_summary.md,,methodology_or_report,primary_or_audit_artifact,local_artifact,,,reports/methodology_summary.md,2026-05-18,field_evidence_reference_registry_backfill,Backfilled so field_evidence source reference fo_024_augmented_recent_activity_type is represented in the registry.
fo_025_audit_src_100,fo_025,Hamilton Gray Wealth Management,https://www.google.com/maps/search/?api=1&query=Hamilton%20Gray%20Wealth%20Management&query_place_id=ChIJxxJAWPS02YgRrBdE-1MupeE,google.com,google_or_news,corroborating,third_party_or_regulator,,,https://www.google.com/maps/search/?api=1&query=Hamilton%20Gray%20Wealth%20Management&query_place_id=ChIJxxJAWPS02YgRrBdE-1MupeE,2026-05-18,field_evidence_reference_registry_backfill,Backfilled so field_evidence source reference fo_025_augmented_google_places_phone is represented in the registry.
fo_025_audit_src_101,fo_025,Hamilton Gray Wealth Management,https://adviserinfo.sec.gov/firm/summary/283000,adviserinfo.sec.gov,regulator,primary_or_audit_artifact,third_party_or_regulator,,,https://adviserinfo.sec.gov/firm/summary/283000,2026-05-18,field_evidence_reference_registry_backfill,Backfilled so field_evidence source reference fo_025_augmented_sec_crd_number is represented in the registry.
fo_025_audit_src_102,fo_025,Hamilton Gray Wealth Management,https://reports.adviserinfo.sec.gov/reports/ADV/283000/PDF/283000.pdf,reports.adviserinfo.sec.gov,regulator,primary_or_audit_artifact,third_party_or_regulator,,,https://reports.adviserinfo.sec.gov/reports/ADV/283000/PDF/283000.pdf,2026-05-18,field_evidence_reference_registry_backfill,Backfilled so field_evidence source reference fo_025_augmented_sec_aum_usd is represented in the registry.
fo_025_audit_src_103,fo_025,Hamilton Gray Wealth Management,reports/methodology_summary.md,,methodology_or_report,primary_or_audit_artifact,local_artifact,,,reports/methodology_summary.md,2026-05-18,field_evidence_reference_registry_backfill,Backfilled so field_evidence source reference fo_025_augmented_recent_activity_type is represented in the registry.
fo_026_audit_src_104,fo_026,Yamauchi No. 10 Family Office,https://www.linkedin.com/company/yamauchi-no-10-family-office,linkedin.com,linkedin,corroborating,third_party_or_regulator,,,https://www.linkedin.com/company/yamauchi-no-10-family-office,2026-05-18,field_evidence_reference_registry_backfill,Backfilled so field_evidence source reference fo_026_augmented_corporate_linkedin_url is represented in the registry.
fo_026_audit_src_105,fo_026,Yamauchi No. 10 Family Office,data/evidence/sec_iapd_2026_05_17/fo_026.json,,local_evidence_artifact,primary_or_audit_artifact,local_artifact,,,data/evidence/sec_iapd_2026_05_17/fo_026.json,2026-05-18,field_evidence_reference_registry_backfill,Backfilled so field_evidence source reference fo_026_augmented_sec_registered is represented in the registry.
fo_026_audit_src_106,fo_026,Yamauchi No. 10 Family Office,reports/methodology_summary.md,,methodology_or_report,primary_or_audit_artifact,local_artifact,,,reports/methodology_summary.md,2026-05-18,field_evidence_reference_registry_backfill,Backfilled so field_evidence source reference fo_026_augmented_recent_activity_type is represented in the registry.
fo_027_audit_src_107,fo_027,Indie Asset Partners,https://www.google.com/maps/search/?api=1&query=Indie%20Asset%20Partners&query_place_id=ChIJkUblB7-sFIgRcZl_YXo1-Bw,google.com,google_or_news,corroborating,third_party_or_regulator,,,https://www.google.com/maps/search/?api=1&query=Indie%20Asset%20Partners&query_place_id=ChIJkUblB7-sFIgRcZl_YXo1-Bw,2026-05-18,field_evidence_reference_registry_backfill,Backfilled so field_evidence source reference fo_027_augmented_google_places_phone is represented in the registry.
fo_027_audit_src_108,fo_027,Indie Asset Partners,https://adviserinfo.sec.gov/firm/summary/154503,adviserinfo.sec.gov,regulator,primary_or_audit_artifact,third_party_or_regulator,,,https://adviserinfo.sec.gov/firm/summary/154503,2026-05-18,field_evidence_reference_registry_backfill,Backfilled so field_evidence source reference fo_027_augmented_sec_crd_number is represented in the registry.
fo_027_audit_src_109,fo_027,Indie Asset Partners,https://reports.adviserinfo.sec.gov/reports/ADV/154503/PDF/154503.pdf,reports.adviserinfo.sec.gov,regulator,primary_or_audit_artifact,third_party_or_regulator,,,https://reports.adviserinfo.sec.gov/reports/ADV/154503/PDF/154503.pdf,2026-05-18,field_evidence_reference_registry_backfill,Backfilled so field_evidence source reference fo_027_augmented_sec_aum_usd is represented in the registry.
fo_027_audit_src_110,fo_027,Indie Asset Partners,reports/methodology_summary.md,,methodology_or_report,primary_or_audit_artifact,local_artifact,,,reports/methodology_summary.md,2026-05-18,field_evidence_reference_registry_backfill,Backfilled so field_evidence source reference fo_027_augmented_recent_activity_type is represented in the registry.
fo_028_audit_src_111,fo_028,Marinya Capital,data/evidence/sec_iapd_2026_05_17/fo_028.json,,local_evidence_artifact,primary_or_audit_artifact,local_artifact,,,data/evidence/sec_iapd_2026_05_17/fo_028.json,2026-05-18,field_evidence_reference_registry_backfill,Backfilled so field_evidence source reference fo_028_augmented_sec_registered is represented in the registry.
fo_028_audit_src_112,fo_028,Marinya Capital,reports/methodology_summary.md,,methodology_or_report,primary_or_audit_artifact,local_artifact,,,reports/methodology_summary.md,2026-05-18,field_evidence_reference_registry_backfill,Backfilled so field_evidence source reference fo_028_augmented_recent_activity_type is represented in the registry.
fo_029_audit_src_113,fo_029,Reimann Investors,https://de.linkedin.com/company/reimann-investors,de.linkedin.com,linkedin,corroborating,third_party_or_regulator,,,https://de.linkedin.com/company/reimann-investors,2026-05-18,field_evidence_reference_registry_backfill,Backfilled so field_evidence source reference fo_029_augmented_corporate_linkedin_url is represented in the registry.
fo_029_audit_src_114,fo_029,Reimann Investors,https://www.google.com/maps/search/?api=1&query=Reimann%20Investors&query_place_id=ChIJoZsGo9R1nkcRtEJOvF7amo0,google.com,google_or_news,corroborating,third_party_or_regulator,,,https://www.google.com/maps/search/?api=1&query=Reimann%20Investors&query_place_id=ChIJoZsGo9R1nkcRtEJOvF7amo0,2026-05-18,field_evidence_reference_registry_backfill,Backfilled so field_evidence source reference fo_029_augmented_google_places_phone is represented in the registry.
fo_029_audit_src_115,fo_029,Reimann Investors,data/evidence/sec_iapd_2026_05_17/fo_029.json,,local_evidence_artifact,primary_or_audit_artifact,local_artifact,,,data/evidence/sec_iapd_2026_05_17/fo_029.json,2026-05-18,field_evidence_reference_registry_backfill,Backfilled so field_evidence source reference fo_029_augmented_sec_registered is represented in the registry.
fo_029_audit_src_116,fo_029,Reimann Investors,reports/methodology_summary.md,,methodology_or_report,primary_or_audit_artifact,local_artifact,,,reports/methodology_summary.md,2026-05-18,field_evidence_reference_registry_backfill,Backfilled so field_evidence source reference fo_029_augmented_recent_activity_type is represented in the registry.
fo_030_audit_src_117,fo_030,Private Wealth Asset Management,https://www.linkedin.com/company/private-wealth-asset-management,linkedin.com,linkedin,corroborating,third_party_or_regulator,,,https://www.linkedin.com/company/private-wealth-asset-management,2026-05-18,field_evidence_reference_registry_backfill,Backfilled so field_evidence source reference fo_030_augmented_corporate_linkedin_url is represented in the registry.
fo_030_audit_src_118,fo_030,Private Wealth Asset Management,https://www.google.com/maps/search/?api=1&query=Private%20Wealth%20Asset%20Management&query_place_id=ChIJAWn5_HvZ-4YRMv4IvRNE0cc,google.com,google_or_news,corroborating,third_party_or_regulator,,,https://www.google.com/maps/search/?api=1&query=Private%20Wealth%20Asset%20Management&query_place_id=ChIJAWn5_HvZ-4YRMv4IvRNE0cc,2026-05-18,field_evidence_reference_registry_backfill,Backfilled so field_evidence source reference fo_030_augmented_google_places_phone is represented in the registry.
fo_030_audit_src_119,fo_030,Private Wealth Asset Management,https://adviserinfo.sec.gov/firm/summary/315819,adviserinfo.sec.gov,regulator,primary_or_audit_artifact,third_party_or_regulator,,,https://adviserinfo.sec.gov/firm/summary/315819,2026-05-18,field_evidence_reference_registry_backfill,Backfilled so field_evidence source reference fo_030_augmented_sec_crd_number is represented in the registry.
fo_030_audit_src_120,fo_030,Private Wealth Asset Management,https://reports.adviserinfo.sec.gov/reports/ADV/315819/PDF/315819.pdf,reports.adviserinfo.sec.gov,regulator,primary_or_audit_artifact,third_party_or_regulator,,,https://reports.adviserinfo.sec.gov/reports/ADV/315819/PDF/315819.pdf,2026-05-18,field_evidence_reference_registry_backfill,Backfilled so field_evidence source reference fo_030_augmented_sec_aum_usd is represented in the registry.
fo_030_audit_src_121,fo_030,Private Wealth Asset Management,reports/methodology_summary.md,,methodology_or_report,primary_or_audit_artifact,local_artifact,,,reports/methodology_summary.md,2026-05-18,field_evidence_reference_registry_backfill,Backfilled so field_evidence source reference fo_030_augmented_recent_activity_type is represented in the registry.
fo_031_audit_src_122,fo_031,Bessemer Trust,https://www.google.com/maps/search/?api=1&query=Bessemer%20Trust%20Private%20Wealth%20Management%20New%20York%20NY&query_place_id=ChIJd0GZTPlYwokR27BV3yPOxWQ,google.com,google_or_news,corroborating,third_party_or_regulator,,,https://www.google.com/maps/search/?api=1&query=Bessemer%20Trust%20Private%20Wealth%20Management%20New%20York%20NY&query_place_id=ChIJd0GZTPlYwokR27BV3yPOxWQ,2026-05-18,field_evidence_reference_registry_backfill,Backfilled so field_evidence source reference fo_031_augmented_google_places_phone is represented in the registry.
fo_031_audit_src_123,fo_031,Bessemer Trust,data/evidence/sec_iapd_2026_05_17/fo_031.json,,local_evidence_artifact,primary_or_audit_artifact,local_artifact,,,data/evidence/sec_iapd_2026_05_17/fo_031.json,2026-05-18,field_evidence_reference_registry_backfill,Backfilled so field_evidence source reference fo_031_augmented_sec_registered is represented in the registry.
fo_031_audit_src_124,fo_031,Bessemer Trust,https://news.google.com/rss/articles/CBMirAFBVV95cUxOVTZPc1k4OXVfQkRKR1IyU2VWRERfQjI3cGtSV25rejJJSmNaNlpfcFBHb2J2cU5KMmZLLVltUWctcFRuazd6MEVrQUhPdjRvYVJla0l6aWw0ZmpLZW1QbDUxZkNSUk9OZEFMNnNGVko2cndFckN2TzFRWXRqZDMtTzYyaHZ0YjJmb3F2bW4xdXVpOHBPOTMtOHFacjhRTVU4dHFBWm9YWTg2bGVo?oc=5,news.google.com,google_or_news,corroborating,third_party_or_regulator,,,https://news.google.com/rss/articles/CBMirAFBVV95cUxOVTZPc1k4OXVfQkRKR1IyU2VWRERfQjI3cGtSV25rejJJSmNaNlpfcFBHb2J2cU5KMmZLLVltUWctcFRuazd6MEVrQUhPdjRvYVJla0l6aWw0ZmpLZW1QbDUxZkNSUk9OZEFMNnNGVko2cndFckN2TzFRWXRqZDMtTzYyaHZ0YjJmb3F2bW4xdXVpOHBPOTMtOHFacjhRTVU4dHFBWm9YWTg2bGVo?oc=5,2026-05-18,field_evidence_reference_registry_backfill,Backfilled so field_evidence source reference fo_031_augmented_recent_activity is represented in the registry.
fo_031_audit_src_125,fo_031,Bessemer Trust,reports/methodology_summary.md,,methodology_or_report,primary_or_audit_artifact,local_artifact,,,reports/methodology_summary.md,2026-05-18,field_evidence_reference_registry_backfill,Backfilled so field_evidence source reference fo_031_augmented_data_completion_score_text is represented in the registry.
fo_032_audit_src_126,fo_032,Pathstone,https://linkedin.com/company/pathstone-family-office,linkedin.com,linkedin,corroborating,third_party_or_regulator,,,https://linkedin.com/company/pathstone-family-office,2026-05-18,field_evidence_reference_registry_backfill,Backfilled so field_evidence source reference fo_032_augmented_corporate_linkedin_url is represented in the registry.
fo_032_audit_src_127,fo_032,Pathstone,https://www.google.com/maps/search/?api=1&query=Pathstone&query_place_id=ChIJZWU8MtHwwokRM6x9QYYpe-A,google.com,google_or_news,corroborating,third_party_or_regulator,,,https://www.google.com/maps/search/?api=1&query=Pathstone&query_place_id=ChIJZWU8MtHwwokRM6x9QYYpe-A,2026-05-18,field_evidence_reference_registry_backfill,Backfilled so field_evidence source reference fo_032_augmented_google_places_phone is represented in the registry.
fo_032_audit_src_128,fo_032,Pathstone,https://adviserinfo.sec.gov/firm/summary/151736,adviserinfo.sec.gov,regulator,primary_or_audit_artifact,third_party_or_regulator,,,https://adviserinfo.sec.gov/firm/summary/151736,2026-05-18,field_evidence_reference_registry_backfill,Backfilled so field_evidence source reference fo_032_augmented_sec_crd_number is represented in the registry.
fo_032_audit_src_129,fo_032,Pathstone,https://reports.adviserinfo.sec.gov/reports/ADV/151736/PDF/151736.pdf,reports.adviserinfo.sec.gov,regulator,primary_or_audit_artifact,third_party_or_regulator,,,https://reports.adviserinfo.sec.gov/reports/ADV/151736/PDF/151736.pdf,2026-05-18,field_evidence_reference_registry_backfill,Backfilled so field_evidence source reference fo_032_augmented_sec_aum_usd is represented in the registry.
fo_032_audit_src_130,fo_032,Pathstone,https://news.google.com/rss/articles/CBMipAFBVV95cUxPZGtXaWE2RU1zaW1rS3M3bFdXYmVhZHNUOXFfelNpWGU0RUFZUTQ1SkhIM3dRbFBWWW5uNzJubGFSX01VR0gtZnNLRDBTNGNKSzVQSS1YdkNUSkhrR3B3OERlR0thYWlFa0g1SkozY1JXLUNSQlNMRnFETkhQbXVQQy13WFBiRS1ERE5SZUN2a3Y2M094NHpVQU9mWmNyR2hEN3V6Zg?oc=5,news.google.com,google_or_news,corroborating,third_party_or_regulator,,,https://news.google.com/rss/articles/CBMipAFBVV95cUxPZGtXaWE2RU1zaW1rS3M3bFdXYmVhZHNUOXFfelNpWGU0RUFZUTQ1SkhIM3dRbFBWWW5uNzJubGFSX01VR0gtZnNLRDBTNGNKSzVQSS1YdkNUSkhrR3B3OERlR0thYWlFa0g1SkozY1JXLUNSQlNMRnFETkhQbXVQQy13WFBiRS1ERE5SZUN2a3Y2M094NHpVQU9mWmNyR2hEN3V6Zg?oc=5,2026-05-18,field_evidence_reference_registry_backfill,Backfilled so field_evidence source reference fo_032_augmented_recent_activity is represented in the registry.
fo_032_audit_src_131,fo_032,Pathstone,reports/methodology_summary.md,,methodology_or_report,primary_or_audit_artifact,local_artifact,,,reports/methodology_summary.md,2026-05-18,field_evidence_reference_registry_backfill,Backfilled so field_evidence source reference fo_032_augmented_data_completion_score_text is represented in the registry.
fo_033_audit_src_132,fo_033,Cresset,https://www.linkedin.com/company/cresset-capital,linkedin.com,linkedin,corroborating,third_party_or_regulator,,,https://www.linkedin.com/company/cresset-capital,2026-05-18,field_evidence_reference_registry_backfill,Backfilled so field_evidence source reference fo_033_augmented_corporate_linkedin_url is represented in the registry.
fo_033_audit_src_133,fo_033,Cresset,https://www.google.com/maps/search/?api=1&query=Cresset&query_place_id=ChIJq6rqEsgsDogRQ3arjEjWnxU,google.com,google_or_news,corroborating,third_party_or_regulator,,,https://www.google.com/maps/search/?api=1&query=Cresset&query_place_id=ChIJq6rqEsgsDogRQ3arjEjWnxU,2026-05-18,field_evidence_reference_registry_backfill,Backfilled so field_evidence source reference fo_033_augmented_google_places_phone is represented in the registry.
fo_033_audit_src_134,fo_033,Cresset,https://adviserinfo.sec.gov/firm/summary/288566,adviserinfo.sec.gov,regulator,primary_or_audit_artifact,third_party_or_regulator,,,https://adviserinfo.sec.gov/firm/summary/288566,2026-05-18,field_evidence_reference_registry_backfill,Backfilled so field_evidence source reference fo_033_augmented_sec_crd_number is represented in the registry.
fo_033_audit_src_135,fo_033,Cresset,https://reports.adviserinfo.sec.gov/reports/ADV/288566/PDF/288566.pdf,reports.adviserinfo.sec.gov,regulator,primary_or_audit_artifact,third_party_or_regulator,,,https://reports.adviserinfo.sec.gov/reports/ADV/288566/PDF/288566.pdf,2026-05-18,field_evidence_reference_registry_backfill,Backfilled so field_evidence source reference fo_033_augmented_sec_aum_usd is represented in the registry.
fo_033_audit_src_136,fo_033,Cresset,https://news.google.com/rss/articles/CBMitwFBVV95cUxNVjFnYVAtOGNtZFlTajNoM2R5cFoyMXB1amROSlVUMUJSOUpjQTlIczIxanQwcHJaMFZNazhyU0J6aC1UVUN1MlBsSmlGWVM1LUZPRWhNSzQzQlIyUnJiRzJHYUQ2YWFkbkdvR3p0OWdPbW9pUk4zUmRrbi13M3IwVmFoYTlqbEFqMmhMc3phT2luU09ieVdSeGpFMTBSTUFLZ29LcEtuSDBGTU9jam12dHB0MmJkTVE?oc=5,news.google.com,google_or_news,corroborating,third_party_or_regulator,,,https://news.google.com/rss/articles/CBMitwFBVV95cUxNVjFnYVAtOGNtZFlTajNoM2R5cFoyMXB1amROSlVUMUJSOUpjQTlIczIxanQwcHJaMFZNazhyU0J6aC1UVUN1MlBsSmlGWVM1LUZPRWhNSzQzQlIyUnJiRzJHYUQ2YWFkbkdvR3p0OWdPbW9pUk4zUmRrbi13M3IwVmFoYTlqbEFqMmhMc3phT2luU09ieVdSeGpFMTBSTUFLZ29LcEtuSDBGTU9jam12dHB0MmJkTVE?oc=5,2026-05-18,field_evidence_reference_registry_backfill,Backfilled so field_evidence source reference fo_033_augmented_recent_activity is represented in the registry.
fo_033_audit_src_137,fo_033,Cresset,reports/methodology_summary.md,,methodology_or_report,primary_or_audit_artifact,local_artifact,,,reports/methodology_summary.md,2026-05-18,field_evidence_reference_registry_backfill,Backfilled so field_evidence source reference fo_033_augmented_data_completion_score_text is represented in the registry.
fo_034_audit_src_138,fo_034,AlTi Tiedemann Global,https://www.linkedin.com/company/altiglobal,linkedin.com,linkedin,corroborating,third_party_or_regulator,,,https://www.linkedin.com/company/altiglobal,2026-05-18,field_evidence_reference_registry_backfill,Backfilled so field_evidence source reference fo_034_augmented_corporate_linkedin_url is represented in the registry.
fo_034_audit_src_139,fo_034,AlTi Tiedemann Global,https://www.google.com/maps/search/?api=1&query=AlTi%20Tiedemann%20Global&query_place_id=ChIJoUYfoftYwokRtdhkqNIv6H4,google.com,google_or_news,corroborating,third_party_or_regulator,,,https://www.google.com/maps/search/?api=1&query=AlTi%20Tiedemann%20Global&query_place_id=ChIJoUYfoftYwokRtdhkqNIv6H4,2026-05-18,field_evidence_reference_registry_backfill,Backfilled so field_evidence source reference fo_034_augmented_google_places_phone is represented in the registry.
fo_034_audit_src_140,fo_034,AlTi Tiedemann Global,https://adviserinfo.sec.gov/firm/summary/152104,adviserinfo.sec.gov,regulator,primary_or_audit_artifact,third_party_or_regulator,,,https://adviserinfo.sec.gov/firm/summary/152104,2026-05-18,field_evidence_reference_registry_backfill,Backfilled so field_evidence source reference fo_034_augmented_sec_crd_number is represented in the registry.
fo_034_audit_src_141,fo_034,AlTi Tiedemann Global,https://reports.adviserinfo.sec.gov/reports/ADV/152104/PDF/152104.pdf,reports.adviserinfo.sec.gov,regulator,primary_or_audit_artifact,third_party_or_regulator,,,https://reports.adviserinfo.sec.gov/reports/ADV/152104/PDF/152104.pdf,2026-05-18,field_evidence_reference_registry_backfill,Backfilled so field_evidence source reference fo_034_augmented_sec_aum_usd is represented in the registry.
fo_034_audit_src_142,fo_034,AlTi Tiedemann Global,https://news.google.com/rss/articles/CBMiowFBVV95cUxNeDdNSHRjN0RXZTFNanY4dHprdDFZc2tFT2YtWUZLLThFY1NNZTRJcDJRT0ktUTdZYnNVUWJWcHNTVE94WjVJT1RITVNwZWR6UC1mcGFTeGlaYUphemlDZnhOYThzZWZjd0hub2hrdFF5SjJkM2x4UGRQeEF5UVozdnZHS0dERmZzaTNkcTB0V3Y0MFVHNGtXcHMxTVpZQ0V1Yy1n?oc=5,news.google.com,google_or_news,corroborating,third_party_or_regulator,,,https://news.google.com/rss/articles/CBMiowFBVV95cUxNeDdNSHRjN0RXZTFNanY4dHprdDFZc2tFT2YtWUZLLThFY1NNZTRJcDJRT0ktUTdZYnNVUWJWcHNTVE94WjVJT1RITVNwZWR6UC1mcGFTeGlaYUphemlDZnhOYThzZWZjd0hub2hrdFF5SjJkM2x4UGRQeEF5UVozdnZHS0dERmZzaTNkcTB0V3Y0MFVHNGtXcHMxTVpZQ0V1Yy1n?oc=5,2026-05-18,field_evidence_reference_registry_backfill,Backfilled so field_evidence source reference fo_034_augmented_recent_activity is represented in the registry.
fo_034_audit_src_143,fo_034,AlTi Tiedemann Global,reports/methodology_summary.md,,methodology_or_report,primary_or_audit_artifact,local_artifact,,,reports/methodology_summary.md,2026-05-18,field_evidence_reference_registry_backfill,Backfilled so field_evidence source reference fo_034_augmented_data_completion_score_text is represented in the registry.
fo_035_audit_src_144,fo_035,WE Family Offices,https://www.linkedin.com/company/we-family-offices,linkedin.com,linkedin,corroborating,third_party_or_regulator,,,https://www.linkedin.com/company/we-family-offices,2026-05-18,field_evidence_reference_registry_backfill,Backfilled so field_evidence source reference fo_035_augmented_corporate_linkedin_url is represented in the registry.
fo_035_audit_src_145,fo_035,WE Family Offices,https://www.google.com/maps/search/?api=1&query=WE%20Family%20Offices&query_place_id=ChIJ8Zwx6oK22YgRxYzTOntH1a4,google.com,google_or_news,corroborating,third_party_or_regulator,,,https://www.google.com/maps/search/?api=1&query=WE%20Family%20Offices&query_place_id=ChIJ8Zwx6oK22YgRxYzTOntH1a4,2026-05-18,field_evidence_reference_registry_backfill,Backfilled so field_evidence source reference fo_035_augmented_google_places_phone is represented in the registry.
fo_035_audit_src_146,fo_035,WE Family Offices,https://adviserinfo.sec.gov/firm/summary/109869,adviserinfo.sec.gov,regulator,primary_or_audit_artifact,third_party_or_regulator,,,https://adviserinfo.sec.gov/firm/summary/109869,2026-05-18,field_evidence_reference_registry_backfill,Backfilled so field_evidence source reference fo_035_augmented_sec_crd_number is represented in the registry.
fo_035_audit_src_147,fo_035,WE Family Offices,https://reports.adviserinfo.sec.gov/reports/ADV/109869/PDF/109869.pdf,reports.adviserinfo.sec.gov,regulator,primary_or_audit_artifact,third_party_or_regulator,,,https://reports.adviserinfo.sec.gov/reports/ADV/109869/PDF/109869.pdf,2026-05-18,field_evidence_reference_registry_backfill,Backfilled so field_evidence source reference fo_035_augmented_sec_aum_usd is represented in the registry.
fo_035_audit_src_148,fo_035,WE Family Offices,https://news.google.com/rss/articles/CBMiyAFBVV95cUxPejkwd1dFVmp0Z09hbkoyVjlCbmtjYi1UVlFncXBiTG9kaWdKZXdZSE9TMlJVOC1SVnpQc2xSSmFOTUVnT1h5Xzh2LUtKZFdMeGJWbS02T0NsMVZjMXVma0tMWk9nLTdneGhRWV9FSG1VRl8weW1SZFBTTmZFTVdMRGlDQTNMeGhTeEk0NnFYWlZ2NXBGblhxdUV5MUJWbjN0eWhXTkZqZ01rakxKUUFqcVhGakxZZFZ0M2FhXzZjZDlVTHlZU25hSA?oc=5,news.google.com,google_or_news,corroborating,third_party_or_regulator,,,https://news.google.com/rss/articles/CBMiyAFBVV95cUxPejkwd1dFVmp0Z09hbkoyVjlCbmtjYi1UVlFncXBiTG9kaWdKZXdZSE9TMlJVOC1SVnpQc2xSSmFOTUVnT1h5Xzh2LUtKZFdMeGJWbS02T0NsMVZjMXVma0tMWk9nLTdneGhRWV9FSG1VRl8weW1SZFBTTmZFTVdMRGlDQTNMeGhTeEk0NnFYWlZ2NXBGblhxdUV5MUJWbjN0eWhXTkZqZ01rakxKUUFqcVhGakxZZFZ0M2FhXzZjZDlVTHlZU25hSA?oc=5,2026-05-18,field_evidence_reference_registry_backfill,Backfilled so field_evidence source reference fo_035_augmented_recent_activity is represented in the registry.
fo_035_audit_src_149,fo_035,WE Family Offices,reports/methodology_summary.md,,methodology_or_report,primary_or_audit_artifact,local_artifact,,,reports/methodology_summary.md,2026-05-18,field_evidence_reference_registry_backfill,Backfilled so field_evidence source reference fo_035_augmented_data_completion_score_text is represented in the registry.
fo_036_audit_src_150,fo_036,Stonehage Fleming,https://www.linkedin.com/company/stonehagefleming,linkedin.com,linkedin,corroborating,third_party_or_regulator,,,https://www.linkedin.com/company/stonehagefleming,2026-05-18,field_evidence_reference_registry_backfill,Backfilled so field_evidence source reference fo_036_augmented_corporate_linkedin_url is represented in the registry.
fo_036_audit_src_151,fo_036,Stonehage Fleming,https://www.google.com/maps/search/?api=1&query=Stonehage%20Fleming&query_place_id=ChIJA6LFhioFdkgRXVZrOoijhaQ,google.com,google_or_news,corroborating,third_party_or_regulator,,,https://www.google.com/maps/search/?api=1&query=Stonehage%20Fleming&query_place_id=ChIJA6LFhioFdkgRXVZrOoijhaQ,2026-05-18,field_evidence_reference_registry_backfill,Backfilled so field_evidence source reference fo_036_augmented_google_places_phone is represented in the registry.
fo_036_audit_src_152,fo_036,Stonehage Fleming,https://adviserinfo.sec.gov/firm/summary/313913,adviserinfo.sec.gov,regulator,primary_or_audit_artifact,third_party_or_regulator,,,https://adviserinfo.sec.gov/firm/summary/313913,2026-05-18,field_evidence_reference_registry_backfill,Backfilled so field_evidence source reference fo_036_augmented_sec_crd_number is represented in the registry.
fo_036_audit_src_153,fo_036,Stonehage Fleming,https://reports.adviserinfo.sec.gov/reports/ADV/313913/PDF/313913.pdf,reports.adviserinfo.sec.gov,regulator,primary_or_audit_artifact,third_party_or_regulator,,,https://reports.adviserinfo.sec.gov/reports/ADV/313913/PDF/313913.pdf,2026-05-18,field_evidence_reference_registry_backfill,Backfilled so field_evidence source reference fo_036_augmented_sec_aum_usd is represented in the registry.
fo_036_audit_src_154,fo_036,Stonehage Fleming,https://news.google.com/rss/articles/CBMivwFBVV95cUxQRU90U0YwV1dHQ2k4WW5hUDFFYkh6d0cwbGk2c0pScE8zNURZc2wxUGdxNEJwaGdRLUx0cU83S0dzbGJ5WHdLVEVFa2RoMm0wVTdsMGJZSmJORnE1a3l0aE45TWY1al9NSDlESy12U3gwM1lDckxSTXJyUWxjOGZZR2VpWkt1QlNPQ2VYWElOeTJRUjlMai1ZVmtYdnItcVRQUzBxVi1ldVg2dTRSblI3bGRQa3BuOHVGRFN5aGdTNA?oc=5,news.google.com,google_or_news,corroborating,third_party_or_regulator,,,https://news.google.com/rss/articles/CBMivwFBVV95cUxQRU90U0YwV1dHQ2k4WW5hUDFFYkh6d0cwbGk2c0pScE8zNURZc2wxUGdxNEJwaGdRLUx0cU83S0dzbGJ5WHdLVEVFa2RoMm0wVTdsMGJZSmJORnE1a3l0aE45TWY1al9NSDlESy12U3gwM1lDckxSTXJyUWxjOGZZR2VpWkt1QlNPQ2VYWElOeTJRUjlMai1ZVmtYdnItcVRQUzBxVi1ldVg2dTRSblI3bGRQa3BuOHVGRFN5aGdTNA?oc=5,2026-05-18,field_evidence_reference_registry_backfill,Backfilled so field_evidence source reference fo_036_augmented_recent_activity is represented in the registry.
fo_036_audit_src_155,fo_036,Stonehage Fleming,reports/methodology_summary.md,,methodology_or_report,primary_or_audit_artifact,local_artifact,,,reports/methodology_summary.md,2026-05-18,field_evidence_reference_registry_backfill,Backfilled so field_evidence source reference fo_036_augmented_data_completion_score_text is represented in the registry.
fo_037_audit_src_156,fo_037,Omnia Family Wealth,https://www.linkedin.com/company/omnia-family-wealth,linkedin.com,linkedin,corroborating,third_party_or_regulator,,,https://www.linkedin.com/company/omnia-family-wealth,2026-05-18,field_evidence_reference_registry_backfill,Backfilled so field_evidence source reference fo_037_augmented_corporate_linkedin_url is represented in the registry.
fo_037_audit_src_157,fo_037,Omnia Family Wealth,https://www.google.com/maps/search/?api=1&query=Omnia%20Family%20Wealth&query_place_id=ChIJvS_wZvis2YgRssIo91UUi_Y,google.com,google_or_news,corroborating,third_party_or_regulator,,,https://www.google.com/maps/search/?api=1&query=Omnia%20Family%20Wealth&query_place_id=ChIJvS_wZvis2YgRssIo91UUi_Y,2026-05-18,field_evidence_reference_registry_backfill,Backfilled so field_evidence source reference fo_037_augmented_google_places_phone is represented in the registry.
fo_037_audit_src_158,fo_037,Omnia Family Wealth,https://adviserinfo.sec.gov/firm/summary/170909,adviserinfo.sec.gov,regulator,primary_or_audit_artifact,third_party_or_regulator,,,https://adviserinfo.sec.gov/firm/summary/170909,2026-05-18,field_evidence_reference_registry_backfill,Backfilled so field_evidence source reference fo_037_augmented_sec_crd_number is represented in the registry.
fo_037_audit_src_159,fo_037,Omnia Family Wealth,https://reports.adviserinfo.sec.gov/reports/ADV/170909/PDF/170909.pdf,reports.adviserinfo.sec.gov,regulator,primary_or_audit_artifact,third_party_or_regulator,,,https://reports.adviserinfo.sec.gov/reports/ADV/170909/PDF/170909.pdf,2026-05-18,field_evidence_reference_registry_backfill,Backfilled so field_evidence source reference fo_037_augmented_sec_aum_usd is represented in the registry.
fo_037_audit_src_160,fo_037,Omnia Family Wealth,reports/methodology_summary.md,,methodology_or_report,primary_or_audit_artifact,local_artifact,,,reports/methodology_summary.md,2026-05-18,field_evidence_reference_registry_backfill,Backfilled so field_evidence source reference fo_037_augmented_recent_activity_type is represented in the registry.
fo_038_audit_src_161,fo_038,Ballentine Partners,https://www.google.com/maps/search/?api=1&query=Ballentine%20Partners%2C%20LLC&query_place_id=ChIJU3q-UMqc44kR7cx3AWbXfqU,google.com,google_or_news,corroborating,third_party_or_regulator,,,https://www.google.com/maps/search/?api=1&query=Ballentine%20Partners%2C%20LLC&query_place_id=ChIJU3q-UMqc44kR7cx3AWbXfqU,2026-05-18,field_evidence_reference_registry_backfill,Backfilled so field_evidence source reference fo_038_augmented_google_places_phone is represented in the registry.
fo_038_audit_src_162,fo_038,Ballentine Partners,https://adviserinfo.sec.gov/firm/summary/152802,adviserinfo.sec.gov,regulator,primary_or_audit_artifact,third_party_or_regulator,,,https://adviserinfo.sec.gov/firm/summary/152802,2026-05-18,field_evidence_reference_registry_backfill,Backfilled so field_evidence source reference fo_038_augmented_sec_crd_number is represented in the registry.
fo_038_audit_src_163,fo_038,Ballentine Partners,https://reports.adviserinfo.sec.gov/reports/ADV/152802/PDF/152802.pdf,reports.adviserinfo.sec.gov,regulator,primary_or_audit_artifact,third_party_or_regulator,,,https://reports.adviserinfo.sec.gov/reports/ADV/152802/PDF/152802.pdf,2026-05-18,field_evidence_reference_registry_backfill,Backfilled so field_evidence source reference fo_038_augmented_sec_aum_usd is represented in the registry.
fo_038_audit_src_164,fo_038,Ballentine Partners,reports/methodology_summary.md,,methodology_or_report,primary_or_audit_artifact,local_artifact,,,reports/methodology_summary.md,2026-05-18,field_evidence_reference_registry_backfill,Backfilled so field_evidence source reference fo_038_augmented_recent_activity_type is represented in the registry.
fo_039_audit_src_165,fo_039,TwinFocus,https://www.linkedin.com/company/twin-focus-capital-partners-llc,linkedin.com,linkedin,corroborating,third_party_or_regulator,,,https://www.linkedin.com/company/twin-focus-capital-partners-llc,2026-05-18,field_evidence_reference_registry_backfill,Backfilled so field_evidence source reference fo_039_augmented_corporate_linkedin_url is represented in the registry.
fo_039_audit_src_166,fo_039,TwinFocus,https://www.google.com/maps/search/?api=1&query=TwinFocus&query_place_id=ChIJH9CZLYRw44kRgc4KKZzWWzQ,google.com,google_or_news,corroborating,third_party_or_regulator,,,https://www.google.com/maps/search/?api=1&query=TwinFocus&query_place_id=ChIJH9CZLYRw44kRgc4KKZzWWzQ,2026-05-18,field_evidence_reference_registry_backfill,Backfilled so field_evidence source reference fo_039_augmented_google_places_phone is represented in the registry.
fo_039_audit_src_167,fo_039,TwinFocus,https://adviserinfo.sec.gov/firm/summary/140522,adviserinfo.sec.gov,regulator,primary_or_audit_artifact,third_party_or_regulator,,,https://adviserinfo.sec.gov/firm/summary/140522,2026-05-18,field_evidence_reference_registry_backfill,Backfilled so field_evidence source reference fo_039_augmented_sec_crd_number is represented in the registry.
fo_039_audit_src_168,fo_039,TwinFocus,https://reports.adviserinfo.sec.gov/reports/ADV/140522/PDF/140522.pdf,reports.adviserinfo.sec.gov,regulator,primary_or_audit_artifact,third_party_or_regulator,,,https://reports.adviserinfo.sec.gov/reports/ADV/140522/PDF/140522.pdf,2026-05-18,field_evidence_reference_registry_backfill,Backfilled so field_evidence source reference fo_039_augmented_sec_aum_usd is represented in the registry.
fo_039_audit_src_169,fo_039,TwinFocus,https://news.google.com/rss/articles/CBMivAFBVV95cUxNTmRWZWIxZmF2YWRES2dPSGluYXlIdlVHSnFYcWQxRHdINzFUMllleUNEclBSaV90YjhWd01GaVJGNEJvRnRXRDVxN0l1SWNVeDdlYW92bmhzc1diOWFZNU0wc05TRjRkQzlSZDczMVJxejVjWGpoemg5VVF6YVBaOHViYzFuN2N2UUlPTGszd2ZqeUtMLVJ0RFltbXUtUi1LeE1nUXk4eXFxME1ubnQ3RmpfQ2pRUmh1RkVpQQ?oc=5,news.google.com,google_or_news,corroborating,third_party_or_regulator,,,https://news.google.com/rss/articles/CBMivAFBVV95cUxNTmRWZWIxZmF2YWRES2dPSGluYXlIdlVHSnFYcWQxRHdINzFUMllleUNEclBSaV90YjhWd01GaVJGNEJvRnRXRDVxN0l1SWNVeDdlYW92bmhzc1diOWFZNU0wc05TRjRkQzlSZDczMVJxejVjWGpoemg5VVF6YVBaOHViYzFuN2N2UUlPTGszd2ZqeUtMLVJ0RFltbXUtUi1LeE1nUXk4eXFxME1ubnQ3RmpfQ2pRUmh1RkVpQQ?oc=5,2026-05-18,field_evidence_reference_registry_backfill,Backfilled so field_evidence source reference fo_039_augmented_recent_activity is represented in the registry.
fo_039_audit_src_170,fo_039,TwinFocus,reports/methodology_summary.md,,methodology_or_report,primary_or_audit_artifact,local_artifact,,,reports/methodology_summary.md,2026-05-18,field_evidence_reference_registry_backfill,Backfilled so field_evidence source reference fo_039_augmented_data_completion_score_text is represented in the registry.
fo_040_audit_src_171,fo_040,Laird Norton Wetherby,https://www.linkedin.com/company/lnwadvisors,linkedin.com,linkedin,corroborating,third_party_or_regulator,,,https://www.linkedin.com/company/lnwadvisors,2026-05-18,field_evidence_reference_registry_backfill,Backfilled so field_evidence source reference fo_040_augmented_corporate_linkedin_url is represented in the registry.
fo_040_audit_src_172,fo_040,Laird Norton Wetherby,https://www.google.com/maps/search/?api=1&query=Laird%20Norton%20Wetherby&query_place_id=ChIJ2ZuQQbBqkFQRABHzD_BGa60,google.com,google_or_news,corroborating,third_party_or_regulator,,,https://www.google.com/maps/search/?api=1&query=Laird%20Norton%20Wetherby&query_place_id=ChIJ2ZuQQbBqkFQRABHzD_BGa60,2026-05-18,field_evidence_reference_registry_backfill,Backfilled so field_evidence source reference fo_040_augmented_google_places_phone is represented in the registry.
fo_040_audit_src_173,fo_040,Laird Norton Wetherby,https://adviserinfo.sec.gov/firm/summary/107341,adviserinfo.sec.gov,regulator,primary_or_audit_artifact,third_party_or_regulator,,,https://adviserinfo.sec.gov/firm/summary/107341,2026-05-18,field_evidence_reference_registry_backfill,Backfilled so field_evidence source reference fo_040_augmented_sec_crd_number is represented in the registry.
fo_040_audit_src_174,fo_040,Laird Norton Wetherby,https://reports.adviserinfo.sec.gov/reports/ADV/107341/PDF/107341.pdf,reports.adviserinfo.sec.gov,regulator,primary_or_audit_artifact,third_party_or_regulator,,,https://reports.adviserinfo.sec.gov/reports/ADV/107341/PDF/107341.pdf,2026-05-18,field_evidence_reference_registry_backfill,Backfilled so field_evidence source reference fo_040_augmented_sec_aum_usd is represented in the registry.
fo_040_audit_src_175,fo_040,Laird Norton Wetherby,https://news.google.com/rss/articles/CBMinAFBVV95cUxOTmtLcjIwV1NXWE1vZmJWRUdaVEdvWTkyTUJPaEhuR3NlUXV6OTJDejBlbUk1cWUwV0VZRXFmcExvaXZOdnRidEtnOFkzS0E3WGxHOGRid1pEQlRvZ3dfcVRJMUttVmtjdC1KcS12bEtTd0NKclBVZzJvaXJzS2lxRmxXWkxWbGg1aU1DZXhWM2x4MVd0Z2JUMFZkM1c?oc=5,news.google.com,google_or_news,corroborating,third_party_or_regulator,,,https://news.google.com/rss/articles/CBMinAFBVV95cUxOTmtLcjIwV1NXWE1vZmJWRUdaVEdvWTkyTUJPaEhuR3NlUXV6OTJDejBlbUk1cWUwV0VZRXFmcExvaXZOdnRidEtnOFkzS0E3WGxHOGRid1pEQlRvZ3dfcVRJMUttVmtjdC1KcS12bEtTd0NKclBVZzJvaXJzS2lxRmxXWkxWbGg1aU1DZXhWM2x4MVd0Z2JUMFZkM1c?oc=5,2026-05-18,field_evidence_reference_registry_backfill,Backfilled so field_evidence source reference fo_040_augmented_recent_activity is represented in the registry.
fo_040_audit_src_176,fo_040,Laird Norton Wetherby,reports/methodology_summary.md,,methodology_or_report,primary_or_audit_artifact,local_artifact,,,reports/methodology_summary.md,2026-05-18,field_evidence_reference_registry_backfill,Backfilled so field_evidence source reference fo_040_augmented_data_completion_score_text is represented in the registry.
fo_041_audit_src_177,fo_041,Aspiriant,https://www.linkedin.com/company/aspiriant,linkedin.com,linkedin,corroborating,third_party_or_regulator,,,https://www.linkedin.com/company/aspiriant,2026-05-18,field_evidence_reference_registry_backfill,Backfilled so field_evidence source reference fo_041_augmented_corporate_linkedin_url is represented in the registry.
fo_041_audit_src_178,fo_041,Aspiriant,https://www.google.com/maps/search/?api=1&query=Aspiriant%20Wealth%20Management&query_place_id=ChIJq6wPHHe7woARca1oY_X5QH0,google.com,google_or_news,corroborating,third_party_or_regulator,,,https://www.google.com/maps/search/?api=1&query=Aspiriant%20Wealth%20Management&query_place_id=ChIJq6wPHHe7woARca1oY_X5QH0,2026-05-18,field_evidence_reference_registry_backfill,Backfilled so field_evidence source reference fo_041_augmented_google_places_phone is represented in the registry.
fo_041_audit_src_179,fo_041,Aspiriant,https://adviserinfo.sec.gov/firm/summary/146720,adviserinfo.sec.gov,regulator,primary_or_audit_artifact,third_party_or_regulator,,,https://adviserinfo.sec.gov/firm/summary/146720,2026-05-18,field_evidence_reference_registry_backfill,Backfilled so field_evidence source reference fo_041_augmented_sec_crd_number is represented in the registry.
fo_041_audit_src_180,fo_041,Aspiriant,https://reports.adviserinfo.sec.gov/reports/ADV/146720/PDF/146720.pdf,reports.adviserinfo.sec.gov,regulator,primary_or_audit_artifact,third_party_or_regulator,,,https://reports.adviserinfo.sec.gov/reports/ADV/146720/PDF/146720.pdf,2026-05-18,field_evidence_reference_registry_backfill,Backfilled so field_evidence source reference fo_041_augmented_sec_aum_usd is represented in the registry.
fo_041_audit_src_181,fo_041,Aspiriant,https://news.google.com/rss/articles/CBMinwFBVV95cUxOUFZuclZoT1c5YnBFSW1jb3JPQXRKUmZLQnU5ZjRYRlhvZGdfOF92dFpkcXZnUmhxN3Q1UXB5cHlMMjJucDM2TlZHMEVpY0xmZmc5aWFwYlozOWl4SFZvcHJNNDYwMUxyNkxQT2x6NWRiUHFULU5QM0tYNzhNUS1BTTlsUnBCRjdOcjgwVWpvZnZzeFJRMG5Tc3dyVTFKb0XSAaQBQVVfeXFMT3lFeWd4c2Z0NUdzbWFhSTlFamFhVXRuVW1WRi04bVQ2ZG45MVBqOFBrSFluYXdJemxoN1hsR2dSY3AydndmaUtfWVROdVM3UVdPcnQ4eGIwQTI3VVY5NGJnTndxU213YlVzUUpMVUpFZ2NfZWQtUHdWd3hqSGFpdElZQ2Q5RVUxc0VRWE9pYmtHOTZ1NmE4RGQzbU95WHRmR2VXbm4?oc=5,news.google.com,google_or_news,corroborating,third_party_or_regulator,,,https://news.google.com/rss/articles/CBMinwFBVV95cUxOUFZuclZoT1c5YnBFSW1jb3JPQXRKUmZLQnU5ZjRYRlhvZGdfOF92dFpkcXZnUmhxN3Q1UXB5cHlMMjJucDM2TlZHMEVpY0xmZmc5aWFwYlozOWl4SFZvcHJNNDYwMUxyNkxQT2x6NWRiUHFULU5QM0tYNzhNUS1BTTlsUnBCRjdOcjgwVWpvZnZzeFJRMG5Tc3dyVTFKb0XSAaQBQVVfeXFMT3lFeWd4c2Z0NUdzbWFhSTlFamFhVXRuVW1WRi04bVQ2ZG45MVBqOFBrSFluYXdJemxoN1hsR2dSY3AydndmaUtfWVROdVM3UVdPcnQ4eGIwQTI3VVY5NGJnTndxU213YlVzUUpMVUpFZ2NfZWQtUHdWd3hqSGFpdElZQ2Q5RVUxc0VRWE9pYmtHOTZ1NmE4RGQzbU95WHRmR2VXbm4?oc=5,2026-05-18,field_evidence_reference_registry_backfill,Backfilled so field_evidence source reference fo_041_augmented_recent_activity is represented in the registry.
fo_041_audit_src_182,fo_041,Aspiriant,reports/methodology_summary.md,,methodology_or_report,primary_or_audit_artifact,local_artifact,,,reports/methodology_summary.md,2026-05-18,field_evidence_reference_registry_backfill,Backfilled so field_evidence source reference fo_041_augmented_data_completion_score_text is represented in the registry.
fo_042_audit_src_183,fo_042,Homrich Berg,https://www.linkedin.com/company/hbwealth,linkedin.com,linkedin,corroborating,third_party_or_regulator,,,https://www.linkedin.com/company/hbwealth,2026-05-18,field_evidence_reference_registry_backfill,Backfilled so field_evidence source reference fo_042_augmented_corporate_linkedin_url is represented in the registry.
fo_042_audit_src_184,fo_042,Homrich Berg,https://www.google.com/maps/search/?api=1&query=HB%20Wealth&query_place_id=ChIJzyW_jI4F9YgRhrO-4sa8_9U,google.com,google_or_news,corroborating,third_party_or_regulator,,,https://www.google.com/maps/search/?api=1&query=HB%20Wealth&query_place_id=ChIJzyW_jI4F9YgRhrO-4sa8_9U,2026-05-18,field_evidence_reference_registry_backfill,Backfilled so field_evidence source reference fo_042_augmented_google_places_phone is represented in the registry.
fo_042_audit_src_185,fo_042,Homrich Berg,https://adviserinfo.sec.gov/firm/summary/108189,adviserinfo.sec.gov,regulator,primary_or_audit_artifact,third_party_or_regulator,,,https://adviserinfo.sec.gov/firm/summary/108189,2026-05-18,field_evidence_reference_registry_backfill,Backfilled so field_evidence source reference fo_042_augmented_sec_crd_number is represented in the registry.
fo_042_audit_src_186,fo_042,Homrich Berg,https://reports.adviserinfo.sec.gov/reports/ADV/108189/PDF/108189.pdf,reports.adviserinfo.sec.gov,regulator,primary_or_audit_artifact,third_party_or_regulator,,,https://reports.adviserinfo.sec.gov/reports/ADV/108189/PDF/108189.pdf,2026-05-18,field_evidence_reference_registry_backfill,Backfilled so field_evidence source reference fo_042_augmented_sec_aum_usd is represented in the registry.
fo_042_audit_src_187,fo_042,Homrich Berg,https://news.google.com/rss/articles/CBMitwFBVV95cUxQSWRDclpSMnpMb0hkU1BHWHdGcVVDa1hJSFV1a2dzeEZSU1EwN0dkNWNQaklSVlhYQlNkaFUteTg1cUVZNzFMaTdLUGoyY0pmRk1OR29kbk85R2FYTXdKYnJPel9XMlppajY5TnhGWXR5eTVhSFY4TFB2bkx2NXZXbHJibmFubE5MZzdXcmFseVZPVDFXNndiX0h4aUFMakxqMWhLMmdxUjhGV1B6NzRWbm50TjFodlU?oc=5,news.google.com,google_or_news,corroborating,third_party_or_regulator,,,https://news.google.com/rss/articles/CBMitwFBVV95cUxQSWRDclpSMnpMb0hkU1BHWHdGcVVDa1hJSFV1a2dzeEZSU1EwN0dkNWNQaklSVlhYQlNkaFUteTg1cUVZNzFMaTdLUGoyY0pmRk1OR29kbk85R2FYTXdKYnJPel9XMlppajY5TnhGWXR5eTVhSFY4TFB2bkx2NXZXbHJibmFubE5MZzdXcmFseVZPVDFXNndiX0h4aUFMakxqMWhLMmdxUjhGV1B6NzRWbm50TjFodlU?oc=5,2026-05-18,field_evidence_reference_registry_backfill,Backfilled so field_evidence source reference fo_042_augmented_recent_activity is represented in the registry.
fo_042_audit_src_188,fo_042,Homrich Berg,reports/methodology_summary.md,,methodology_or_report,primary_or_audit_artifact,local_artifact,,,reports/methodology_summary.md,2026-05-18,field_evidence_reference_registry_backfill,Backfilled so field_evidence source reference fo_042_augmented_data_completion_score_text is represented in the registry.
fo_043_audit_src_189,fo_043,Tolleson Wealth Management,https://www.linkedin.com/company/tolleson-wealth-management,linkedin.com,linkedin,corroborating,third_party_or_regulator,,,https://www.linkedin.com/company/tolleson-wealth-management,2026-05-18,field_evidence_reference_registry_backfill,Backfilled so field_evidence source reference fo_043_augmented_corporate_linkedin_url is represented in the registry.
fo_043_audit_src_190,fo_043,Tolleson Wealth Management,https://www.google.com/maps/search/?api=1&query=Tolleson%20Wealth%20Management&query_place_id=ChIJaUho7--eToYRZlLXBOD3CbQ,google.com,google_or_news,corroborating,third_party_or_regulator,,,https://www.google.com/maps/search/?api=1&query=Tolleson%20Wealth%20Management&query_place_id=ChIJaUho7--eToYRZlLXBOD3CbQ,2026-05-18,field_evidence_reference_registry_backfill,Backfilled so field_evidence source reference fo_043_augmented_google_places_phone is represented in the registry.
fo_043_audit_src_191,fo_043,Tolleson Wealth Management,https://adviserinfo.sec.gov/firm/summary/111838,adviserinfo.sec.gov,regulator,primary_or_audit_artifact,third_party_or_regulator,,,https://adviserinfo.sec.gov/firm/summary/111838,2026-05-18,field_evidence_reference_registry_backfill,Backfilled so field_evidence source reference fo_043_augmented_sec_crd_number is represented in the registry.
fo_043_audit_src_192,fo_043,Tolleson Wealth Management,https://reports.adviserinfo.sec.gov/reports/ADV/111838/PDF/111838.pdf,reports.adviserinfo.sec.gov,regulator,primary_or_audit_artifact,third_party_or_regulator,,,https://reports.adviserinfo.sec.gov/reports/ADV/111838/PDF/111838.pdf,2026-05-18,field_evidence_reference_registry_backfill,Backfilled so field_evidence source reference fo_043_augmented_sec_aum_usd is represented in the registry.
fo_043_audit_src_193,fo_043,Tolleson Wealth Management,https://news.google.com/rss/articles/CBMikgFBVV95cUxOM0RHbDZfNXcwTmI3ZGVhR3daMlVOZlcwc0ZqdDQxemtrUjI0ZE04TFp1blJCZkFFMkNKbXVtOHE2OS1DdVNaSnd2NXppN1ZkMXhIM3ZUX3hrS0E4MzRmTVkwZGJTYXFqUjFTVER6Y0Z5bEJNaXZSZzNINTlUUlVwaFhUd2Jldk5mbGMzVnRtZEVGdw?oc=5,news.google.com,google_or_news,corroborating,third_party_or_regulator,,,https://news.google.com/rss/articles/CBMikgFBVV95cUxOM0RHbDZfNXcwTmI3ZGVhR3daMlVOZlcwc0ZqdDQxemtrUjI0ZE04TFp1blJCZkFFMkNKbXVtOHE2OS1DdVNaSnd2NXppN1ZkMXhIM3ZUX3hrS0E4MzRmTVkwZGJTYXFqUjFTVER6Y0Z5bEJNaXZSZzNINTlUUlVwaFhUd2Jldk5mbGMzVnRtZEVGdw?oc=5,2026-05-18,field_evidence_reference_registry_backfill,Backfilled so field_evidence source reference fo_043_augmented_recent_activity is represented in the registry.
fo_043_audit_src_194,fo_043,Tolleson Wealth Management,reports/methodology_summary.md,,methodology_or_report,primary_or_audit_artifact,local_artifact,,,reports/methodology_summary.md,2026-05-18,field_evidence_reference_registry_backfill,Backfilled so field_evidence source reference fo_043_augmented_data_completion_score_text is represented in the registry.
fo_044_audit_src_195,fo_044,Greycourt,https://adviserinfo.sec.gov/firm/summary/111936,adviserinfo.sec.gov,regulator,primary_or_audit_artifact,third_party_or_regulator,,,https://adviserinfo.sec.gov/firm/summary/111936,2026-05-18,field_evidence_reference_registry_backfill,Backfilled so field_evidence source reference fo_044_augmented_sec_crd_number is represented in the registry.
fo_044_audit_src_196,fo_044,Greycourt,https://reports.adviserinfo.sec.gov/reports/ADV/111936/PDF/111936.pdf,reports.adviserinfo.sec.gov,regulator,primary_or_audit_artifact,third_party_or_regulator,,,https://reports.adviserinfo.sec.gov/reports/ADV/111936/PDF/111936.pdf,2026-05-18,field_evidence_reference_registry_backfill,Backfilled so field_evidence source reference fo_044_augmented_sec_aum_usd is represented in the registry.
fo_044_audit_src_197,fo_044,Greycourt,reports/methodology_summary.md,,methodology_or_report,primary_or_audit_artifact,local_artifact,,,reports/methodology_summary.md,2026-05-18,field_evidence_reference_registry_backfill,Backfilled so field_evidence source reference fo_044_augmented_recent_activity_type is represented in the registry.
fo_045_audit_src_198,fo_045,Matter Family Office,https://www.google.com/maps/search/?api=1&query=Matter%20Family%20Office&query_place_id=ChIJ27eF2dXK2IcR4VCNFiXfGzQ,google.com,google_or_news,corroborating,third_party_or_regulator,,,https://www.google.com/maps/search/?api=1&query=Matter%20Family%20Office&query_place_id=ChIJ27eF2dXK2IcR4VCNFiXfGzQ,2026-05-18,field_evidence_reference_registry_backfill,Backfilled so field_evidence source reference fo_045_augmented_google_places_phone is represented in the registry.
fo_045_audit_src_199,fo_045,Matter Family Office,https://adviserinfo.sec.gov/firm/summary/106806,adviserinfo.sec.gov,regulator,primary_or_audit_artifact,third_party_or_regulator,,,https://adviserinfo.sec.gov/firm/summary/106806,2026-05-18,field_evidence_reference_registry_backfill,Backfilled so field_evidence source reference fo_045_augmented_sec_crd_number is represented in the registry.
fo_045_audit_src_200,fo_045,Matter Family Office,https://reports.adviserinfo.sec.gov/reports/ADV/106806/PDF/106806.pdf,reports.adviserinfo.sec.gov,regulator,primary_or_audit_artifact,third_party_or_regulator,,,https://reports.adviserinfo.sec.gov/reports/ADV/106806/PDF/106806.pdf,2026-05-18,field_evidence_reference_registry_backfill,Backfilled so field_evidence source reference fo_045_augmented_sec_aum_usd is represented in the registry.
fo_045_audit_src_201,fo_045,Matter Family Office,https://news.google.com/rss/articles/CBMiuwFBVV95cUxOUjZTamFaT3Y4YUp2M200OHVCeEIwYWw0eW9EYzZIU0JOMEV6VXh1QnJ4WkhpdzVhVF9HM0tDbVZrcWx3MWtCemJqeFN3UmtaV1p4X2cydEc2RUZKTjZfY3ktVWlSWlJIV0V0MjN1cUZzRFBQelZOcVBNRkd6bHVqVE1QZnhXMEE5ancxUzlvNktGS3V1bnJfam9hOW1CSk9fQm43X2J0NndZbWZhYjZ4U3k3TXhSZzk4eFRR?oc=5,news.google.com,google_or_news,corroborating,third_party_or_regulator,,,https://news.google.com/rss/articles/CBMiuwFBVV95cUxOUjZTamFaT3Y4YUp2M200OHVCeEIwYWw0eW9EYzZIU0JOMEV6VXh1QnJ4WkhpdzVhVF9HM0tDbVZrcWx3MWtCemJqeFN3UmtaV1p4X2cydEc2RUZKTjZfY3ktVWlSWlJIV0V0MjN1cUZzRFBQelZOcVBNRkd6bHVqVE1QZnhXMEE5ancxUzlvNktGS3V1bnJfam9hOW1CSk9fQm43X2J0NndZbWZhYjZ4U3k3TXhSZzk4eFRR?oc=5,2026-05-18,field_evidence_reference_registry_backfill,Backfilled so field_evidence source reference fo_045_augmented_recent_activity is represented in the registry.
fo_045_audit_src_202,fo_045,Matter Family Office,reports/methodology_summary.md,,methodology_or_report,primary_or_audit_artifact,local_artifact,,,reports/methodology_summary.md,2026-05-18,field_evidence_reference_registry_backfill,Backfilled so field_evidence source reference fo_045_augmented_data_completion_score_text is represented in the registry.
fo_046_audit_src_203,fo_046,Fiduciary Trust International,https://www.linkedin.com/company/fiduciary-trust-international,linkedin.com,linkedin,corroborating,third_party_or_regulator,,,https://www.linkedin.com/company/fiduciary-trust-international,2026-05-18,field_evidence_reference_registry_backfill,Backfilled so field_evidence source reference fo_046_augmented_corporate_linkedin_url is represented in the registry.
fo_046_audit_src_204,fo_046,Fiduciary Trust International,https://www.google.com/maps/search/?api=1&query=Fiduciary%20Trust%20International&query_place_id=ChIJq-yqTPxYwokRF1vwpSwa9XA,google.com,google_or_news,corroborating,third_party_or_regulator,,,https://www.google.com/maps/search/?api=1&query=Fiduciary%20Trust%20International&query_place_id=ChIJq-yqTPxYwokRF1vwpSwa9XA,2026-05-18,field_evidence_reference_registry_backfill,Backfilled so field_evidence source reference fo_046_augmented_google_places_phone is represented in the registry.
fo_046_audit_src_205,fo_046,Fiduciary Trust International,https://adviserinfo.sec.gov/firm/summary/124062,adviserinfo.sec.gov,regulator,primary_or_audit_artifact,third_party_or_regulator,,,https://adviserinfo.sec.gov/firm/summary/124062,2026-05-18,field_evidence_reference_registry_backfill,Backfilled so field_evidence source reference fo_046_augmented_sec_crd_number is represented in the registry.
fo_046_audit_src_206,fo_046,Fiduciary Trust International,https://reports.adviserinfo.sec.gov/reports/ADV/124062/PDF/124062.pdf,reports.adviserinfo.sec.gov,regulator,primary_or_audit_artifact,third_party_or_regulator,,,https://reports.adviserinfo.sec.gov/reports/ADV/124062/PDF/124062.pdf,2026-05-18,field_evidence_reference_registry_backfill,Backfilled so field_evidence source reference fo_046_augmented_sec_aum_usd is represented in the registry.
fo_046_audit_src_207,fo_046,Fiduciary Trust International,reports/methodology_summary.md,,methodology_or_report,primary_or_audit_artifact,local_artifact,,,reports/methodology_summary.md,2026-05-18,field_evidence_reference_registry_backfill,Backfilled so field_evidence source reference fo_046_augmented_recent_activity_type is represented in the registry.
fo_047_audit_src_208,fo_047,Cerity Partners,https://www.linkedin.com/company/cerity-partners,linkedin.com,linkedin,corroborating,third_party_or_regulator,,,https://www.linkedin.com/company/cerity-partners,2026-05-18,field_evidence_reference_registry_backfill,Backfilled so field_evidence source reference fo_047_augmented_corporate_linkedin_url is represented in the registry.
fo_047_audit_src_209,fo_047,Cerity Partners,https://www.google.com/maps/search/?api=1&query=Cerity%20Partners&query_place_id=ChIJP02Q0atZwokRiurk1o5fBII,google.com,google_or_news,corroborating,third_party_or_regulator,,,https://www.google.com/maps/search/?api=1&query=Cerity%20Partners&query_place_id=ChIJP02Q0atZwokRiurk1o5fBII,2026-05-18,field_evidence_reference_registry_backfill,Backfilled so field_evidence source reference fo_047_augmented_google_places_phone is represented in the registry.
fo_047_audit_src_210,fo_047,Cerity Partners,https://adviserinfo.sec.gov/firm/summary/151559,adviserinfo.sec.gov,regulator,primary_or_audit_artifact,third_party_or_regulator,,,https://adviserinfo.sec.gov/firm/summary/151559,2026-05-18,field_evidence_reference_registry_backfill,Backfilled so field_evidence source reference fo_047_augmented_sec_crd_number is represented in the registry.
fo_047_audit_src_211,fo_047,Cerity Partners,https://reports.adviserinfo.sec.gov/reports/ADV/151559/PDF/151559.pdf,reports.adviserinfo.sec.gov,regulator,primary_or_audit_artifact,third_party_or_regulator,,,https://reports.adviserinfo.sec.gov/reports/ADV/151559/PDF/151559.pdf,2026-05-18,field_evidence_reference_registry_backfill,Backfilled so field_evidence source reference fo_047_augmented_sec_aum_usd is represented in the registry.
fo_047_audit_src_212,fo_047,Cerity Partners,https://news.google.com/rss/articles/CBMiiwFBVV95cUxPeXl2MnlUNTR3Q3VsOFVrUkpBbW9yRTFNbl8tajdUVXp6QlJXZHJ6VmZYckNycDVnVW41clN0TGlYamJramRNV1VZbDVpWVpGSzFnb0cxWkZLWHdocG9kSERHZmxSYzdhSkc2U1ZyVFdVeG1EUzJGd2Jvekg5N3hOazZaanhxYWZha2dV?oc=5,news.google.com,google_or_news,corroborating,third_party_or_regulator,,,https://news.google.com/rss/articles/CBMiiwFBVV95cUxPeXl2MnlUNTR3Q3VsOFVrUkpBbW9yRTFNbl8tajdUVXp6QlJXZHJ6VmZYckNycDVnVW41clN0TGlYamJramRNV1VZbDVpWVpGSzFnb0cxWkZLWHdocG9kSERHZmxSYzdhSkc2U1ZyVFdVeG1EUzJGd2Jvekg5N3hOazZaanhxYWZha2dV?oc=5,2026-05-18,field_evidence_reference_registry_backfill,Backfilled so field_evidence source reference fo_047_augmented_recent_activity is represented in the registry.
fo_047_audit_src_213,fo_047,Cerity Partners,reports/methodology_summary.md,,methodology_or_report,primary_or_audit_artifact,local_artifact,,,reports/methodology_summary.md,2026-05-18,field_evidence_reference_registry_backfill,Backfilled so field_evidence source reference fo_047_augmented_data_completion_score_text is represented in the registry.
fo_048_audit_src_214,fo_048,Whittier Trust,https://www.linkedin.com/company/whittier-trust-company,linkedin.com,linkedin,corroborating,third_party_or_regulator,,,https://www.linkedin.com/company/whittier-trust-company,2026-05-18,field_evidence_reference_registry_backfill,Backfilled so field_evidence source reference fo_048_augmented_corporate_linkedin_url is represented in the registry.
fo_048_audit_src_215,fo_048,Whittier Trust,https://www.google.com/maps/search/?api=1&query=Whittier%20Trust&query_place_id=ChIJwxsyrvHEwoARo-FB-DwZQNw,google.com,google_or_news,corroborating,third_party_or_regulator,,,https://www.google.com/maps/search/?api=1&query=Whittier%20Trust&query_place_id=ChIJwxsyrvHEwoARo-FB-DwZQNw,2026-05-18,field_evidence_reference_registry_backfill,Backfilled so field_evidence source reference fo_048_augmented_google_places_category is represented in the registry.
fo_048_audit_src_216,fo_048,Whittier Trust,data/evidence/sec_iapd_2026_05_17/fo_048.json,,local_evidence_artifact,primary_or_audit_artifact,local_artifact,,,data/evidence/sec_iapd_2026_05_17/fo_048.json,2026-05-18,field_evidence_reference_registry_backfill,Backfilled so field_evidence source reference fo_048_augmented_sec_registered is represented in the registry.
fo_048_audit_src_217,fo_048,Whittier Trust,https://news.google.com/rss/articles/CBMivwFBVV95cUxPOXRJWmVaakdWQTA3X1h3YmkzLVBnclZ2cF82NXhpb01nYjlDWXZjVVRzZUc2WUY0MWtrT1pfN2NnM0xxUDZHYVNhUFpYOUo3OVoxSzdZX0RDbkM1YW1TQjM1akNDUTdoZzdqVkxiMkx6ekdSeUhDRVp3UEVMSHUyQ2RIRm1oNXRzZjdEeVR5dnZhbDhFa01kTkE1UGY1RV96b0NYWHg1VFRpMThXdFFCdDZ2eXV5U1VNMVN3b2lrcw?oc=5,news.google.com,google_or_news,corroborating,third_party_or_regulator,,,https://news.google.com/rss/articles/CBMivwFBVV95cUxPOXRJWmVaakdWQTA3X1h3YmkzLVBnclZ2cF82NXhpb01nYjlDWXZjVVRzZUc2WUY0MWtrT1pfN2NnM0xxUDZHYVNhUFpYOUo3OVoxSzdZX0RDbkM1YW1TQjM1akNDUTdoZzdqVkxiMkx6ekdSeUhDRVp3UEVMSHUyQ2RIRm1oNXRzZjdEeVR5dnZhbDhFa01kTkE1UGY1RV96b0NYWHg1VFRpMThXdFFCdDZ2eXV5U1VNMVN3b2lrcw?oc=5,2026-05-18,field_evidence_reference_registry_backfill,Backfilled so field_evidence source reference fo_048_augmented_recent_activity is represented in the registry.
fo_048_audit_src_218,fo_048,Whittier Trust,reports/methodology_summary.md,,methodology_or_report,primary_or_audit_artifact,local_artifact,,,reports/methodology_summary.md,2026-05-18,field_evidence_reference_registry_backfill,Backfilled so field_evidence source reference fo_048_augmented_data_completion_score_text is represented in the registry.
fo_049_audit_src_219,fo_049,Silvercrest Asset Management,https://www.google.com/maps/search/?api=1&query=Silvercrest%20Asset%20Management&query_place_id=ChIJm6LRoflYwokRtPFB4ZRn_t4,google.com,google_or_news,corroborating,third_party_or_regulator,,,https://www.google.com/maps/search/?api=1&query=Silvercrest%20Asset%20Management&query_place_id=ChIJm6LRoflYwokRtPFB4ZRn_t4,2026-05-18,field_evidence_reference_registry_backfill,Backfilled so field_evidence source reference fo_049_augmented_google_places_phone is represented in the registry.
fo_049_audit_src_220,fo_049,Silvercrest Asset Management,https://adviserinfo.sec.gov/firm/summary/118333,adviserinfo.sec.gov,regulator,primary_or_audit_artifact,third_party_or_regulator,,,https://adviserinfo.sec.gov/firm/summary/118333,2026-05-18,field_evidence_reference_registry_backfill,Backfilled so field_evidence source reference fo_049_augmented_sec_crd_number is represented in the registry.
fo_049_audit_src_221,fo_049,Silvercrest Asset Management,https://reports.adviserinfo.sec.gov/reports/ADV/118333/PDF/118333.pdf,reports.adviserinfo.sec.gov,regulator,primary_or_audit_artifact,third_party_or_regulator,,,https://reports.adviserinfo.sec.gov/reports/ADV/118333/PDF/118333.pdf,2026-05-18,field_evidence_reference_registry_backfill,Backfilled so field_evidence source reference fo_049_augmented_sec_aum_usd is represented in the registry.
fo_049_audit_src_222,fo_049,Silvercrest Asset Management,reports/methodology_summary.md,,methodology_or_report,primary_or_audit_artifact,local_artifact,,,reports/methodology_summary.md,2026-05-18,field_evidence_reference_registry_backfill,Backfilled so field_evidence source reference fo_049_augmented_recent_activity_type is represented in the registry.
fo_050_audit_src_223,fo_050,Wren Investment Office,https://www.linkedin.com/company/wren-investment-office,linkedin.com,linkedin,corroborating,third_party_or_regulator,,,https://www.linkedin.com/company/wren-investment-office,2026-05-18,field_evidence_reference_registry_backfill,Backfilled so field_evidence source reference fo_050_augmented_corporate_linkedin_url is represented in the registry.
fo_050_audit_src_224,fo_050,Wren Investment Office,https://www.google.com/maps/search/?api=1&query=Wren%20Investment%20Office&query_place_id=ChIJQ4uiSd8EdkgRqLIzqpjlK-k,google.com,google_or_news,corroborating,third_party_or_regulator,,,https://www.google.com/maps/search/?api=1&query=Wren%20Investment%20Office&query_place_id=ChIJQ4uiSd8EdkgRqLIzqpjlK-k,2026-05-18,field_evidence_reference_registry_backfill,Backfilled so field_evidence source reference fo_050_augmented_google_places_phone is represented in the registry.
fo_050_audit_src_225,fo_050,Wren Investment Office,data/evidence/sec_iapd_2026_05_17/fo_050.json,,local_evidence_artifact,primary_or_audit_artifact,local_artifact,,,data/evidence/sec_iapd_2026_05_17/fo_050.json,2026-05-18,field_evidence_reference_registry_backfill,Backfilled so field_evidence source reference fo_050_augmented_sec_registered is represented in the registry.
fo_050_audit_src_226,fo_050,Wren Investment Office,reports/methodology_summary.md,,methodology_or_report,primary_or_audit_artifact,local_artifact,,,reports/methodology_summary.md,2026-05-18,field_evidence_reference_registry_backfill,Backfilled so field_evidence source reference fo_050_augmented_recent_activity_type is represented in the registry.
